/*
Navicat MySQL Data Transfer

Source Server         : local-server
Source Server Version : 50703
Source Host           : 127.0.0.1:3306
Source Database       : baihua

Target Server Type    : MYSQL
Target Server Version : 50703
File Encoding         : 65001

Date: 2018-12-20 23:09:15
*/

SET FOREIGN_KEY_CHECKS=0;

-- ----------------------------
-- Table structure for bas_ad
-- ----------------------------
DROP TABLE IF EXISTS `bas_ad`;
CREATE TABLE `bas_ad` (
  `id` bigint(20) NOT NULL AUTO_INCREMENT COMMENT '编号',
  `name` text COMMENT '名称',
  `image` varchar(50) DEFAULT NULL COMMENT '图片',
  `pos_id` bigint(20) DEFAULT NULL COMMENT '广告位编号',
  `pos_name` varchar(20) DEFAULT NULL COMMENT '广告位名称',
  `terminal` smallint(6) DEFAULT NULL COMMENT '端 1 医生 2 患者',
  `status` smallint(6) DEFAULT NULL COMMENT '状态 1 显示 0 隐藏',
  `gmt_create` datetime DEFAULT NULL COMMENT '创建时间',
  `gmt_modified` datetime DEFAULT NULL COMMENT '修改时间',
  `is_del` tinyint(4) DEFAULT NULL COMMENT '删除状态 1 已删除 0 正常',
  PRIMARY KEY (`id`)
) ENGINE=InnoDB AUTO_INCREMENT=2 DEFAULT CHARSET=utf8mb4 COMMENT='广告';

-- ----------------------------
-- Records of bas_ad
-- ----------------------------
INSERT INTO `bas_ad` VALUES ('1', '首页封面', '', '1', '首页广告', '2', '1', '2018-12-14 13:05:46', '2018-12-14 13:05:46', '0');

-- ----------------------------
-- Table structure for bas_ad_position
-- ----------------------------
DROP TABLE IF EXISTS `bas_ad_position`;
CREATE TABLE `bas_ad_position` (
  `id` bigint(20) NOT NULL AUTO_INCREMENT COMMENT '编号',
  `name` varchar(20) DEFAULT NULL COMMENT '名称',
  `image_proportion` varchar(10) DEFAULT NULL COMMENT '图片比例',
  `gmt_create` datetime DEFAULT NULL COMMENT '创建时间',
  `gmt_modified` datetime DEFAULT NULL COMMENT '修改时间',
  `is_del` tinyint(4) DEFAULT NULL COMMENT '删除状态 1 已删除 0 正常',
  PRIMARY KEY (`id`)
) ENGINE=InnoDB AUTO_INCREMENT=2 DEFAULT CHARSET=utf8mb4 COMMENT='广告位';

-- ----------------------------
-- Records of bas_ad_position
-- ----------------------------
INSERT INTO `bas_ad_position` VALUES ('1', '首页广告', '2:1', '2018-12-14 13:02:33', '2018-12-14 13:02:33', '0');

-- ----------------------------
-- Table structure for bas_dictionary
-- ----------------------------
DROP TABLE IF EXISTS `bas_dictionary`;
CREATE TABLE `bas_dictionary` (
  `id` bigint(20) NOT NULL AUTO_INCREMENT COMMENT '编号',
  `name` varchar(20) DEFAULT NULL COMMENT '名称',
  `group_id` bigint(20) DEFAULT NULL COMMENT '所属条目编号 为0表示组',
  `gmt_create` datetime DEFAULT NULL COMMENT '创建时间',
  `gmt_modified` datetime DEFAULT NULL COMMENT '修改时间',
  `is_del` tinyint(4) DEFAULT NULL COMMENT '删除状态 1 已删除 0 正常',
  PRIMARY KEY (`id`)
) ENGINE=InnoDB AUTO_INCREMENT=15 DEFAULT CHARSET=utf8mb4 COMMENT='字典';

-- ----------------------------
-- Records of bas_dictionary
-- ----------------------------
INSERT INTO `bas_dictionary` VALUES ('1', '睡眠增加', '1', '2018-12-14 12:23:42', '2018-12-14 12:23:42', '0');
INSERT INTO `bas_dictionary` VALUES ('2', '睡眠正常', '1', '2018-12-14 12:23:42', '2018-12-14 12:23:42', '0');
INSERT INTO `bas_dictionary` VALUES ('3', '轻度失眠', '1', '2018-12-14 12:23:42', '2018-12-14 12:23:42', '0');
INSERT INTO `bas_dictionary` VALUES ('4', '严重失眠', '1', '2018-12-14 12:23:42', '2018-12-14 12:23:42', '0');
INSERT INTO `bas_dictionary` VALUES ('5', '其他', '1', '2018-12-14 12:23:42', '2018-12-14 12:23:42', '0');
INSERT INTO `bas_dictionary` VALUES ('6', '食欲很好', '2', '2018-12-14 12:25:04', '2018-12-14 12:25:04', '0');
INSERT INTO `bas_dictionary` VALUES ('7', '食欲一般', '2', '2018-12-14 12:25:04', '2018-12-14 12:25:04', '0');
INSERT INTO `bas_dictionary` VALUES ('8', '食欲下降', '2', '2018-12-14 12:25:04', '2018-12-14 12:25:04', '0');
INSERT INTO `bas_dictionary` VALUES ('9', '没有食欲', '2', '2018-12-14 12:25:04', '2018-12-14 12:25:04', '0');
INSERT INTO `bas_dictionary` VALUES ('10', '其他', '2', '2018-12-14 12:25:04', '2018-12-14 12:25:04', '0');
INSERT INTO `bas_dictionary` VALUES ('11', '住院医师', '3', '2018-12-14 17:04:48', '2018-12-14 17:04:48', '0');
INSERT INTO `bas_dictionary` VALUES ('12', '主治医师', '3', '2018-12-14 17:04:58', '2018-12-14 17:04:58', '0');
INSERT INTO `bas_dictionary` VALUES ('13', '副主任医师', '3', '2018-12-14 17:05:13', '2018-12-14 17:05:13', '0');
INSERT INTO `bas_dictionary` VALUES ('14', '主任医师', '3', '2018-12-14 17:05:39', '2018-12-14 17:05:39', '0');

-- ----------------------------
-- Table structure for bas_disease_category
-- ----------------------------
DROP TABLE IF EXISTS `bas_disease_category`;
CREATE TABLE `bas_disease_category` (
  `id` bigint(20) NOT NULL AUTO_INCREMENT COMMENT '编号',
  `name` varchar(50) DEFAULT NULL COMMENT '名称',
  `describe` varchar(200) DEFAULT NULL COMMENT '描述',
  `p_id` bigint(20) DEFAULT NULL COMMENT '父级编号',
  `p_name` varchar(50) DEFAULT NULL COMMENT '父级名称',
  `p_ids` varchar(20) DEFAULT NULL COMMENT '所有父级编号，从下而上以,分割',
  `p_names` varchar(200) DEFAULT NULL COMMENT '所有父级名称，从下而上以,分割',
  `gmt_create` datetime DEFAULT NULL COMMENT '创建时间',
  `gmt_modified` datetime DEFAULT NULL COMMENT '修改时间',
  `is_del` tinyint(4) DEFAULT NULL COMMENT '删除状态 1 已删除 0 正常',
  PRIMARY KEY (`id`)
) ENGINE=InnoDB DEFAULT CHARSET=utf8mb4 COMMENT='疾病分类';

-- ----------------------------
-- Records of bas_disease_category
-- ----------------------------

-- ----------------------------
-- Table structure for bas_health_examination
-- ----------------------------
DROP TABLE IF EXISTS `bas_health_examination`;
CREATE TABLE `bas_health_examination` (
  `id` bigint(20) NOT NULL AUTO_INCREMENT COMMENT '编号',
  `name` varchar(10) DEFAULT NULL COMMENT '名称',
  `price` decimal(10,2) DEFAULT NULL COMMENT '价格',
  `sort` smallint(6) DEFAULT NULL COMMENT '序列',
  `gmt_create` datetime DEFAULT NULL COMMENT '创建时间',
  `gmt_modified` datetime DEFAULT NULL COMMENT '修改时间',
  `is_del` tinyint(4) DEFAULT NULL COMMENT '删除状态 1 已删除 0 正常',
  PRIMARY KEY (`id`)
) ENGINE=InnoDB AUTO_INCREMENT=6 DEFAULT CHARSET=utf8mb4 COMMENT='检查';

-- ----------------------------
-- Records of bas_health_examination
-- ----------------------------
INSERT INTO `bas_health_examination` VALUES ('1', '口腔检查', '25.00', '1', '2018-12-14 16:47:18', '2018-12-14 16:47:18', '0');
INSERT INTO `bas_health_examination` VALUES ('2', '血常规检查', '30.00', '2', '2018-12-14 16:47:48', '2018-12-14 16:47:48', '0');
INSERT INTO `bas_health_examination` VALUES ('3', '病毒检查', '55.00', '3', '2018-12-14 16:48:19', '2018-12-14 16:48:19', '0');
INSERT INTO `bas_health_examination` VALUES ('4', '微量元素检查', '35.00', '4', '2018-12-14 16:48:44', '2018-12-14 16:48:44', '0');
INSERT INTO `bas_health_examination` VALUES ('5', '心电图检查', '105.00', '5', '2018-12-14 16:49:02', '2018-12-14 16:49:02', '0');

-- ----------------------------
-- Table structure for bas_hospital
-- ----------------------------
DROP TABLE IF EXISTS `bas_hospital`;
CREATE TABLE `bas_hospital` (
  `id` bigint(20) NOT NULL AUTO_INCREMENT COMMENT '编号',
  `name` varchar(100) DEFAULT NULL COMMENT '名称',
  `address` varchar(100) DEFAULT NULL COMMENT '地址',
  `total_amount` decimal(10,2) DEFAULT NULL COMMENT '总流水',
  `gmt_create` datetime DEFAULT NULL COMMENT '创建时间',
  `gmt_modified` datetime DEFAULT NULL COMMENT '修改时间',
  `is_del` tinyint(4) DEFAULT NULL COMMENT '删除状态 1 已删除 0 正常',
  PRIMARY KEY (`id`)
) ENGINE=InnoDB AUTO_INCREMENT=2 DEFAULT CHARSET=utf8mb4 COMMENT='医院';

-- ----------------------------
-- Records of bas_hospital
-- ----------------------------
INSERT INTO `bas_hospital` VALUES ('1', '西京医院', '陕西省西安市新城区长乐西路127号', '0.00', '2018-12-14 16:25:53', '2018-12-14 16:25:55', '0');

-- ----------------------------
-- Table structure for bas_office
-- ----------------------------
DROP TABLE IF EXISTS `bas_office`;
CREATE TABLE `bas_office` (
  `id` bigint(20) NOT NULL AUTO_INCREMENT COMMENT '编号',
  `name` varchar(100) DEFAULT NULL COMMENT '名称',
  `gmt_create` datetime DEFAULT NULL COMMENT '创建时间',
  `gmt_modified` datetime DEFAULT NULL COMMENT '修改时间',
  `is_del` tinyint(4) DEFAULT NULL COMMENT '删除状态 1 已删除 0 正常',
  PRIMARY KEY (`id`)
) ENGINE=InnoDB AUTO_INCREMENT=3 DEFAULT CHARSET=utf8mb4 COMMENT='科室';

-- ----------------------------
-- Records of bas_office
-- ----------------------------
INSERT INTO `bas_office` VALUES ('1', '血液科', '2018-12-14 16:27:04', '2018-12-14 16:27:07', '0');
INSERT INTO `bas_office` VALUES ('2', '骨科', '2018-12-14 16:27:04', '2018-12-14 16:27:07', '0');

-- ----------------------------
-- Table structure for ser_adept
-- ----------------------------
DROP TABLE IF EXISTS `ser_adept`;
CREATE TABLE `ser_adept` (
  `id` bigint(20) NOT NULL AUTO_INCREMENT COMMENT '编号',
  `name` varchar(20) DEFAULT NULL COMMENT '名称',
  `describe` varchar(100) DEFAULT NULL COMMENT '描述',
  `ordered` smallint(6) DEFAULT NULL COMMENT '排序',
  `doc_id` bigint(20) DEFAULT NULL COMMENT '医生编号',
  `gmt_create` datetime DEFAULT NULL COMMENT '创建时间',
  `gmt_modified` datetime DEFAULT NULL COMMENT '修改时间',
  `is_del` tinyint(4) DEFAULT NULL COMMENT '删除状态 1 已删除 0 正常',
  PRIMARY KEY (`id`)
) ENGINE=InnoDB AUTO_INCREMENT=1075598187751825412 DEFAULT CHARSET=utf8mb4 COMMENT='擅长领域';

-- ----------------------------
-- Records of ser_adept
-- ----------------------------
INSERT INTO `ser_adept` VALUES ('1', '咳嗽', '过敏性咳嗽', '1', '1', '2018-12-17 11:42:22', '2018-12-19 11:42:24', '0');
INSERT INTO `ser_adept` VALUES ('1074945531869995010', '癌症', '癌症解决方案', '1', '1074945507131990017', '2018-12-18 16:32:41', '2018-12-18 16:32:41', '0');
INSERT INTO `ser_adept` VALUES ('1075200406377771009', '擅长1', '擅长1的内容', '1', '1075200406356799490', '2018-12-19 09:25:28', '2018-12-19 09:25:28', '0');
INSERT INTO `ser_adept` VALUES ('1075200406390353921', '擅长2', '擅长2的内容', '2', '1075200406356799490', '2018-12-19 09:25:28', '2018-12-19 09:25:28', '0');
INSERT INTO `ser_adept` VALUES ('1075200406390353922', '擅长3', '擅长3的内容', '3', '1075200406356799490', '2018-12-19 09:25:28', '2018-12-19 09:25:28', '0');
INSERT INTO `ser_adept` VALUES ('1075308390999191553', '骨折', '专治各种骨折', '1', '1075308390965637121', '2018-12-19 16:34:33', '2018-12-19 16:34:33', '0');
INSERT INTO `ser_adept` VALUES ('1075308391015968770', '颈椎', '颈椎专治', '2', '1075308390965637121', '2018-12-19 16:34:33', '2018-12-19 16:34:33', '0');
INSERT INTO `ser_adept` VALUES ('1075308391024357377', '骨髓', '骨髓移植', '3', '1075308390965637121', '2018-12-19 16:34:33', '2018-12-19 16:34:33', '0');
INSERT INTO `ser_adept` VALUES ('1075318232275013634', '伤心', '伤心小剑', '1', '1075318232237264898', '2018-12-19 17:13:40', '2018-12-19 17:13:40', '0');
INSERT INTO `ser_adept` VALUES ('1075318232287596546', '水龙吟', '水龙吟', '2', '1075318232237264898', '2018-12-19 17:13:40', '2018-12-19 17:13:40', '0');
INSERT INTO `ser_adept` VALUES ('1075318232287596547', '不算子', '不算子', '3', '1075318232237264898', '2018-12-19 17:13:40', '2018-12-19 17:13:40', '0');
INSERT INTO `ser_adept` VALUES ('1075336264795926529', '擅长', '描述', '1', '1075336264762372097', '2018-12-19 18:25:19', '2018-12-19 18:25:19', '0');

-- ----------------------------
-- Table structure for ser_cash_flow
-- ----------------------------
DROP TABLE IF EXISTS `ser_cash_flow`;
CREATE TABLE `ser_cash_flow` (
  `id` bigint(20) NOT NULL AUTO_INCREMENT COMMENT '编号',
  `amount` decimal(10,2) DEFAULT NULL COMMENT '金额',
  `type` smallint(6) DEFAULT NULL COMMENT '付款方式 1 微信 2 支付宝',
  `reg_id` bigint(20) DEFAULT NULL COMMENT '挂号编号',
  `hos_id` bigint(20) DEFAULT NULL COMMENT '医院编号',
  `pat_id` bigint(20) DEFAULT NULL COMMENT '患者编号',
  `doc_id` bigint(20) DEFAULT NULL COMMENT '医生编号',
  `third_id` varchar(100) DEFAULT NULL COMMENT '第三方支付编号',
  `gmt_create` datetime DEFAULT NULL COMMENT '创建时间',
  `is_del` tinyint(4) DEFAULT NULL COMMENT '删除状态 1 已删除 0 正常',
  PRIMARY KEY (`id`)
) ENGINE=InnoDB AUTO_INCREMENT=2 DEFAULT CHARSET=utf8mb4 COMMENT='现金流水';

-- ----------------------------
-- Records of ser_cash_flow
-- ----------------------------
INSERT INTO `ser_cash_flow` VALUES ('1', '100.00', '1', '1074570494281281537', null, '1073470460110368769', '1', '1', '2018-12-17 16:36:01', '0');

-- ----------------------------
-- Table structure for ser_comment
-- ----------------------------
DROP TABLE IF EXISTS `ser_comment`;
CREATE TABLE `ser_comment` (
  `id` bigint(20) NOT NULL AUTO_INCREMENT COMMENT '编号',
  `content` varchar(300) DEFAULT NULL COMMENT '评论内容',
  `patient_id` bigint(20) DEFAULT NULL COMMENT '评论人',
  `patient_photo` varchar(300) DEFAULT NULL COMMENT '评论人照片',
  `patient_account` varchar(20) DEFAULT NULL COMMENT '评论人账号',
  `doctor_id` bigint(20) DEFAULT NULL COMMENT '医生编号',
  `reg_id` bigint(20) DEFAULT NULL COMMENT '挂号编号',
  `status` smallint(6) DEFAULT NULL COMMENT '审核状态 1 未审核 2 已通过 3 拒绝',
  `gmt_create` datetime DEFAULT NULL COMMENT '创建时间',
  `gmt_modified` datetime DEFAULT NULL COMMENT '修改时间',
  `is_del` tinyint(4) DEFAULT NULL COMMENT '删除状态 1 已删除 0 正常',
  PRIMARY KEY (`id`)
) ENGINE=InnoDB AUTO_INCREMENT=1075301192214532099 DEFAULT CHARSET=utf8mb4 COMMENT='评论';

-- ----------------------------
-- Records of ser_comment
-- ----------------------------
INSERT INTO `ser_comment` VALUES ('1', '很好', '1073498376609280002', '', '13474370876', '1', null, '2', '2018-12-17 09:30:19', '2018-12-17 09:30:22', '0');
INSERT INTO `ser_comment` VALUES ('1075295799123922946', '医生非常好', '1074487974525190145', 'http://192.168.2.96:8080/files/1545200199736/201812191416350.png', '15596679811', '1', '1074930328554041346', null, '2018-12-19 15:44:31', '2018-12-19 15:44:31', '0');
INSERT INTO `ser_comment` VALUES ('1075297763027079169', '你明明知道自己是一个月一个月多少钱？，。，。，。，。，。，。，。，。，。，。，。，。，。我就给他们了。？。？。？。？', '1074487974525190145', 'http://192.168.2.96:8080/files/1545200199736/201812191416350.png', '15596679811', '1', '1074851153503653889', null, '2018-12-19 15:52:19', '2018-12-19 15:52:19', '0');
INSERT INTO `ser_comment` VALUES ('1075301043471929345', '你你弄好的时候你也不能陪我了吧！，。，我就给她了一个多小时吧好不好？！？！我的电话给我发过来我看看你照片感觉自己的路了啊，！？！我是不会告诉你的那个手机上的人都知道你现在在干嘛呀我的电话，？！？。！？！？我就办理入职体检了吧0', '1074487974525190145', 'http://192.168.2.96:8080/files/1545200199736/201812191416350.png', '15596679811', '1', '1074913163696181249', null, '2018-12-19 16:05:22', '2018-12-19 16:05:22', '0');
INSERT INTO `ser_comment` VALUES ('1075301192214532098', 'KKK哈哈哈哈哈哈哈哈哈哈哈啊哈哈哈哈哈哈哈哈哈嗝屁哦我以为是你自己的问题是你自己做的不好意思啊我是你的小迷妹啊！。？。？。！我就有时间', '1074487974525190145', 'http://192.168.2.96:8080/files/1545200199736/201812191416350.png', '15596679811', '1', '1074913163696181249', null, '2018-12-19 16:05:57', '2018-12-19 16:05:57', '0');

-- ----------------------------
-- Table structure for ser_inquiry
-- ----------------------------
DROP TABLE IF EXISTS `ser_inquiry`;
CREATE TABLE `ser_inquiry` (
  `id` bigint(20) NOT NULL AUTO_INCREMENT COMMENT '编号',
  `name` varchar(50) DEFAULT NULL COMMENT '名称',
  `gender` tinyint(4) DEFAULT NULL COMMENT '性别:1 男 0 女',
  `age` smallint(6) DEFAULT NULL COMMENT '年龄',
  `phone` varchar(20) DEFAULT NULL COMMENT '电话',
  `blood_type` smallint(6) DEFAULT NULL COMMENT '血型',
  `diet` smallint(6) DEFAULT NULL COMMENT '饮食',
  `sleep` smallint(6) DEFAULT NULL COMMENT '睡眠',
  `character_describe` varchar(500) DEFAULT NULL COMMENT '文字描述',
  `voice_describe` text COMMENT '语音描述',
  `image` varchar(500) DEFAULT NULL COMMENT '照片',
  `patient_id` bigint(20) DEFAULT NULL COMMENT '患者编号',
  `doctor_id` bigint(20) DEFAULT NULL COMMENT '医生编号',
  `response` varchar(500) DEFAULT NULL COMMENT '诊断结果',
  `advice` varchar(100) DEFAULT NULL COMMENT '医嘱',
  `exa_ids` varchar(20) DEFAULT NULL COMMENT '检查项编号 以,隔开',
  `exa_content` varchar(500) DEFAULT NULL COMMENT '检查项内容 (json)',
  `exa_fee` decimal(10,2) DEFAULT NULL COMMENT '检查总价',
  `status` smallint(6) DEFAULT NULL COMMENT '问诊状态 1 等待抢单 2 已抢单 3 已回复',
  `gmt_create` datetime DEFAULT NULL COMMENT '创建时间',
  `gmt_modified` datetime DEFAULT NULL COMMENT '修改时间',
  `is_del` tinyint(4) DEFAULT NULL COMMENT '删除状态 1 已删除 0 正常',
  PRIMARY KEY (`id`)
) ENGINE=InnoDB AUTO_INCREMENT=1075651118391959554 DEFAULT CHARSET=utf8mb4 COMMENT='问诊';

-- ----------------------------
-- Records of ser_inquiry
-- ----------------------------
INSERT INTO `ser_inquiry` VALUES ('1073488603566346241', 'sdfsd', '2', '12', '18502940483', null, '1', '1', 'sdf', 'fdsf', 'sdfd', '1073470460110368769', '1075200406356799490', null, null, null, null, null, '2', '2018-12-14 16:03:22', '2018-12-14 16:03:22', '0');
INSERT INTO `ser_inquiry` VALUES ('1073489553941114882', 'sdfsd', '2', '12', '18502940483', null, '1', '1', 'sdf', '', 'sdfd', '1073470460110368769', '1075200406356799490', null, null, null, null, null, '2', '2018-12-14 16:07:09', '2018-12-14 16:07:09', '0');
INSERT INTO `ser_inquiry` VALUES ('1073521292302397442', '赵冬冬', '0', '28', '18502940483', null, '1', '1', '哈哈', '', '/sdfds', '1073503060334030850', '1075200406356799490', '心情好', '好好喝水', '1,2,3,4,5', null, '500.00', '2', '2018-12-14 18:13:16', '2018-12-14 18:13:16', '0');
INSERT INTO `ser_inquiry` VALUES ('1074577730412011522', '韩梅梅', '0', '5', '13259772966', null, '7', '3', '身体不舒服，全身不舒服，，，身体不舒服，全身不舒服，，，身体不舒服，全身不舒服，，，身体不舒服，全身不舒服，，，身体不舒服，全身不舒服，，，，身体不舒服，全身不舒服，，，，身体不舒服，全身不舒服，，，，身体不舒服，全身不舒服', '', '', '1074487974525190145', '1075200406356799490', null, null, null, null, null, '2', '2018-12-17 16:11:10', '2018-12-17 16:11:10', '0');
INSERT INTO `ser_inquiry` VALUES ('1074594403449851905', '白诗诗', '0', '5', '13474370876', null, '1', '1', '发烧，咳嗽', '', '', '1073503060334030850', '1075200406356799490', null, null, null, null, null, '2', '2018-12-17 17:17:25', '2018-12-17 17:17:25', '0');
INSERT INTO `ser_inquiry` VALUES ('1074607135213510657', '李明', '0', '5', '15596679811', null, '8', '4', '抵偿，，，，，，，抵偿，，，，，，，抵偿，，，，，，，，抵偿，，，，', '/+NARAAAAAAAAAAAAAAAAAAAAAAAAAAAAAAAAAAAAAAAAAAAAAAAAAAAAAAAAAAA\r\nAAAAAAAAAAAAAAAAAAAAAAAAAAAAAAAAAAAAAAAAAAAAAAAAAAAAAAAAAAAAAAAA\r\nAAAAAAAAAAAAAAAAAAAAAAAAAAAAAAAAAAAAAAAAAAAAAAAAAAAAAAAAAAAAAAAA\r\nAAAAAAAAAAAAAAAAAAAAAAAAAAAAAAAAAAAAAAAAAAAAAAAAAAAAAAAAAAAAAAAA\r\nAAAAAAAAAAAAAAAAAAAAAP/jEGQAAAABpAAAAAAAAANIAAAAAP+pYrS//lgGGMsl\r\n/+im65sM1DkqEXDfBQgM8Em8OYP/4xBkHwAAAf4AoAAAAAADSAFAAADQlIJyDuDy\r\nCT/MCUJMYcpiVDvAm4khV+mpAwLh4fBc/+NwZD4WFgseAMw0AAAAA0gBgAAAIxOJ\r\nUOT/JRBBy4gyYxDIc41i6OD/puSiCCFzQkB9QE0Ky+PAumP/6boIILN6aboD4cJ7\r\nmo7x8I5RHwkS9//0KGmnNGpp03UO0nnC6aHS4SrmhubF////eggg+yb79NTD8XUD\r\nArOF81JFzYzOmCZocMEi6qYBRa7LbbbNdjv4uYWHqSFC4FuJ+KFmISnixsgqjVsr\r\nU5VyiO3g9Zbh8qRCkmrVMzNS7YFaSA/TKJKPQbp8rCgq6ioU9Z3NCGd6pF66xumo\r\nz68d5WZW0hw38NjhPKvGiX3xMxaetV7wI8r6BGY41n9olK3exocDTqJu0J9Ge9ug\r\nv3eL9mpmDrclffFb+8CLWXHpAzTG80zfNrwZoepsR7vbe9o9NurvYU09a5w+ewPb\r\nFatU0C+M5xu9oWL7zm+KYpuuvF96yavLuB64k3ikGmseHSmNWljbvPXHIQJOOTbW\r\n27Uoscv/41Bk5RsOCzV/57wAAAADSAHAAACXLydnlxJFL1iSbF1VAen56v8hMI3m\r\njlDojp1XrNOPsKFuRR3ecQvs1ap0ylRFRMdoysZOL8qtTOAaE1ZGxj2m6b0dalOQ\r\nWUpmCqtn0rLouRsZ66ALrCEahyN71lCiWjBVwliIlPi1Yp2mxk5bkMjQx2VzBoL0\r\nZyMy2fpnk8ePXOkIwA2BSgb7kQutMZSx9psD/GNI1fSQevl0ktmmYKwK2ThDBcnC\r\nkai2kE26Y6J4G6t4Wjs7fZbbTHDaUn4V1p0mJtdRJ0WOMIfNLC/1ePW4KLIKMzAI\r\nkFg5AHCBRiElkwWU/bpkYgpPoY/Zybm2B2z/4zBk/BQJqzt/MMPEgAADSAAAAABk\r\n4vu/R3FsaBtrLR02fBWVbRuNm8ISQQECWvkRKKQQDzqVcsd4DBIR4znGYUFyJVfe\r\nzUjQsmKp0lKa8KU3N5DpwzuzL1sqdZICZ6Fo1ZYgAnE5P7ttvMwecPurWiUwmPXk\r\nA3cMoOTF0qmZyuQMQrReuVlw3HtfBCIcBTMoiK68zaOrrrN3YyX/40Bk4hTp+zcf\r\nMMO4gAADSAAAAAALlxMFJJN2jg8LbJtEf0YYQl6g+S2WNG06fZJ0Nn7UvJpVIkTB\r\nOFmJizpdApOwlAwwqDcJ7ubb1ZJ52tPXBZcUYQXvSjXYTW4jG1uHcOOKOiuPGaMW\r\nzGkf9YXBINClMyJOkCJsneZqi6Z5QGrIsEaozoLMX/SO1aZAE1W3t/tt9/VHEWjQ\r\nKHmSkgeImx0qgsqkoBAdFJKnBQacglqhdJcQnagSKoTSJRU8iEBgRWuTC8cRMslh\r\nMpOg9JY5/+MwZPUWCfc7fzDD1oAAA0gAAAAAFG+AhfIYeygImQVldxfCKHIolSpB\r\niOqDUQ6IQU5RwCoBFSM8bFo6iGakjOwhgSAyUGgrmnwMZOhFbTdVVTffE6cHU9hN\r\nsSO3CUPtRdS6LFzE+80ktOAMOj9pIs1mfxryirAkkicssksmc9pq0B2BktpTFYVi\r\nUIJgwtPHLNoa/1a4mHa1uWaT/+NAZMsUjbc9fyUjboAAA0gAAAAAaBxTQ8gbufPj\r\n6Ri+Waayxup0Z0jP6xFqBfc5TUbgXJymkOifyRAWRZgLKVWugyJ1bIIRPDQAVkWw\r\nPtGEmJVqZUACHAaj2sbM5uH2X2F1Og8EdCYIiNGgjjmEFQkZG9zWGRERWG6xR+An\r\n8S8TIYFvj++4VroNZt/d0G6kuTcWitcCQtG5f9ttvXcLer63BGtEVa+3L+Y7WcrI\r\njs0mDJMcC62h9VVqTCJgtqc6MCgetcnND8U2UC8jayMqrf/jQGThFJHJNR8ww8SA\r\nAANIAAAAACtkqqxKIo4quq+ZO4nQiWS5uHis2lM1BPdQV5UYg4diAHB4W0WXoBqH\r\nQrDdTeqINhaPdnVBWwAG6bg3/HcP8OxjdnZwGbBg7tYwNxyW7nnsMvVmbpV8TW+h\r\nv0gM7xKZM0asGUTg7mDmAPWkEwOV5nJZbelZzBb0qrB8O2jy5WDk+UIjw8Wc8qTW\r\nut5ExBF70KXeKmm2rFt4HjxQfLC8yXDlYP4lMtLoC2y2mgK/XvYkfpvL3EIyZyy4\r\ni8P/4zBk9xS97T1/PSNugAADSAAAAAAUW5T9M/Z7w/k6Sz+lB9nmwVzRZIUkXbxH\r\nmtJNbX4n85F0c1mw7Crv6lrOsqDXahjHoITL6bofbTUqsqxMYjubi46CCdTw750Q\r\nKWmSuaA6aC+JnfCGxqJ8brSnICVpOORyWS1o22qaYTlYWMujEekpqdPGAetEBo5S\r\nUfxlYmWNqzoukWN0qAb/40Bk2BVd7zVvMMPKgAADSAAAAADBBTQljqQhIpy3YlHv\r\nKaUNvOJXKo4prRHCyeXG0SLLwjzzcv19OptbYTVdhH5zX0kE89NbkaI/XZ5uI3wY\r\nk6D5RA5Ka2FSpK6gUrolaFtGme32bV6tJFNVck9yQklaAo5fPPEExfTvIhnkRLF5\r\nOY0axg4mUb3QgoUCEeav9tya3iNI0PnmQ/ScMTGzqH5bDQOU/i9Eqxwm0yYgbJS8\r\n70EATIUQrZsziiEycciYVqRZc2oohmXID5Q+qjIk/+MwZOgUeeM1fzDDyIAAA0gA\r\nAAAAasz9RdJmFOWpjBwaQoS1qdP6mutiyUo0wqyhzjFNYsqWgeTcIry60fm1SZFl\r\nxBKVP49sqLMcuLXq9eL5L4+GpJtVG2nEq17LNXa43sSDVPVR5rdxCr05KUlS/HGO\r\nqqi+6eopxsDCqqMxA00pLJY5L/fyPXjxJhzMSGPmerQdzgtzxpoS/HY6/+NAZMsV\r\nUf8xaz0obIAAA0gAAAAAJO4KHYRQu9miZkTIUYVFiIFgkOJEYydywfRWiEyw4CIk\r\nYiGNHacaaMkMEKOFq3KR6SScFaaZxmBxmZTJO3EZvV2y9o8jHe1jI2pMHILQZi2e\r\nmluXGtUyavYMGN6aU7BpqcaEYUtnjRPXPy0lQ0M0o/TMt/ddKfttHKmOwns/bIRL\r\nagErUrWWICNxF2zWSy5ZzHs6QjQ9p1sjA8IAMTGWFSgKHQmec3KcG1UkC2JjqhpS\r\nCCYa2iPDhK6xpf/jQGTbFK3XNX89I36AAANIAAAAACar21tWOtJYTSRv3oYlJLpJ\r\nJRqzoYFelER9sostTYm2bc1DA9uTtfa3I7adQHjMxsUabGzHRzclgQuu8HNTKEea\r\njIiuZHXFHhnfarhtCJFXWio8XMWtmzNkelItiOlublfX4hV49yypYiUGxilIKqUR\r\nIG1skjjkrlqjwjv2xq4GguGOAp0RbKMc06sXOFmnVUlD89cXlB9evjVwwtqJi1Eh\r\nMhODYe1hkcWsRzaE1QbOnLtmoVybLxrdPXL/4zBk8BRl+zd/JSN+gAADSAAAAADq\r\nGnne12r8/D8F0/QsplvLKWl3so2seKu0/W4PTpYOkHESXC2saAzJkDuCImDA8trT\r\nejq4Ii01YQmf/GWMqugkuulY1cnE8ZDS+RSFMhEFt57LraUM06QukII1H4DK0QrV\r\nlRAUiRSkbccmquUaFAbZj/SKScFLdtSZ1gMaSRLqArWpTXcaKuH/40Bk0xWGAzNv\r\nPYN+gAADSAAAAACxqV88cVUywbzPWfTGrcwF1NtRw5p255WJazRJBfv1bdzexRwM\r\nurTMUkiRLdqqIhoOfb1X9PKUUm6CLyyBvrLKnSXfzF3XglVH4VB1pXj4KNQQc9Mt\r\ntLhH7f28LlOHL1NWrt2Vyc62t1ajwHocdGasQ7fYa3ZItpkmykC+CTBCOTZm4Gm2\r\nUFWOKb7bb767jrER6hz9phSsBd4S5hC2J9/K3MWVNiVheLiFh9h9WTG9Kbb5UMEB\r\nyZileIex/+NAZOEVOd0zfzzDyIAAA0gAAAAArUeZiaobUzrTOuGlxngRKwZga9F5\r\nIxRW0xNkKMVjA5iqh2KGc2+nBaG52tN31M8+S/htbtkVTCDmNda321tH3dbKwtL8\r\nyH9SgkRdR+mIxqBFE9x83e5WYWmYeW5ewP+TRDk9fZZv08j0IisUyMoEFFrSmQtA\r\nOy+KqAERgjIlJK3JdYjyQXuZ2AynSrVy6ew3xvjDE4IOLOx5o4uaA+OJ2HiUpcxX\r\nJgkgsgQkKCCTZAujhuakNMIo7EqeEP/jQGTyFdX7PX88w8qAAANIAAAAABFNteT5\r\nvnTUGEM5SpG0+4M5pGTxRxhmroOjwhfqGO7M0gy47GiJslI20jxJPNUyvAZY7wmv\r\nNiKciIPCdC5EKBnOL733BbnZa1JnOQjZSlPenc/pGerLU4z5DHLRr9OqlSAQ75yy\r\nSy3p7oaHZZBsEMVzVXHSM4ExGbtrY9PT82K7nwrUh4yv8K22VtXkMpXO4GCD2WUJ\r\nFmtACLY0XMHJqCdCxCLiblMJxNDK+WRKHHamiimmceXjFuxazHz/4zBk/hRB9TeP\r\nPSN+gAADSAAAAACI39kfis89Pkr2nbeWyXapp4SIigMZBK9rbzcxE7U37EwDXmrR\r\nFceGweGdFc1NqGCiSFdV6RJkpmS4PWmazKgKFFON0e0pBblWlwq6FQGtJO22W3dd\r\n5g8HtyBeThAqw+csqyXJUFFjQ4T1fuV7Slozd5mxehZeOGILtxlhCam8dIsXgoEW\r\nxw//40Bk4xTR0zdvMMOsgAADSAAAAABriE0eYiQLJsSIOaDpQlWdEDeTfigbs+wt\r\nXTk4srD3TmrQghBTOGjERlxiF5dviWrGGIgniDJ0LFVwYWkESuIqk1leJhzncaMs\r\nHO6GZj9bx2KsvCItE7PzXmsdyE08U7vhy6Qw6qYCZm3HNvv9/hEcLUpe5HyiREzc\r\nc4hDuLKnoMuIbnlU1jsrw9aYQHRw04rcIkDC6RMMcpG2SHyZpMgzohjQMoXtaOMJ\r\nwCouccfBxiZtHXjIi1+NTIHr/+MwZPcUCe85fzDDtoAAA0gAAAAATSIy2oLaEZ+R\r\nL4fqP9nShBCKhAuTUEjxFsbykDYKM9TZlzp3OVD/Pff6+TPvWy3e+hr19+uGq/eP\r\nEY2PuPvpdF7prrQhj3b007kKdu/Yu2n+2VY2hBMQlW+4o5/eddv6sysAUjjVZ+qN\r\nPxdny+wsuT1kakvZcv5G2dngKqAuISvhnSeaEnCD/+NAZN0VOgU9fwnmKoAAA0gA\r\nAAAAwsUcmfSRiITkKGFkyztCUFTzCWOhkSYxFG6m7xI6jLNu5qyZzgaNZKSyidFy\r\n9oF3LHGi3UnJGHnjMcm+E5aYo7XsPMNkgLbsPgISLhsDBhgGu7E84qYWmYM4Pslw\r\nUn6YPpELqmYY5UH1D5XHksJCs2qcJE8JMDJ+7bbbtpmUxqV3lo1KWUhLQSa9UqP8\r\nwYojlgsJ+daOTpOkQlNLX1MynWHiE9QpRZjJ5561DZJp0eDngmjFsNeUgm5kKf/j\r\nMGTuFN3BMWs8w5yAAANIAAAAAFVUtJPyIqjkTOcmQMP1pS+tyUQkHtcFKdl3hb1l\r\n4RvJRLe6N06LT8pxl1lOo7ENd21HTJiTWLd6XIo2kbuXl/GMfd67QWKo+YZoxhgj\r\ngoxD5tiaHWtV63Yxh4p4Uur2VUUT0rgyIK25Lrrtv2rOLglJDMewG1jEA2yFelGs\r\nDwlHy6hZWNrGVv/jQGTOFTXfOW8ww7yAAANIAAAAAMFauHp76qq5cgqjoqwEpw6p\r\nGaKWpgucRvqTgsHTfuQrp1Qkiuw9mowgNKLa/CalpH1haNrOJ1R52/Mjbsudmjjt\r\ndDPLMVbVvT5SfZEs9Bm55AgTV30/K9EaONJ30stRbyfRWJM5eGHI2qNSN7XjZsWK\r\nHQwqt5D/a7yMEiGGdclkaNUQ1yZzCAZAsfUHoFq2AyK2SW7b7bas+z1immsPafdJ\r\nxRRaWXRPo6lLA8fotAvYsaaEnlk+0G2Xiq3/40Bk3xYyAzl/MMPKgAADSAAAAACU\r\nmFi0aOPBVw30cxTMjWm98BjzmrZJFZgqtZSLKsYNqtNxtR1I7UQtxhsoJ4bVxeHg\r\n9+pNp7qyDsIQ8VQF9hGHagow9/YpOzj2S32xE+KXNeC3Yi5ZSSY+q8a7ZMNHbX8Z\r\ns1k5CLtWd4SvTGt6iMSZP4z3n13xDvqMTBJMHX21MRE4nSWjA0apOSW2zXa+v2yF\r\nlkU6XXj3eOkwW4BFJIhKlQ5+xJ20Rktc4esPFgol8ursMnAoFcSCLSkP/+NAZOgW\r\nFdc7fz0mjoAAA0gAAAAATV2fbYWQLjh499cuq7d1t9Mw2b49eGh03rbp6qWP0unY\r\nWe7CbRdX8ssdWKIqrZo3etrXkU+Ec0oyBIYMStiKBs4Q9OBUiowNfORO83fAwITV\r\noFiBwHOkmEVgcjizBA+5+9rHg4EjXgdj5kSn8LmkBqGamCYkXNGgCl5lpgBA6puy\r\nW27qQ0hvMTQeHh8IC96rQ9DZGuMB88kUaRtyRCcDnxSISppVjEbAMFGmHLCY8zia\r\nqaHFLbqDc8yUW//jQGTyFjHrN389g36AAANIAAAAAGUeLiZA0WPtKyIAIq0TSL3h\r\najBuz1RMQjETLPCs53wto0gaiekt3u3zLw+wPD0EcSxsdUSZy2QM0w2tucmvudjo\r\nzazVQmvECDI3qpMhthekOhReTrKRNcvOc9V1PM97t7NutRbJpmh0dbLOKKzDp07F\r\nlAEjsDbtsjkvd8w2yqcAUlng9mCUwwBJZBuBQSXEgLAfrbLVfaiBMfYXhwYuuKkS\r\nkmKkNOydIUFivZ06Qq256pwfr40iEsaOS4v/4zBk+xYSCzVvMSZeAAADSAAAAACa\r\ngaik8ihWkhFGhkz7PYSsPi9opCGTTJ9k45qKJCS8OKYlXQKnJutQxHwqZCe0YQYM\r\nziEFe6zqOsNylISgly4f0hJXOflqrQzZsyQoq6GZFtLzPh8b0V6G/KxAkPrKrAAp\r\nxiARrqctl2t3XPZpFWIxJ1rpFpR+hOKQlhjEhLGEtzKJe912zVn/40Bk0RVZ4zV/\r\nMMPUgAADSAAAAACJvWLtHZ1TFyc+MkRDgp61xQdYEjLG4xygNN5ZMa9GEzV5KVna\r\nSydwqKvlbiaHzeJhBVnzRE6ockb4n3O0ZtdjZ0whCy6xN2LJYaq7DzuJxyvDzuDV\r\n+x4ymokEqO1Y3Us+ohlAWWcNTK4NCYuXzz3U6hu8EP9oYoWyIKwpBBpJpgETTqct\r\nttlvTf2Cv9SArLzYluSdCWjNHaWdMBzOWh4PAxKLK80iXVO1KxIpJKM3RuJ31Rgs\r\n9edKG29o/+NAZOEUmf85fzDDuoAAA0gAAAAAnoYpmkyw6WsKVNOCNg2vpnozaTB1\r\nEtE5YlRLyqnRcE7kwPFsaxhTKxhaQfqmbmHdFCqosqtN0WkKgIwqCkArCf0SuCdF\r\n4IRIGKHHbFbnNiuhFRCsysUQJE3SgkReClRzyZkVxsFMKdbHVniyKF0BxQJErtm+\r\n222+MU+XubQh+Q2RGnMwLLlGalbGS8KeDOum1y7IXFzyglmiIzeXiKTIYeAZkvJu\r\nYyj5ASBmKEzEjYEeEjTcJ6srFuarKP/jMGT3FVnbN38xI8KAAANIAAAAADWdWZWI\r\nnIeUmuibahVyT8yEhXy07ppm433J+Ge5SOCgZAssF0goRQomwzTIQkO3QtzMObjC\r\nBnpy3Kq0YpbJmFYpDbJ8yeNxmj5RbmpauchsyPWzBpBa5IFMXHFzpaQEJOetkjak\r\nrhjo1srDc7wXKcP92k0sfzI4L6rjvqQVCokLahcQ3ZPDhv/jQGTTFSH3PX89I36A\r\nAANIAAAAAATSmHptL0CPgzjJJksLcTA9j2WyVUspCvjxXsnSzAv0+LbxrrLSs999\r\ndBjkM2s5FBrzrpzVbRe1e/27mnmO5p7bJIIi0GKoIaODlEIlgLhoRft2iqoRWijA\r\njX/6I1M+I2u+UV//h8E4VDZgwoGTxK6FRLzPDKq1SXByWWHAhnGxBSup/KQBc7HJ\r\nr5bbd12PhpLbIRHA/gJJ4FzlGPRUPVZqnRl6h6sLx0eolTTRQusCpD6F9WYIjyyU\r\nGx7/40Bk5RXB0zNvPYN+gAADSAAAAAAfJ4Ts3qvR6zvsnT9O9q7dBKXF82WtUXtl\r\np/M02e7VeyU+GsJiCQ6dWVdEUyK81sqDG8Vns3ItoLv3F5u4Vr8+fTUIQ27YrH9a\r\nHyYiuEv4nREGs8aGNs0zRCFp9APgBIubtcoRym4vOzGeYObAj1ApVZYCNK43bLbt\r\nd/XMFU7uwCbN6obmhdO1GoYD9hjNa+uNRWuWNPEhMy9SCw+VynrBc3mXp5q+NMsM\r\n7hSS+INKvZ6ZvPFU/go70VV7/+MwZPIU8Zs5fzDD1oAAA0gAAAAAGlqdUp2Sg4U2\r\nbRSJCZkgslbtpFCKtuo1y0DNMgxytKfQMiZlw92aZPTlO4KM7lJI5xGHJ6VH5TYx\r\nu0aiOybdOIpbVWUt2zhHRIxUIdMHlqnX/2Nqur0NsY/yGcbimh84etIMlSMBmH/0\r\nlJztPjJZZKIs+wZlgMG0tLbltLLobh2VPjb7Cqsq/+NAZNEVngs5fzzDygAAA0gA\r\nAAAAboy6SThDbelxD+6Nhgpj+ZnYcmzqpbRIbWVJWTtave+JWtVoqM64513MYcO8\r\nfWRLmPxNmT1ZclrotyPqfnd0TSF024lUqav7oJJiG54Js9obAk7uTi2Wu2knStS5\r\n6NJLpapHmRcqnDGEqHQMSpw6LgudBOcZUd1zxRLbKEwNEAjvBke6pgJBdd2WWy7q\r\n7eGHZhKxwDcAzYlsIooGYIBG1NshmYQdmy9Mq4swJER0lDBATkKSRQWVcjkdmP/j\r\nQGTfFPHVMWthg36AAANIAAAAAB6ZclitIwXZOokXVBTCyh5pHWmQIxia0AnQhL5W\r\nAlINiEraa3ouXLM6RO920TBxyZu4hZvd2z5urguFHVu6cWd7LdWP2Ob3H5dNE1f+\r\nZsIfI2sPxSJnqV/n4z2w3ETS9p3foqQ2jszLazLxRWEq2cK+bbtMP/dGbbUwM5Y3\r\nfddbtlK+JMkJiUNzSBU8sRkw+CxVkwKkYIszxSIhORWTV0mFdluwSrMmDa1uMzC9\r\nmlCqhhiZAWOkgUWfYcv/40Bk8hXWCzVvMSZOAAADSAAAAACxt3EIoGtBy8pagQJd\r\nDprCkJMKYqb2mohk9kMRksejQ3Dc2tVS7hjDOm921xmW0qy3aPGg6aj9Kgne0P3x\r\nbXTszNlOVn7mNe8w0867QOMisx2g/FoIxX1PHtBte/8UrEY+6tfrnFoNGCqVEDFO\r\nKSRxuS996QstQtCjyT5KjaRWOF66E4MBJbRKWIY1hLICkyPmD2pKElejKtjkTyLF\r\nCqZWYV2S2To6RNOr8YiKSxzvFmuBn0pMjvPrZw0j/+MwZP4VZd87fyUmPoAAA0gA\r\nAAAALGotQ01DcPNTYMlxRI7KCWQKODipH5mZGeT6SqYamy1aiUifaEwoym8ULQsf\r\nIXOymRwU8JFDC5BpuJFB0dqavOlkzGdtbNVbIBIOStYch5sUOTXbdRL1l3NBoKLd\r\nsskn/SVbjptikjCiYsQafXuPzOUUbi0JhEQesizkJG5s0QjhcEpk5uki/+NAZNkV\r\nDgs1fzDDxAAAA0gAAAAAj+yKz8kT2SIJU2vihC2tZTUF6SHVj9IUSDqIlieSqrQL\r\nNm5NIsRVtzWUVRsYqlOticIKa0280ZSZuoEwog5aOpmD4TRco+07jNZB8n7Zc7DP\r\ni/CfKhxxqPJcy4Ql7znaylu3hsx35V1v82Mkz8rzUGWaGV7PQD35vJs1Rsd/PjIq\r\nhBIEVktx//rVsysDioWMCVUZvm6wXanB89bVa40oXSqmcaEEoOLAgwAQTg2WLvYb\r\nmJ0AmE0IsHVUu//jQGTrFh27M39hJm6AAANIAAAAAHpdJslIiqiqNG5DJlS5tqMD\r\nJhJghQnJEYElkSZ7FJOaS+iCKRo0Q7ZvZNNVQsjhv3WZKYiHpivBeqxyaW2VKTVp\r\n229M7sus7a+lTC2V67oZohq92+qbf/RsvSMUy2d86e0S3W8Ru1Dd/G+Ked3Gf4zY\r\nWxp+/I3VQDWyWa/f7bu1OvZfLdTsb24rVTl0RS2VG/yyJwoSfQTp7CPJOeJZXL7z\r\nXU5OaMOpDtG20cHy9YsQl22Yfrdb7rStxFD/4zBk9RX18y9uPSZ6gAADSAAAAAD5\r\n5G3jrsK+eZ6/bZv6NO1Yi7k5y4tKy1fb77q9fd+eK20vJ8rYxFH5TtcEsFpJXStr\r\n5j0QoCjdZi87pciJIsu7xaOGaKgJqqxZp0n4YN2e3XiuQiZM56diManuhQw9LDwB\r\nXJB8sFeXAhPr7JbLJZ925VC2DjgpERBMDA9QQ7OiaZjrjh6cOo3/40BkzBVh7z1/\r\nMMPygAADSAAAAADVjmvLY05eJqpesI5yaPe/KCXi6X1ikwusWxYLk8SApUV0MJiD\r\nVrUTWVSoKE0y44w4gYOOMNTN5YEL4yMy0cwifLE03pD6srFZuTBTambjP/Z9p8mu\r\nTTNSR+xzy7zcjnER1YkPEZgyBhopmTKqY3hcmUg6akSKXPbQyP2dPQgdCYW7FnPN\r\nnbKY8mwRtiAzjrm2+2u/pH5kMYFiTogfZE48ZmKhCyTMzFZPQsSrMp6eepbZJ2Cj\r\nJeqQCAMK/+NAZNwVef81bzDDuoAAA0gAAAAAkpe0CiKJCSpMIyqB5FTIr66wuYfA\r\n/IhTNNNSJnNJITapUgR2Kqzvp8WXJpWSyVp6iT+qPJurdvxRfUuyTo7CMVW0DiXH\r\ntOqOhGIHzeQyd+MC6hA/0pQkdy617OOYgnjIpoRqVf062c7UMzroQcpGOEsHguaZ\r\nlBISe4m2lIgybIFIpoEBCXcVAZ6ZUfMikqZILVmAN7tiZ08uVZGyRo5ilHkew002\r\nGWCKyqiRRVNfmwSJE8cKhVrtqjP7Tf/jMGTrFJnnPX8kw9SAAANIAAAAANFR17Ba\r\nj4KDF004Jj00B6OKkw4RiKU3Hwn0ZLSK3vP879eCT5OZL63zYbJKxsXXzHZp+SZ2\r\n+sut79sb7P/+5mwO8NFtbTemUp8hnb5+hlP81p/Va3fO0ftcM2cvwXqWECHXpJZL\r\nbdZpSRzdwE6P6j46WFdacXzAqoSKPzC+ubKYVegTBkmI6P/jQGTNFH4FMV9FJk4A\r\nAANIAAAAACk0EFD4Eo1jAVInTfCxsoeQlVD9jkzhFBdjBI5uFrsz29NRKazMUR26\r\nQMsJIxBWHJzs1eygrfhePkttOU/ltsyO864ncsvJxbUVVd3lLmqLWVbcejhR8/Mo\r\npR/fMhj9xbwyOKmjDYxFcfC3XC1UlmxMMdN3SJu3rM06rXsTn+smTR2LL5MRIWiv\r\n+NyU3bwobiMejtOvCZyJ1CTXs64Si+XiQW3XCmX0JZaOkMp0h4hmMI7FVetODk6D\r\nqsv/40Bk5BWd2zVvPSZugAADSAAAAACD5EOMHAgk6kLUYOEBvTndzEyCPhijkCdk\r\nHhjUZAu9k0IKSpBtZEy1XS30yDUGo7LpcxGPtsicBE50WwosUgXx0PJcJoG1GQkS\r\nHZc8zjZm9Npur3h1ANXP3J4GDv1zFjOkpWG+Lqw80/j9Omf4RCqEMDRKb/bbnrv2\r\nbDwUYYAeHI7AwStUSEquC8gqR/VshvGNZaJ3qlUjxkfMKkTURihsUTaehNwQFksH\r\nysPpQMow84sdmnBxypkqSBS3/+MwZPIUpgcxazDDqgAAA0gAAAAANMTOWhBPCBPF\r\n2tqiJFDi1oICxh86L5h6DZZ3p3cmiFilsfDsezsV2yyMpuB02IMtTvN7I12KONcY\r\n0vwxEzdTFRjaxyxazFS0vNPRiMiSyS73OnxE8Guks0zMPbpxZnCbogzUxAIVjTl2\r\nt123XRTK76IZBNI0iG/VwL8Wl5ScOlWJ2KiyErLq/+NAZNMV4gcxazzIpoAAA0gA\r\nAAAARHr/KVq5ZYglQiofvJiB7z++uZN8Lp0/17LVS25gkmJGyYom1jztdcUeb3Wp\r\nBy8RvQvsVD42WaVdfJ2kp3NaOTlI6JSynLScgq4hQpCApkTtuW9M0CHVHGUWpSY5\r\njKW+CesHyI2g44kzKUtxEd9NAoaduBwiwWjKSOVC8y97ty2Q6oUBIuatsllume+p\r\n2uXl0Iyu9cflS8xNDwtnK49Rkl7mH3uxK63tltaxtw8TYoFYiJgPpzY9Hjzn0P/j\r\nQGTfFLnLO38ww8aAAANIAAAAAMRCSoGQq3FUg6RrWDgzBe444libxJtYGKUp0JtJ\r\nBd0tJs2UfTs/lU4SRTodBC5tZ7zUU+wk0Ze62Pfys/U75EXZVbfRoVLw0sfjsYY9\r\nX3M1pt3L+fTy2bAOGONPvTLf7N68EvlViUYYhFlZZd5ra+NTSaYfRYUQMpGueuO9\r\nLd+JaxM6FRTKg+XL4dnYjGLvj/Q6P36xQUYPFixMN0j1VnU0LQhAtGQll8iYmW1h\r\nSUGCAlQW0mub1tmb81P/4zBk9BW1/zVvMSawgAADSAAAAACb2EZGjb21yMnYUQIM\r\n96kjBMnIyebdTnJeQx72O9lwiJHxKY9PdH0BRpW0nTRIMYyfvdyXMe/K3dW3O7d+\r\nzEEV2hcGc9Z0JufrbUP3bKesnYjIZ/uvdx+0eMz5u5HFsFn097Z5lzlPdREvtvMG\r\nKqcgJOrtklt316wGOaazs4X1y7uJ3kxXTzX/40BkzRZmCTNrMSaOAAADSAAAAAAJ\r\n8lSeqosRKiV8MMJ6iolUtRLyuieaI7DhkiYQiapPjZOhpzpFd+q4+faQlKTFpdVn\r\n57EX3j59BE4yBti0DolAJqDcPauxHQjOkMEpEE34XlpYNoUaXWe5MdRoTU0S7KRU\r\nKG0asZ3OT4w0nI8SLuQPgmmHj9DfEA2tQrtEdkiJyYhQFE9KShNCcRWGafjFaoQp\r\nyeu3rSZCNEwpjMK+M3n2aTEKAVIWiiPNIVJ1AQsGnSNIWFa2BaCGmG5Y/+NQZNQb\r\nUgs5bz2JbgAAA0gAAAAAV/FDUm6VqqYBIPnkRjTl7z05k2XJnzg6Nrls2N8swT26\r\nFts4Tnt0JbAifr8dTlU4GCCTNQ3Yi8J0BAvBM0SERyZVCsifBoVKEctb3dV2s6Fp\r\nrwvdmZNa90L8uukYTiJXsqkrKBiSNF0EVzDkL67RgxKKBMPgmMN5Hahsy6uUKEas\r\nzksbBmqYdYqlkoe0yagvTtGfMmMw8bIT0ijCaGaWqfeH5yrHjMpO0+Bkvk2a8QKo\r\nZ/v7/fZhGWdlJwlbWhjEcz1gZkbHcoytXnBmdqvW38ZxYMG0wNrKoWZaq+SaTL+u\r\nFlYmP102NJDpAQGwdQEb/+NAZOkU0fk1bzEjqIAAA0gAAAAAnHlpPQlmi5xHtLwm\r\nYHGORiNZHSAGHLP6zCGcbb7bRJNm5XexVXpKeWxPx/hyiz0DKN9OnBI64QgIShrC\r\nCmIopYaDogfIYUF8IFQKsoIXEUiNQ5wwpQsnN1n0v3aZsUpwrD/ZUz7o5o+0+5GW\r\n4xdS1ccERdbL/9v9/2/13eyAFB0YD05uWlTFXuUIJbNTgeHYVS+rcRkiQ7Fy0RYh\r\nE+5+nVkV0jldot0onjYcKZoxQ5iPqj22QqyyJBiiJ//jMGT9FiYDLxo9I6qAAANI\r\nAAAAAJBMEQR7Jol8kUZksx0FKrA6eGZbbKCml9gjL5QKWprLKQkiVCG78Md+aV+5\r\n1ucdKk5zYQvsjfzzXbSu4XYTkawuxz7nWXRHLZ+nDobRWJ1BHWLf4cpqmkBIqR+Y\r\ng0q2MCWRN222yXd7utj0VSYYEXWAPSauCIV6taNSV9DbX6XKNrVvQMoXlf/jQGTS\r\nFQ3xP38ww8iAAANIAAAAANv8ceNmClEShHZcYJ6h3liPQWQDDRCIhCnSwYx+KrLG\r\np85FBhcJniiZ48mzIm5dqsicZe6ZKjdhCmQ1jy8o9yE7MrmZa6Vz6WsY6dqThbsj\r\npTThDnSlckOnAaoSYPSpGMQboYYiU69htJSpVQ/TmWdjucubCxijA4QQYcVqhAEA\r\nFq+m1J2X+p0rslCniKPvrmFGlOzy0rskcon9IKKURLJgliOCpkG1zZ1SVGCXp8uL\r\nKHiduC8bJcdWLZn/40Bk5BSp7zl/MMO4gAADSAAAAAC7BM1OfxFtY4nvjr0T92SW\r\nnpTu5cbsDMb820xasLuILqvrSYgprszdGO9k71PTPqVNGrOeiRiEFRXwt3NYQ3hs\r\nu0mZfXv5aLO6ZE17TneZH0JRnJgSuMNk4exrVNnzFUWfNu6oPhw7muLghSCaoLIi\r\n6amkMEK2nG5JJdeF6L+3FzF9iGc7Co2RTsyoYFezmhpkU6rsz7ar5Q+AxXd6wQtD\r\nJIxI0KcXKkpKkwbisuXF2xQTIQe1VGTQn2Jt/+MwZPkWAfMxazDI1oAAA0gAAAAA\r\noEQkdO+RqFGDDbc8gkk8jexcwwOGAuzEfYKGV1ZqLkdknZXJ13y78ZW97Aiz3j6S\r\nBB4jRpVAs5vV4MMqKIydU4QFEDiqFz4hj3c97Ltzz9TUUZUNCwMZSWqA4DwIzqOF\r\n0ahTUbn3vKvLLMi4f0VMc3Zgw+YVD0z2k84btQQRSSltbccvccWa/+NQZNAYffs3\r\nbz0onoAAA0gAAAAAvE2sGBGJgkqV0C4uykcTFlBE4vqK4hsRJDpf6Ggn/Gjt6WgT\r\nmoqP17RTpHFHNGpdXHOwHZVH1Ddo5CspCcu7dCN1Sqz4pb2SgJBD8YkfstL4BoPD\r\nwXCalaRIxmRev5yezUSWFNTEiVoHICscw03DZJstDORmTa/vPjURlG2X8jdzCLZ8\r\n/dDRR1HnepbkTk++f/9LI8+WgliMOzXMeUvGoaJ7CmmkAAKqpLHJb6YUuuhXs8Hi\r\n91KuhLnr8IbsSkCYUabQxbcNUkrTJ0iFbc0DmwuwJhTEyLE0UywyKn0WQIkbbCNW\r\nTArdTUfTK8RnxySD/+MwZPwV+e87fzBm0IAAA0gAAAAAIpyCmJ0qDJwjgY1LJzvV\r\nn5aMpuXJh1mcNNPaFwkppdjvtIJJ82dXIKaXoNzIq5Yz72/w8gceE0MA0HorXxat\r\noxc48F98TG23fbKamTh7ZifxEC+m5U2cYidAMuVE8On6HdFy3Y4bAIK0IBFTpI04\r\n5K+Qr0QYyUOYaxHoogeea22AshOHy5BU/+NAZNMWdf83bzEmXoAAA0gAAAAAoJ2x\r\nJAEEhKKQmJZxeaIypkVBQNBqy6Z5Rgs+KgrJlXEQLqoBFZ5ysu1Msjd0I9JiZ6JD\r\nAaS3ONsTTrYpSF3HLSfSz6jbthuIO7FJpKqudKs/8r1B5SSNbrhOmQOYnUspWIlk\r\nemNZjjcMlEWjxVCwmSvNFRKiMgK8js/Y9hC+X3xEm3LVliAV/txttyWZg5CHNIbo\r\ng+XOElKrXiMJK5U8CokRElSTaGZaid7iNT3Il0aDEu9hYcQHZRVV1P/jQGTaFE1H\r\nNW8xJl6AAANIAAAAAEftsLVse35pGW2XFleWUuz7NKcw7AdvOmUTVlj9X2NicMlC\r\n+jCAdo173N2ZgXuSvtD6Uh+Pg08dG9k8dD/PhrRGnlEPkFprkw3TD3ThmJ3hYoYW\r\nWSUgoy7M5vinYhfu+YvScDzdMoJiMjouXrU4fDHzQyCKO/AXpaFCIJQhImK/lFSZ\r\n0vgWWRCINicDx0uC5dPFjd0fBBQST3bP64hbqERnCkbJmD0eDZcvTp1siVpYMmVj\r\n0INIq5F7RO3/40Bk8hY94zdvMMP0gAADSAAAAADBSi3JxdAspAwSbNW+JozryCkT\r\ndJUyVHm6jPlFkmuXTWcc6D+jYIkVc6njerKO3dd3d3dp7PmN9nw+7rM6M/eo7ca5\r\nNm5L2cu8zJ2cSpPyNaFyzrhZ+Vs4z22u/1vt8ps2biDtvs5WMSzqmQE1r+WyWS7/\r\nUjYiI0JiHRRiUpwvihFiIb23c7oy2aRTNxVOEEHHx1tGgsTEiIUiBUYGBPq40pB7\r\n+KsBcnaITyAKtFV1hBhckgsj1myYyqjm/+MwZPsVKe0zayWGPoAAA0gAAAAAmmuY\r\nhKSaHV8iWVRLZQm1iE1V5pwi2vPbfxCRQYrJhRFUwnSdbav37Th329iXjUP+xLVk\r\nC9nNKJZsRE5MQczraqZniXasunuqPbxXymVKWU9P297UIFypgOCNy1z2wtcpd+OK\r\nlaYjIy+lkklm14G6H63LpTi6o87mKdtmcnlX8eQIHRBmGy6Z/+NAZNgWjfs3bz0m\r\nfoAAA0gAAAAAQ0TxQJDoWConRJDqtCxE5l227SByEIAHxEiFTMiQ1IdC0o1yB2Ld\r\nhGwMqE12FhchEKCm5GJyIUZib2dWE3yak6U2OOQRxkSJd7ybCX/+ZN1e7m5EoTeN\r\najEXw8jO52PKPMuZwwi5f7H8/Ykpsx/7hsZ79a3Zm1Xvfa/7zx/jazYzlPbWXT5p\r\nk7Mx6qNadgyFljAjfaSxOS79LyCooPgiabZCpCCQuJSctsyAlckCaFCogXeakWir\r\n8J2mAP/jQGTeFlILN289Jm4AAANIAAAAAKTfmIAdZcLMNUT4uW3GmyA4bimpkiBL\r\n27LbVJWqCLMSE5L7tXE9qdbO1dpM4x0n3RnpOFA2QYGCtJwpdKTmoymjomsyS6Rv\r\nDqqWnxbfNtLKR9I01/c3dnfne8b4Xf7TSONt/+TnSi1Len26iJt0U7ekN3nmP61B\r\nKusOX4rFBUWKSbbbbf6x/iDryBxVlPxF4Z2z2jYfRsqbsvAUo0yNsFzyDShKFeqD\r\nMZkSZtGPCeFnBpAiUKtIlcRstJn/40Bk5hTN/zlvJGbigAADSAAAAACF9m97VQuZ\r\n5jGHHFZ4mmvNnMpWFpsp5QVQ3Pc294cvaxg9NaPOUZBxDWgw65lOKQSjVZFiYMFd\r\n6Vz7dLoePbll+790SX5vmputY6l2xZKc95c03PuUfqPj/n4dGiXhOhiz/zBtFRO4\r\nIDRuWS27W7dMHtJ1yg+FuWEPMbfPn1rpeeOamZw6hpV7vrQCHolk/R6P1FsiEo14\r\nCE+aZmjTFDCqwTeNkhxAhQTbXwyrqtxxBa/uBguRl5aq+U4T/+MwZPoUnes/fz0o\r\nboAAA0gAAAAAeTsYm2kG4SVx6qeLp9R59NCn1IICKbozs8hXQ4ojY2aBX24wsdQ7\r\ns5kGjuF4xcaOTIggNCj2Xdc3xOLu1Cv2KWTtxOVu06WMe5ZDv7mDr9UghPkc1FHB\r\nhRESjWSKOOWZzZYYWEuJ49Hg+WMLymJJlUptHFY6rgdEgex3LUaH7jDLLDBwgJ2H\r\n/+NAZNwVggE7fzEjnIAAA0gAAAAATwcRBcHx8pQJymIywrpj4/NyqfhS+DUsr0JD\r\nhXKq15pI3CmQqss2chr2s2/9oY+8XV7Cdhf1Peifs862Vm/qbLxKCTtSkWHeJxQu\r\nk7h3gLMMiyjTbTWfsIO7ghaG9kHOG5BgW63M0mhFQZjEh/1yWs6FWrZvw7GNYgYq\r\nPIRKdvE3Ao71piAjbbjcscl1MyaFeqcsi/3hGd1I3KwRCehnKwqDB5leogXnHqi1\r\n6No8H8wQUy8/PBw9o21Dpv/jQGTrFnnfNW8ww/KAAANIAAAAAJlplJCigyXKswlb\r\nRDBbyk+0j8lKWB1DtziTsuLHBHBhWMYra68jppG3PwUm2inmeVUY2UGbl4v1HtU2\r\njbXWXOxoPqLzmjMNxc5diWtTzLz0R3YFwXdZHhjaXlPD9DX1yi6W8zS6PLc7X9tP\r\nvP/UZLPnQ2EP4rdlKUsYkkbjxLwWpgAydVONpOWbNVsSl6UcAPQlUd1yFtF/3Tsj\r\ngPTzaC5yG04n7IBvUTCAJvs6bc0HpN0+S7VBUbMb2mn/40Bk8hbeCzl/MSasAAAD\r\nSAAAAABIJqcVIiRibLaq5GXQUjPah6VfVrfp9GbiyibgwYjFm4wiSsZrOzBGNMjE\r\nZBDpIZLQDUULZ2TNbQyKJUlJjZDi1NbtsYEKxLgvBotiwOzQtsiAEYOsW52PHJ6/\r\nCJ67WFFworHPHBNV3USwmTdQkUqYIUOqE5I3JemkawDJ+J5CGNSEaBKSx+OTBgqk\r\n7S0qCdSYnk+bI3OX0yKYsugow5l6YRqLezRCEq862Trm7VxdtGToFAu+mJ45TMrX\r\n/+MwZPYVMgczbzEjfoAAA0gAAAAAKl0eo4KNNrszbXtlyyBDt7Kk0adoMsxSUnUo\r\n032JwGWp2sCgZmMrFY0+I52WVGMb/uHeISiQwRdRbpVhXJnYiy1YyVDnKlmsP0LL\r\nriiTwOAuupnaCFCR8q2VEAPr05HJJZ75XGbnIYYuYZoWaTTsQVRQHk2giXiQesKj\r\nFIWR8EdcdpbHp4Vl/+NAZNMUnfc1bzEjfoAAA0gAAAAAri89gWde0ECep0YGCwuM\r\n6/Z5etUrByMnzyzKnkGryxuIdjY9Tk9swqsyq5PV/T9WTX7e8/9dpH0F4lrbc7KZ\r\nTwNPdOLh6SR3M1SGnGoGVIhMzV6VCWyo93QdLS5DgxDL6j/H2ig4SVGeGk3UK5qZ\r\nbkomjGafizjk0DUUyDaN3IyB1yuJEJVHERnFICO/5JHbLqSzNVq06HsZx2Lq99VY\r\nmL9PISyfjwjs5V4uIoIjFKhwUhI7GdSfSl87Hf/jQGTpFtoHNW8ww/KAAANIAAAA\r\nANSlXOpX0Y9J1ky2lPU1FvxtONuv86xZmBoyN3SmuH4+TLjGAgwPZVq9Oa/v+Pyy\r\nn1zcSpADCnTizCdGp1iUzs/JeITURuwkzmRxgsypMRzHchu93zPKQihdiFwgZKWo\r\nRyT1MzWArTUz/OxrDSCUJBASO8NCwrTvkhVKlgIiaqtuSy3p6ujw88dF5WFAPOpj\r\nFFB6WGMxOTgrs3aOmlKdg+xIwyXi/C0scQKpwmEk+Gmq9oXrD0TNUeQFBSr/40Bk\r\n7RVt3ztvMMPkgAADSAAAAAAZzSKS5b3WL3mCxgWIyogegigg6RojcNIGsjNtyWYR\r\ndzsOxM49CXr/7TId0dtl6ik9SW8F3Q5Fyrs9NtYzk4ctaMsTilfVFtjmbm7HUdaC\r\nVhoIoJySiYHRFVhlAZatbDAofTmv4BBoWrtqpiER2JONOSX0tcyV6MDgOOF0tese\r\nLS0qpiyjZWwnFZ9TzJqmbhb4ygXQIyy6nP8CSYiCginJ4bVGKDpGFIHUNJhYKkii\r\nREJp5BoWZBCzisQj/+MwZPwVWds3bzDDuoAAA0gAAAAAE/M13xAN323337drTvU8\r\nj17pT597JO1VM67uzOXnCVaojRNDDTGLN3eXHe9MLu4eXw/lX97F75/tiE87X27+\r\n1F9495HfP48y0tj9CTm0PhnvzG2Vi0XGowIAqJNONyX+PrDZNIixbdOSBlyJpwgE\r\nbkxOqQzPH5PPHEDeRkuhOicrNZATD2vi/+NAZNgU+f01byWGLoAAA0gAAAAARE86\r\nRqEo2PCRKCgIlNiEoRGVTy+a9ubpCkwCGxN1JFnM5uA8BQc1RNnMFrORpjjTUnzY\r\nyDbMze1x/XmM8lmfc9VkRFWWnfyNutt8L5ZxkGZBebzDy6y52jayP62p9+NiI3N5\r\ncN4ve2/7WvH/2jni/iZe+qWXFVistaMQRPmcjbcty4/iBghIQkfYREY+TgUCrS6w\r\nyMoyWZgtrZgsVUKSQNKFxAWCrBpFEujI0yTHiWBULDr9aYFXaN6gZP/jQGTrFQ35\r\nN289Jj6AAANIAAAAAPFUOJqRWQ2qK1PaFiN5cFbzFJX01NonyDvFWtup/EXZxEyo\r\ncMtLCNqrlBElWs0r2OX5bDtkx7NxmjUXLRRaykZwokfuuUj4olTx9+NDOQLlGncn\r\nFH70rGVlOj5x/sGZj3rO2Y1r1suloVRV08QZ40rGA0SuuW763f0zvwWy2IBD1wmS\r\n66qGTRAftMZQoWXKPOdERimeUT2oYH4MHCNOQiYpVFJYgtJCktyWAlxubMcPNXOk\r\nSNZVEmFDkUX/4zBk/RY18zlvJSaOgAADSAAAAACQSs1LTzD8IxSOkaJjG8EVEEZT\r\nK0KwvI/0zV3CLMxu9NyjqmnaMNeFvyPatxmxNXWqWwrwzVmFesfajvZb5TS+HPnf\r\np9qkrT/p7zHq3XTlmMlb/+Jusw/GKry9Yb/CphMzsCScdjkut38A+6Tp4BgZDzOV\r\nvMB65OQuSxsuD86CcELL/Ehx9vf/40Bk0hUZ5z9/PSZOgAADSAAAAABWOGUk9GBj\r\nl3qNj7LSybc97GIno1yf14JECjno0c3I234YuGRggmjfKXsvdZJW0a7xG5eTlVY8\r\nwoQI7rZ9lmfRihK5qtT3ty1uUMpHvDpsTPZjsoaeQsghw+JlmYfq/ZnnUVe0jPYj\r\nVxIF5w1Rpq1VMcgAg0xd5lIeKUVxuOqwpFK3HI23JneeRLWYRaPJcLC2ymNQancS\r\nGjXoUqRJLx9Ml80WrExXMKr3aIa49TlaMxL8bJ92nyQOSMiL/+NAZOQU0aM3fz0j\r\njoAAA0gAAAAAdH9Yt54TbpKvn775YlZY9jcSJynUfkFyDXREX1Vxmagdy0SCxVCJ\r\naReWlkRWNF6IuHZQgThbFkbPOEnPFtXoE5hCKCKYQEkhYWmhfPIdJM6uXFsAP4cQ\r\nMPShozVn+spKj3Mw7kYlWKTiGhk6dc0NivzMNMlEPkk4RwL0UVhDmrWlEDTFJtyN\r\nOW517mDy+IQbSKiUmBbCIjNgDKRH5bAwQhRLooIVC+E5A3lkaxEiIDKb1tSSJWzJ\r\nAP2pzP/jQGT4F44HNR8ww/KAAANIAAAAAMsfJ0iekhIt7bRH5QgKSESbZiAOrSBu\r\nEEQ0kmFCyJOzrvIVs8x9QVnL1Ng+cuFtdbFeIZke0Ou+DInynys+Zb+vWQdpja7F\r\nFxfL0zNckk2b4tiq+VD0Ir3DWhtH7MucUptL381vvvTGjFOfx1A7XCaUAhGo7mTb\r\nms1q2o5zwfAhyuqekJzgUVLgpo7OjjRcocWMxNzXEY/SPRkhOLxso20LYhKkHEaT\r\nRVGytbxAg4+RITMySBGIGFkMmoL/4zBk9hVd2zl/JSZegAADSAAAAAA/WrooNp7c\r\nrul3dFKMpSLRZIpYqypkdZjBNJf9KFtT2/QWeedFWC0XVKc5xZTsisYIYLVbqxaE\r\nrvVvGxhSsqhUEVTUV9GDiiyKo6ZGdWN75uSbddVWVjPf4ClOjA6HQqWwRW2ZRp+M\r\n1bUCJP7t10v+/gZb4mtQCka3FtYdPFCmCNCbKtoxYRr/40Bk0hZOCzNrPSOsAAAD\r\nSAAAAABxK43OfWJy1xwq9kei800QxBpCRrCFtgXK6HxKcQPmVQKptQm1IRPiwK22\r\nyY/9nl3ibF0S1GjaIEkTTxZSenFFYJg1Ei+Km9h+7UkdPaTb5WXiMmrNIVfNQOjb\r\nzW3zJA1Q2CeICijSOWP6emkL6RenzTtz+85CDJqSJPRPYUzvc3sPphn1e8pvuf39\r\nvMuYa2TqNSTVkwIy7o1tuSTOi8GYqDIRDAGQyJ1RY2gCAlMea0zqoptYyCp4kg5d\r\n/+NAZNoWSfs7bz0mXgAAA0gAAAAACamFClEKMjbTSUkSJbj14m5kUBmXtbMU8Bkj\r\nS3NWi7QfYnsEmGr3Qe9ABDK/092YbyqTsu4zXYtrsv3UbbKudy6nVAe2g2ya8umd\r\nhTUYxTdvMFtb2t2OOZtt5YohyzC6pCsSLO/X7+bry83vvcMeE7eryE06QiEdxbIe\r\n06pTfKNVzSKmA0NyNS2W226+Ourb21ibx1ccCMNF64NimP7FBGGgQJxE023mFzR8\r\n6SCOBZq2YNjyyIcesLuSSf/jQGTiFTXXNW8lhrCAAANIAAAAAK0hY0Naedo3ATrq\r\nTYZRsWsuzHnlSEqhEKpnpoj8xg+hXkm9oli1GmS4ZK1WGLFaWjkFpIJZl/Os6GKo\r\n4vu3xyyitWXVNeVG2LT7NjeELZFofdU03jxJ+XL62zjX8dy4k5Kzu1tRWoL6NFVk\r\n+Gdm3vb/dn197fejQQ+ipRImbQxxuN3WYPyj8VZQPyflR6PjFBCFuaa0NNO5sOso\r\n5GAzJWTBdhdliUiqL/EcaU3G3yQtZIbogTnaRGaziXL/40Bk8xY5+Tt/PSZugAAD\r\nSAAAAACs54HjTLD04XDm0dQ4OB6D6MZG2PHMsqq1ArB5Tk/aD0sXl3Xule3xLcNB\r\n5g8aaOeqTMky1pSOqk+k7je/hmnvrri8fCR/NQ2qfS27yl8PVfTP/77RxjHqaXhH\r\nj6i0k+hNlyBEjpdstst36dnQdQEwUMnjAAT4MioOqLQPtvPE5hoVA+DwBic/1nHJ\r\niZWhO6J1AoKFgBAuquj2LGidtrTqOMkMG2VlzqVnwwFpSVETjzPsTkklYUOs5CkD\r\n/+MwZPwUNgc1bz0oToAAA0gAAAAAIMUyWPE+Heftylufcr777yns4V8YpvuVUev6\r\nz/3v28Kt9+z+sSehb47U/lvn2cfIyk6ZiRqhho7qqQOjoZKytwjMdqRK7KC+cZ8Z\r\ngNW2MEhtKX7bf79P0ukZePzSjIqGlgSjYZQNLX5OkRk+ildrEFX7tytmT2NgtxHy\r\ns6cculuhL4jA1Pob/+NAZOEU0e85fyTDyoAAA0gAAAAAsj+V06w6duYpIxMCux51\r\nytzSxCMKJziBR1uurv9BPymqPldTGJeEcyqLrexUb27POh6s9LaoWdF0SLPztBZn\r\nS0DuNo1G0E4zkJ1qhLZzJSd/eujII4q9eMVoRfIjutlz3VId71SIjtT7hxdQUImT\r\nIDKV5LHLJfmm8NUYu6GjrjxzdMdJzqttNAy0QFIKrSITLdvXQIbKvBLgYLjpMLlk\r\ndrgygisYGxaRLOZOLONTjrcpiEHBpZlCiIoFE//jMGT1FPn/PX8ww8qAAANIAAAA\r\nAFFWDM2WdyBCUD04LvajDoRaYKax0IZBpqwg8utrGZ3rv8035GmhMoQgwfgxLC3N\r\nTplUgQMfe7WZE00aixme5fzqUMtsZDZzP/9/vHvv/HRjHk/JSp8/vYsgxDqvWv68\r\nx2xtmoO1qCJDRuWy23XWcZjQICvXidREaHUnDzo/VCbkoro3sHOwsv/jQGTUFjoL\r\nM289Jl4AAANIAAAAABkyYROsgTQhpoogaEK1ATjS70Re1S5pddEgG6Qoi6NhCanE\r\nYEb6aYXKrGx1DFRRiULo0wsGmCxguOpDBBIWrouqoeaujzZbUVEoZYUOS3toiKWz\r\nxLKtmINlR8uWt67F95dM5JVFDqxSYR6MvmCoQaMGvjHs9SUPJJdCXtqa4qENZVUm\r\nlXpKqam+p+W/6y0qlxAiu5RyyS3Xh5SakiMzEasRjeLlRvX8kzNCbGRuLJ+v1jxo\r\nNGCCZCPZmRL/40Bk3RYWBzdvPShegAADSAAAAACbfp2jBJrLeLskwN1KmWJE2EIJ\r\nnUaDn/TqU31lybd3J/Ud3g39aC8IHlHQ6Zdln3uZaasK0SIroUDg6ZGUIpFFu6OL\r\nQEzbKsVR9Cm6Cks4p5VmJ/Y9nOVUOEvomCj5OpsMsg2INip9X8IXqSmhjGxWOhI8\r\n8w9WkwAT3ZtuxuTpd1nLLEMIVdy2fGhdfWiD6+sClRUhqHyaSTwIFEtcHSmnxkVm\r\nVyxdZZMnRKnULUmSRZEVQs0pLHuQTUdq/+MwZOcUOeU1bzzDqIAAA0gAAAAAG+5K\r\nMYKtL6+V71Yy3U4UydRz0kJF054YRsd7DhpYJaCRSnTKBBkgpw4Q3aqR7SQqERCZ\r\nrAT2EZw9w+dcli5NWpyEy3z+C86RglPipBHnNQyYwpqXvmhVuzzSzXmhqJ6pIBNR\r\npt2Sy213njCJdY/G70nSk3ZVi9a4rw5DYB4iF08fKkwJixOi/+NAZMwUeckzbzEj\r\njIAAA0gAAAAAnqAqhAIREj3xeQAxYAZTLYnFtdAe7Y7DLy/JLFNkfwUyGTyNuIqQ\r\naBA6hSIIjGVRRIQObiixJy00Mek4bXDVxTKjiAMxRPXyM/RCypVmXO4P5AUZBMN1\r\nWmIKqvQTAkw7rhAhpOGHiHJdYdNwwJ+0QUHLRc9f35rbFzPE8pqmIRNs5bLJda9b\r\noBRAKQwiEhCEhYCwXgIsjNNorOJhoQCwnQqNU3Tc3igEuOky7jYyDKNd40pmcoVo\r\nmCCNVf/jQGTjFJIBN38xI3qAAANIAAAAABVpYn8R+REkqjFKHCiyNd/ZUhqJ9lKo\r\nkYsFgYp9+EysPzDcT7v3jPl7SReW256s9F8iT9v3m7+lKPt2zbc1OkUUd0pt3v3v\r\ndz1W0fhd7Oi0EU2iRCE7llQ64etmqVeRifdB4DJ59N7Wn8CyzuoaliABmVNx1uWa\r\nVZbZLDR2HC9eH70EcRFjO0RvOvFqg/tse+Y2PcE+NaytfTqZqcqR5c9CgSn0W5j/\r\nrOUQNPuQOH79I4L1iu9dnXDo8XX/4zBk+RVx+zdvJMPagAADSAAAAADQVj6J+h4s\r\nZfhYJUhPLdBtbtKiV3mJyWSLKNSogVhIGMxRONKWJHYE7dBlTg2TcMii1BzfBEi3\r\n6hwyS+XNcxdGBuKEKgumlTmxQykQHCOwv2H0yJw6sDEuKEwCtAjWBoUAMmVjkjkk\r\nmULV44NLDMAE5uEB2eJE680ocp3jM0LjnMOwunb5KlH/40Bk1BWB8zNvMMPigAAD\r\nSAAAAAAfPe1fi3KGyXRJYJJMNz5cacWcc/1QjCGpgNY1MlCbMPktE9i48FjBKqOB\r\nkjhRI+qQtiGJuUJSIQO0mRlO41kl5U9g7Xk3ssac3SqVKqvvyrzHzTV6/U3NNujU\r\nIU+268ty70/MMzbT0o7ODDAUhwGpOpEYYu6sxKCcKgnLts/Y7dbwisIQa2oQJHG3\r\nNbbrbM4fHhhG+yLoqhuepGDqjD5+V1I9wD+euqVS8qM+cXWLHtUk92IhF53GXE/6\r\n/+NAZOMVwgcxbzDDvAAAA0gAAAAA8ekut3a0VDj49HKSJGvNZd3Ark96IwiMw+0E\r\nXgs9WJBcyIKIWkBrGYROo5J4SW+R5YUmj6mtWXVbsF2xPl6teJgRyS5PA2EvrR82\r\n76lakCIYyNzwRLdRcRafVXH0DnjmRlY0R1Lz0S3oIvOn8OD+cqb5kCI8opNAI4kW\r\n5XJJZhkil7RNXSbKGCgVDYSAmFPk2ryxani9UXW0aCiAFecwaDHIkDAgaIBw5REs\r\nYFLpCT0BIATSKUIYoMcQSP/jMGTwFVn/N38ww8iAAANIAAAAABQKjCQtRj6WbbW1\r\ne0YZ7eznI61H2ZqSRbvs3jRjprRjYhyvHu7ytjXnLaJ+ybe+8M7Jqje5RT5mY/r5\r\nbW17y/TKcycvQOrFKqDthp25N1mK+78ji6XMssI+P53WnPmqqBAUdbct9tu3TjRf\r\nHCG6oPIlsBMocnBy69g9rRKHsMC8RyNtubYaQ//jQGTMFGm5NX8JhhyAAANIAAAA\r\nACgWJnGjbyc6kfkqdHUbKrbkpIkSa5eiGN0xFbVE6hM2+KzUG1CSC70dLsi3RMs9\r\nmuxqCGPMy03BnCKCmF0IT1jC1iYhJE5kVmpCxA1gOOTVvCGqg5O4iHmsc3vCfLfJ\r\nnzRQwW0gakZOc4FY16wwxU7s1hEyIcOE6sMacshHQBg1YklJrLJZ/+2s8d9DEjYs\r\nmjASaBjqGGA+CIuPidlceb0gH2yImgUhNHRAWKCpVUhQGEJd5KXcsQ7aOOL/40Bk\r\n4xTB9zl/MSN8gAADSAAAAADCkRN3p0hRIjKjSbS5IyYOOCQ0nDCSRSqS3DT0SUE7\r\nkxSDuJIFlXV5uJ+rg1Q/5upl3dRGaV2Z15EGrhpjltbU7vBsxfZbu22+X7tsqpiN\r\nN8fueYnj7nlpl7tG8jfN3NrmSC8PLwtE+Oh/GIZTrK22IDJxt2227a5e7CdjQfEz\r\nYqL0DhHeC6I+sK2iMhXat0RUojJZka6iZIoa1sZIV1gKEiK00QnEKPEh5zkSBtrg\r\nOmNOOtRyGkAYhWQv/+MwZPgVdcs1Lz0mXoAAA0gAAAAAN2yqPcjXKhNHU0MT8Gqq\r\nDbnrgtBy0pMLi4u976eval2RoiPPJ6dKfSImPmY1U1x9srIptI0y93m6WuyZ2Ttp\r\nx409xiEmHJzO45yoGV1OGrKkhCD6b14Kwrk2P9AinZYCEo2pLJJZJM7VJWJ9oSnI\r\nJVEEvuFczFZYPzj4Sm6hadjgYpFy6NIp/+NAZNMVOdM5fyTDvIAAA0gAAAAAYbPS\r\nZc8MxAHhEesGRPcTUauSB5UKJY6M48yaVpRjUXqEKKHp1MZ5ZFFMrAOafVHlHMNd\r\ngLTr1OqN7s5TQ0mSovX1RtZGu6TOLC6REA8rPoO4MmGUYQQS9m05ydrdm2NZqiag\r\nm9DYPDJp7wiregOx9JDqqHN70vdJspzt67rBhjEheNuONyTXh5hFuUrOegWKlVMU\r\n/p4MBwaozg2vWcuCqiw4ipTyvw4U08ly+WFQrVOqG1XIlQ3UDk7iI//jQGTkFNmJ\r\nNX8wyMaAAANIAAAAAGra/THnmuhh8tBVtn0gWCTEhRJ5d0/jLnu7cqS21pQGoQ9y\r\nbni0WPeTg9JNChB684LDrKlqoidMECiZsIzFBFUguZOGAG1TtelI+SmaKeRaEV+0\r\n+IVUrVoMgd7YvQl6Gj+3gg5M/8KlhQICZV/0258w7M5wM0dFkZQRrv2vZyqKzhbF\r\nQCLpDxbnhEVUiumVQOM4oNLoWh4lQzVK2jTYMIHlEImMRDjSC2tZQSNvWwpE6agD\r\nYkexAHS8onv/4zBk+BSR1zNvPMO2gAADSAAAAAAVbEzpcPxrrpZ98yyBJCNxq5kd\r\nURqWS+s++/QEacqS4J6v47wfGRumQlhRmd7b2byM6uEduZ9XnsnmF3Bb69XvQbzc\r\nPWM7xP9zjZttmZjQjl57aYnWZbzsYXHVl0EhShu2lHrMthghVkEZ2IItbsk0Ypwu\r\naNoRHEhi54tQlGD7lS0DKNs0Gwf/40Bk2hWqBy9rPSZcgAADSAAAAACPxMoIGVWg\r\nRUim83utvBxBF0w1vAO7xpNWWs8yDyagg0dBkoreW4emk4zUf4SbWI21arTMg0PT\r\naDtKDA+LRY4oKx3fHvtnqW1rNx2RsqsvKzGa6iU7qG75Le9+b/9+4SIHQSIrQOJH\r\nNLyg7TKekIbS9+anUWSo6K3c0QXEnqs9pzYCAhTbjkcmOONeAGVPzHUQDupeIKhq\r\n3Cqd24xjZ5W3jPUoDQ2VQkMaCO9itMXqYd3JsNqktllalUF0/+NAZOcVYc8vaz0m\r\nTIAAA0gAAAAA6R8tiqw8vWNeu9uqrcsxzjGxxRrJujcXn/KF+O++/Vhi7CnYzAKr\r\nsdYn2DyoOqyKYIZzR2ICsBaKGgg1gxjmtNSuQsEKYpRZIZFlnXYzWw8Sa5sXVsqG\r\nZtxWYdq02IHLgyqMXDkycsKT397FG0hCtBAiScUtslkvS9NkJ86gDGN7Fw6q7xoJ\r\n1KWNctltlanxDfMmiYtQhPPW7OPH5hGuGZcKkENq1bMCpElYPTssnssHzOnvcrOD\r\nwQQMm//jMGT3FVXpM39hg26AAANIAAAAACghRfxWHibrZrMvBpSFsyku+jtSZZVZ\r\nkl5evbFZJmy772On5Z5IYyeHzhk5rWrGVZgwNSamrFSeu6OkMiEQebuckOCRkpLE\r\nMOSOZHwso9OvWP5DIqDjtdoZmO2ryqcCM8qkscktpKaCyEvyycfR+EoHyuIZSWnM\r\nbvvPVq0kfoQI4UhBuanQ/v/jQGTTFRH9N38ww8iAAANIAAAAAPLisfVULXZHriRV\r\nPVasws2X6vfbhKTv4zYOJCLkUk8ijZpoJDFyW6a+WbCNwjaF03bZqed9uhXUkGRc\r\n/Lh41Gaz/cSQmkD0+hqLHNJ7onaeVNxrtYrPQoS4RxjN8bpiDfwWFHqVzAQIOhSO\r\nQKzyosfOxCC6fbENX92zExDdnEDnHoKmICOq3ZHHHemlsUxFlaH8URBHc5qqrE8t\r\nXnR4JR63ZBlJCeLNX1PlrQlG9GCsnxnJJhk4yxflcZf/40Bk5RV5/zVvMMPIgAAD\r\nSAAAAABNXF8aZlKpbJJzuQU+gkMCLKMJamUXwZ9k8tE9yFbLuW+X99Fa99+oDkj6\r\ndmZ7P8nftrnyfShLkzH1qpCnqdHJSYdwQR2PMkHNHeIoghYt+NJPp/lnfT8ivl0u\r\nEylq0pjmwI0AmqjFTdxfJZMAI0bdkkkt6fmBYz50KkZTEIuFxewT16EkWrqLuTww\r\ncXLniIpvnolEp0/NVkYmH5qfVjeflS0w8uXtlhIguvNlJ1ag0YNkFSORYfp9FVan\r\n/+MwZPQUdgc1bzDDxoAAA0gAAAAAt7lplrOTRQg/NdZE9+hCcqKKt8pBAhUmJMW0\r\nNTlDcNo4FGeRaAzdDAIqM5aRx6SGEZDWMkBTRvZXMzzNnqAOhxNUVVlczZc0aEvA\r\nMYiI4ESR4jf5waIAjcEStTEShOW2SS3qL5Lz5+cj0DFLZkrxr0hKk1W0etuU56Bi\r\nEqUXZ6HPOvmj+wnK/+NAZNcVNfc1bzDDxoAAA0gAAAAAVIVbu84W7vlgunxibmqp\r\nheeol0AgdJM48OU6KKa0yCzURSalnCTilnoNrQWt1v6tBy5LRxv2slZaPxp152iv\r\nVbvk64tsa5IM3oTqTznrtuyCcGR/fRO7ywM3w3RKOQtxSdRlXrEUhqVQyRiK1ZVA\r\nDTU1OpCIyG0UvPWEARGZUo223PV/md/2Jdla+UD1qeQojkhD3byVphrOGpXKi0Cu\r\npW2aM9spGWFmrOxTuQHiQYnZGSoTDHATyZoQ2//jQGToFM37N28ww8iAAANIAAAA\r\nAKriyCpIAwDoYlil6ZsooyWaRIsijIFVInIfoQ1qRktnSfYuT7rs9+ypNN89AuDC\r\nlZpnzb19+3tYmxVVI+pBEp5pqih45XxZBQXlfX34Zi4CpaSLqRzWEpmczlBITlJ9\r\nIwxSlgRRpRBFssl22t13ctnXGGohm86PpfTj6WDQvIyS28w6sOhpUUjQVdQEMAkq\r\nciyTaeIgS2mANvRF0MFYmmxMeSWDQt1SbZ5BaRh6pQWNNkGTbtRKknlLWhP/4zBk\r\n/BS5+TFvPMOsgAADSAAAAABJClOepkbc+fZmoVSHXsxkvRfCBwxV0iVFGiykRqZC\r\n1cERlKyMCYXjkcCmzsW0hZiARXYOJBHQhswRSJQduXCpU53h4On6pDyjIaAm+ksJ\r\nQh7BiTInQYCkAkStNy22y3Vl+7CSV5SFRdLZKBcjllDMxzXgcfM1xyfsrjlcdiQy\r\nXxJRmK0xbXn/40Bk3RWd9zt/MSN+gAADSAAAAAA1DcisleYHM69a1GcdEYUlmqpf\r\nYSVUVdpwUsMSsgMSiQoYTTBCHQT6H2oRHoHBIGuxaB8+WQNswijq6MIyRpHJ8GMp\r\njeb5eanPts72/jYza6bb/e4lc/mI3zYhoEwY8XsZbVujw96SQIFMEZcJz4DoWBHt\r\najtklOq1qI9pF5wnuJMBtCAkkcctuul3ZXWmnnrCyq0xJRsYpbn5XcXmp9eBaUFk\r\nC1G8kCUfbL/NnmjeDWjQkuvu0W2iTUXq/+NAZOsWQgc3fzDDyoAAA0gAAAAAV5ao\r\n4tVRrGOO0Oj9MUONnGJ5abLLkhzRVBeBkoapdo0BtlJgUtxakaENqEghSa3kn2Yb\r\nyWclE07mHliouQOpIHk2QLWMZCrL19vPOVkK5iTsLPTTXpR9mkzRmZzNaU8u/k6o\r\npjm5CfMt8H/sMUWSpQEDZtuSRNytXpaZYo+B0tmCZcaFNDI/x8sSlk6EQ7s002iO\r\nYJiDAaI1FYisfdBHCyImX0/UmCIcPUTxNFIIqTm2VijGkOTbVPkqc//jMGT0FPoB\r\nOX8xA9aAAANIAAAAAGU4IoP9Yo+4LtqymRjCDcXgSR8CBdhhErS0C7BkDAMLKg9y\r\naal+DlPe/+Y3HeIsv/nsT7p7EIZuw/xoo8nzy6CMgmTcyNfDFxhDHe+96VhiGQm7\r\nNm2Qjfn32mcnbEEBlp9z7zD9hsGXgccwU3E67pZJLnNT548ufGWWLB2jaUul5cuR\r\nbolGSP/jQGTTFp31NW8xJn6AAANIAAAAAE7lnGENt4lyltBRYIDCCO5qqlerJNLo\r\nWTpUYGRA1JWLlUkmQaXkVgRFnJI5eFb9r59XV1OTeK0VOGEbqVX7NkEFECqa51Oq\r\nakjcSK15yhJWj1sKJymgfKy8PG5wxchJShoYAtCYbNlCYyRCNGO9QyVA6IsaPBU5\r\nO3ALbJklWcgWLVaU7iBe2SezFjRSAKFRomK9Zs0dhKjeKcJPBRPMQ5ZEpDoV3g1k\r\njzWkIFO/nbJTUfKa402SpSVFwTP/40Bk2RjaCzt/MSauAAADSAAAAAAAAE6FGmYR\r\nAORg+RoEEsiFg+SrrF75Cac2J3rTehT0zcV05oAIgdEw+wkFxWJno0ApIVw80vBd\r\nQkIgSitsLHRtG05JBOtc0KIElVAgVaj22cVLu0Q/cghV2n6PyY3EEMMa439vtfxU\r\n5UJNgpnuvEl/oHWUXcevtRdpn79PTEIRPu6Q4pEUsYiGJg7+kM4SQ/wgoR2WeLzn\r\nL8qVkwAjvtxtO107NTm77Q6VjcULnkRW5hXUamy+WW0Sb8v7/+NAZM0Vaec3biTD\r\n2IAAA0gAAAAASc6TIcD5/9T5eJpWJx8DdJ7ivcJBVFpU6N2nL2GDBByKfInepuWr\r\nUlslGii4kgvKvZ+0pFt2G5Z6eJN56xPw3+9XjkN18HwjNVRfFG5l7TQGmVjAkRGG\r\n1gTEgrFbyY/gZI3H8mqhRZU5ZBEvBbdWXGWYRQanBZBcGAsBOwnNf4B46fArzETY\r\nmtNr/0FSjpIuBaPRJGtr6cZ+BaNRKrUCBP+elVX6pL4zXiBFHyuHOuY05+KVlcJ1\r\neR0PU//jQGTcF6YDN24xJsqAAANIAAAAADNmn0naaj7AXi6WFt43GzlPVIqjTHzV\r\n3C9x8FZbatEXl6xRZdVjPZ2nRVtaNtq266hHa8mR3PdhykN1C1fM2Z7z0MCqGOhK\r\n5KJqGCamGbT0Dkt5i3CUFoG3LGYdg1RQqrW0JyUtQpER4KqpjnN1ZO0/0Ul2tWRa\r\nJcihrDpwEx1EYGVIxIpQN1W1ECONJ3WWt2087msU2Wj820RSSVGWBOOEY5GKtMYS\r\nu9TSjbpTbcothbKkSTKHCZKH7bT/40Bk2RS1+TluPYNuAAADSAAAAADf2MbsjdKr\r\nLzpEM1uRH1VwcQIpzi5YxNNIHPaUem9thRzVikrvAohCWkXOsYiieby/SR6mRY0m\r\nRSlXYU+vfL2ZcixAK0MbqsMBok8ioTZ+Ku2pEDAMUJJhbqdEDHBRqL8Mv0OFnDjO\r\nFEHHojMtjp4MmDDRs2od4xAyxUMhasQwNa67dbrrv0xTrS4vnyttwdz8illoC5yW\r\nRGN8dLhYo+eWseJz2JesxvXn08BUcjRwGbD8FHH2VpeZn9PK/+NAZO4V7gs5fzDD\r\nxgAAA0gAAAAAsr2zpuVIl08GGQzaY59EIdRm0RACn1GDShEPKXZSJr1VDzL1GHhP\r\nP6nDGOhfVT2dtuhUNW9jlHe5uiNnoaeUBmReRbs5Ojk2AiUb4yu6iSj4XXr9VCwn\r\neuaoRs2DKIHdWiMa9M2ui4q19aQQMevlskt26fmr02Lg2YXl0TyGxDEXT9Edcwwa\r\n2idTxdHY2PVVrrDz3W3TdDUGB5RM2kVzA5ysrsMbzb1VbgFBVyILWQLKkTp1NCdS\r\nfNYSbP/jMGT5FO4BPX8ww8gAAANIAAAAAGrJEEjH2Z651TaVENg6LF8pur9LamOt\r\nBYE4zBbASnu7ClesyhmMExmb/op208ozE8BZBFJ44MQ2g7izfj2sq0h6RbghqywN\r\nM5hKgNOmMYvV9K6lAhK245JbLetNnC7do7AqQB6REtLAlJ7MJ6dXoTimK2Mccb1Q\r\n6mtJcYt4gMzRlgqSFCcNH//jQGTYFF3nO28ww8SAAANIAAAAACxCPCqApJ2ooykL\r\nQK2K4hosONXFmSjprMEcFFK5IxVRayL9ksm3CU7zd+oZzyNttrzGBIqXJyRBFOMm\r\nD8dfF0WQa+QHoJyWg8qm0jJh0jjIj4/uHT1PUdXlbLd+adLTUWnlEZUlAjMq2w5j\r\ntxB4IdP2VblVEPs9rf/NbIWsgvALaqIBEorcccltrrEwGNbIYfEosnx0vLQ+0W6d\r\nE9092WxJ4msokawvoCt7ldUVmSybYtO7Y+uPXtVRk5f/40Bk8Ba59TdvMSaOgAAD\r\nSAAAAAATW3FrtM6Bw0Uc4uUjoNRY2hbpwp6JrhI9tgr3pP9bkn7MuGpsXNoEUTSW\r\nIqgwpvQsxOPDEszCmg10bkwC1c5WWSLx6Al5EVdskqUf08EFpH7ZbwqJXVrN+GG5\r\nElIYTubDunogOLDbABXNrFBnyiJjxBAQUaTcult3VLkpFsLiQfzm6wqloiUrCwfX\r\nMiwVT8+staE1eZuemnDWnSmhiyVZIlovWRVsXSQt009ZFcutNKGNZHcTjNArDaSp\r\n/+MwZPUVPcM3bzDDyoAAA0gAAAAAjrETq8V5YepECpvS55tCjlFNJjIsVUa1rco5\r\nNmW4+osVKFgg/qcZRd0VxJGMe8wjNSNA7KLemgUwpdErQSoFCCYYquAm1LrCiM3f\r\nKRwFzEWH/I46J5o0IER3QwqSGqGbiLQCNI2W5LLZb8QuuI3o+FAOpeU62oV2oG7c\r\nZUPmmA8dRiysEKk0/+NAZNIVggs5fzEjjgAAA0gAAAAAlKqWPgjLKlkl0npKea7C\r\nGoo7WEB5qLsku6mIbjkzqF+4uk2u4xS+HUVpolnp81pG5ELYkaiVgpxUwYsCEhlN\r\nSDjWoF3Fx0Eq1DGYRgaUwoYg+DmLQIO+EyMyFJsRHbCXy0mDaFOk6OQRChiqb04I\r\nvapNsuzIQ9Re2MciINxSazWzATO53pa5Ls5+WjruXqSiiqyDYax7OlcDEaZiKX48\r\nTysf1dG0wuwmvJkpeTn77mISZhQ8vgRgsTzjj//jQGThFLHZOX89I26AAANIAAAA\r\nAE/iYbPTllmlXXTazrlk8vTClo2dOVrA5La44abKhbULq0bs1DEtWS5FzSbrZvrN\r\nbl+KmTat62ZBocGkbt39K6vL0cp81u2jW779O7zhf1KBIsRZruLGUcT+QM9Zz3T+\r\nsKEpNOVqIXj9/unsJT+EexFrtDGLSyLKv1oOqHcwyJOeoLqOVzjICrMBFbFHJpU3\r\nbTy9rfd+oSVj4Utsm4ClAvEgHsFEJuGYP9Oo8gD6Jk6iE+lyUWCckZF9SYD/40Bk\r\n9hguAzlvMYaugAADSAAAAADZCmwiNnntoWhSncJl22yxZdm0ZMSHTrCk1+SoDeIC\r\nC9Y1bFOskzqF5mBMQilYp7JBOzmWkpeJy4mvZf9zDLg3NaKiBGnoxJpJOKmF0ym8\r\nVCSUqWyWkksYuYULS1KnxedOb29HYS0nPa1q7nU55q2GOmJp7X2dPXbjzZzYW7vA\r\nGcaAiKwXzo1BUHqUARJN2e663b9MOlOzVFgPEleWtiXpVEKpIeTGnD1Yq60tbAWJ\r\nKKCY40weMvmRXQjK/+NAZO8Xscc5fz0rfoAAA0gAAAAAKIywapI0Jc63OLQYIEER\r\nC2PAW5dk04LrJ6VQKKnEyUnVs25x/WKnN6jkGxlB6ccUivOCf6ezlsrjJu9zVpfT\r\nJGhjLUCqdbNljM88gzO78tr6Zaeg1G3HcxfVLq8hWy3f7tnzyowzJpVU578ln3Ur\r\nu9q97fu7qW4xl7nx/EZuZS1cmAo1EokFYdDgdFgkGgQUJEzDYHm/9BpyjAHf3/N6\r\nUv6lUtP/DLoqwpJXDAIEY4gwErC1gaobMKsXKv/jQGTsFkHvP3+mJACAAANIAUAA\r\nAD4XtDLQY2GGH6mR3MfihQuBGYJQQhFeJkqjlCvC3BfH8A0hCcZgMQnhoiEpiUis\r\nXiGjWOfxiCyxxicSKEQHGKERGaDIIjkbAhYWcQMihS/4lEvDGinEKxkI6FdE6k4R\r\nUniiYmpl9L/+TQs4nRlhTRcxND0VjRMgJSQHNmSnMTFRRMUElmpSS//4hMR6Z4fI\r\n5QZaF2K6LhFyopkiTrmJNF4mVqXWtlLZVZlKTypMQU1FMy45OS41qqqqqqr/40Bk\r\n9Ryx1ysvzMgQgAADSAGAAACqqqqqqqqqqqqqqqqqqqqqqqqqqqqqqqqqqqqqqqqq\r\nqqqqqqqqqqqqqqqqqqqqqqqqqqqqqqqqqqqqqqqqqqqqqqqqqqqqqqqqqqqqqqqq\r\nqqqqqqqqqqqqqqqqqqqqqqqqqqqqqqqqqqqqqqqqqqqqqqqqqqqqqqqqqqqqqqqq\r\nqqqqqqqqqqqqqqqqqqqqqqqqqqqqqqqqqqqqqqqqqqqqqqqqqqqqqqqqqqqqqqqq\r\nqqqqqqqqqqqqqqqq/+MQZMoAAAGkAOAAAAAAA0gBwAAAqqqqqqqqqqqqqqqqqqqq\r\nqqqqqqqqqqqqqqqqqqqqqg==', '/files/1074487974562938881/1545041261752/201812171807400.png/jpeg,/files/1074487974562938881/1545041261759/201812171807401.png/jpeg,/files/1074487974562938881/1545041261765/201812171807402.png/jpeg,/files/1074487974562938881/1545041261771/201812171807403.png/jpeg,/files/1074487974562938881/1545041261777/201812171807404.png/jpeg', '1074487974525190145', '1075200406356799490', null, null, null, null, null, '3', '2018-12-17 18:08:01', '2018-12-17 18:08:01', '0');
INSERT INTO `ser_inquiry` VALUES ('1074607653688205314', '李芳', '0', '5', '15596679811', null, '8', '3', '农民倪敏的哦哦噢噢噢哦哦哦哦噢噢噢哦哦哦哦噢噢噢哦哦哦哦噢噢噢哦哦哦哦噢噢噢哦哦哦哦噢噢噢哦哦哦哦噢噢噢哦哦哦哦噢噢噢哦哦哦哦噢噢噢哦哦哦哦噢噢噢哦哦', '/+NARAAAAAAAAAAAAAAAAAAAAAAAAAAAAAAAAAAAAAAAAAAAAAAAAAAAAAAAAAAA\r\nAAAAAAAAAAAAAAAAAAAAAAAAAAAAAAAAAAAAAAAAAAAAAAAAAAAAAAAAAAAAAAAA\r\nAAAAAAAAAAAAAAAAAAAAAAAAAAAAAAAAAAAAAAAAAAAAAAAAAAAAAAAAAAAAAAAA\r\nAAAAAAAAAAAAAAAAAAAAAAAAAAAAAAAAAAAAAAAAAAAAAAAAAAAAAAAAAAAAAAAA\r\nAAAAAAAAAAAAAAAAAAAAAP/jEGQAAAABpAAAAAAAAANIAAAAAP6S6Nn+OJmA8ArP\r\n0LjhNCA8GxggIyYDIgjEGxzxOhH/4xBkHwAAAf4AoAAAAAADSAFAAABCobh3Ruhx\r\nYvPqQIOX0xSw+hijQN/zTTTxsEPOithm/+NwZD4V2gsoAMfIAAAAA0gBgAAAP6mr\r\nTcvmpMopE0MYR//IuT5FCpJsg5uXBySfEFhQ4nIfw1YKXC5v/9ndSCajSmboGo9z\r\ncukAJopokRMCJ///NELoMtN0FuXDxROIlQmCsVC+fNi6VTy///9Bk1ugh6CF/1l5\r\nGYHT5mbGJuZoJMkeNUG5AkOKSW5OS76yzxkBeWWVNObLGsphSN/IYlseHYWbNWUS\r\n6NSSsVVh1WxNPEJS0bstKliuXSq7HU5GrDBwtwrSzSM6ojhomVHzxHPmSXd05QcZ\r\naiKpdKdfpuXrExxnuKUuRlI4Jp0+glkXOHQLlmG19siP3s3IHoj5+nLrRMQPM1W9\r\n/NXm+zL/UvN2s3db+dpDdxh5hGyw8nvb0OrEpMj2lOhpN1+Y0w78vP2mzuts/PwQ\r\nMdtm6Uhi16vX9Pt2ayoaqvgnHnn37wXYjpHWd6K1ITBNxusiNy6xB+UQnVK2rLkz\r\nngvXmi//40Bk5xniCz1/7DAAAAADSAHAAABSoFd0Qd7iJvqK5ju7bUkJORFw8gIU\r\naAUgAUR5JeR4wSugjGAwTEA0RiJIwhRNRl/2J3utmU5kVTXmx/p7f6NYyQrNjVq2\r\nm7yfU/m5TTRDA+9JScGCOeo5zajG+3c1J0Ql8ZsLIl/TVmKByGhYIFzOPnmXVPps\r\nZkbKxZS6bEyBiohOoGOWlMM5yCgZUznwgUxtIZiisxExUrjjBjlusZ/bIUCUm7a+\r\nVyevAYqpNZorJGFjE2OkMoyMlwKl/+NAZNMVggs7fz0jjgAAA0gAAAAA0AhJNQKo\r\nSdrRwMohtH13MXBA9awyaRpKtECREoKKVUc1uKvmopAtO007l9ylqk6eFkhNlEeK\r\nL1MwlGKDZKYxcyABZPYRPwmlu46P5O1bzJuaptMTifl+zs7YdG0VLWEfUa/ab8KP\r\n91hWGaxdnJmbS3x8iWOF+Wel74yHQ9z08rIw33Vs0VR1aidoyAq0EDEqOSQluy/0\r\nxC1lS4kb1STZuePqMRGzCk2E5iA5TiwiEMnHNFJOhDSFdUHwCv/jQGTiFk37O389\r\nJn6AAANIAAAAALhwgFyFk2Ro1kbC2KrOPmWJjUrNMnGnqKPR+DSh8cwwa2ti4rKk\r\nEwzho8RRVSCiDw8WyKS7lA8KIxc8Wk6543juRg/vyYb1WiZWbGjo5GjonESnJLax\r\nwqLipfFNcGr1cPvS1DX1U3FXrbTtrFRf0nLpud1iZAkkUxReavcbyCFCv5WIOW6l\r\nippdMWi4PCg8HkFAaFVJGxJ0sKgrdWMdhOHp0fGnTltg3HwiSsvzkJmzGjj6jUau\r\nX0kJm4b/40Bk6hV90zt/PShegAADSAAAAABfg/3bdayffMm+WMxMsPQ5y4xLCvTv\r\n3NgWLoLpAmuWo63orbdB67SDYkem2dG+hiC3jIjexa9K6epfGfEt3tZjnsgFhYYU\r\nbClGiEkvJTk9nDnY2auKrm9H+c5VjhyL4ruEmPPqKebtxqvbjceXda0g5FsjiJXI\r\nMRAJuWwiRzc3J8J1y4wj3IpLTwzPPzt9K26fVJFVD0u5dBjd29e6kLbtNvU7D30o\r\n6iu1+UM8/K+JtaYMQ3laQUUbvQQz/+MwZPkWSgM7bzDI5AAAA0gAAAAAexatwp6U\r\nuyWIIsjo8nla/zEbzz6xpzpQ1lc1ksPsNc7FeAar5yxPbLU6Zs5O0YfSJWOI11tV\r\nD9aZDqqlmF1t61LvPMJeyvzWt63ymXZa/ErEAnFC8OCJuSx1M/7yrCszVU5kMnNO\r\nUqzUh6NcxoEb7hMeMY2KFCnNn5AqxjASFaNtadu/1atq/+NQZM0YFgk5f2GDugAA\r\nA0gAAAAAmq4uwwd1nRlsWyuMP5Lt8rVmfhVUYdJmTSZRKSUcIl/KS9umfWHKPGmv\r\nUczJWmOi71ul/JCRCIpCE8kXC4YmUdFta07k8/TbM6iXhSwfEUcjF23BTmDKhFSA\r\noSgk0VokWW1GvL0fkyWTMXlW6lGuv66Ubuqdhqq56T32xr2vRjZCCbplJlKKSrIp\r\nHSUeNIYisrUb4e49M2qzllTaqT9+1l7IiLccOWyIqJWva3lWie2W2h+2Wbk+XJRV\r\nxQEycjT1Smu/K9jLO9WjkQm5XLJNMUS9KmONSrfTQJ0HNeaOUfNojquQiK5xMUPm\r\nH26LFdzH/+NAZPwYpgs9f2ErtgAAA0gAAAAATAVD3ECZ8nkdNVubXeyekj27a2qj\r\nmxwKQ5842t6+4FJ1mmo+9gzapUlZDFkSdDxsqsid7yujwRAMdPhCys+W2nTvZT4o\r\nKv63jGYvNXeKKBros76p3YaMRvIzGZbeml82szcX51rluvNk5/f1ymh2/l/rVV27\r\n5PqTMPvKTv11qsYAdHEhLFLrvhV7yrX20ucbSkmUe1ml1RcTUZne57FLY/HyoYYz\r\nv6vvLS0czR0+Fi3z/ztYRq1CYaqVrf/jQGTxFoXxP39l5nqAAANIAAAAAErajD8m\r\nrOtocsny9YcuxIE1vWlHCGjVW5ZBCuotmc/Nf6bIRsdpYTwj0UiQwcVjs9Avgm7m\r\n0OhmTPYyrLI8uOr5o/7/PCdtAkkiRMpabXcNhxwQs82UG2JNgkuhRAPk0zFDfT5L\r\ns993bFqp8Xed3iu/ZI5eKO0q6iX2p9QqO7+1a8Sv4BU4W1XGAVTW3JJLf+ctaq1K\r\nRrM+3H5W1hx1DQxtPLqTUBtsgIQv1ft/tBszRDKqtY1lrRwH6BH/40Bk9xht9zt/\r\nYYa4gAADSAAAAAAWVBZiYrrpkWmVGzDMCCibflQrvEkdfSKBVU7tYkVMevm3p723\r\nvC+WWptZ1pc0dOpesz9k6iLRPSg6A0a5nVWyTRzmROlzsxD0xUrXTwMKJEKGqbth\r\nyGaZEO7vCGvF22Yiw+0CJdydZlU+ROe8285VDdxo926GDGbbU70FU94EiuGZqrUA\r\nAQnjWkk3xBxmG/SQpTmomvvJlUN6PWA1wzkJsNaEaBdw8iNqqIzPHb8l1IuaZtYt\r\nOlj3Gzth/+NAZO4WpeM9b2GIfoAAA0gAAAAA5IRVTS1r0fbNT9epbgjo46gMEJlH\r\n9VrRgOqg4XMvKaGBu4dxnmrar2+eyNlcesHt3Gb65MSuoVrTRAszH+dS/RZSc3U5\r\nGJT1zcsg5IQhaQaRjxYPJEp9u5hIVPYh7OLq+eOb68bZSjVJtVZDJks+1G211c/R\r\nw+b0ssuMgasVdz1MTa3R6xC5VSAEu2PS271xLZWFQM0GMaBen5lscBcsO8TrK7Ux\r\nmqJ9ZXJ5XXhxaxB1LtLMC7nh9Utax//jQGTzF8IDO289iI6AAANIAAAAANNgjbI2\r\nVGYZBiEK3VJYSmZ61smQekhPU8lbFLSIN4lA2gQsbZGbb84wlGbp96zMYznKJAwN\r\n8VI9YjG1oRmxCVWy2aYaE89RcJzhCou7EYCNBAUcGIx3NgJATw89FnVjHQ7WaQlt\r\nIrwjgLc6bMinEMgcAIDRhpRu7pp03B0wUu01RAZLtf7t/NHevyqXIfzA8EYqymcn\r\nZVM/fQYrl2GJFVakcncZhcHvMKsFklRWR2mSCKoqrINwRHV+ehv/40Bk8BZaCz9/\r\nPSOOAAADSAAAAABQZbRJsN7h87tTVkVvq6dKDpZNRCLoViGZW03TKRFpc/rIqN5z\r\nOpXKSS15RGu34eUeo7LrW4zjRModgH6ZRO5MGFRgG7jlRwUCEV5ROOGBu5nvMqWq\r\nhwdyPSbU1pLHhGpqStA7oWoJ46JsYmf7sXQa1gIoZbsstlt1Lu6UkoFK6pL6ghgf\r\nNByKoIk0tIB6KR9TveSIEq46fMHnm19oyTGQaI5xswsfYhXT/9StE88jfSXm9lyK\r\nunpi0pMZ/+MwZPgVkc9Dfz0jjoAAA0gAAAAAI2UIM0Ds92XBU6adicat0JuCgY+s\r\nQyz6CN6RLvm19N9eqd58HCAqZNDhmxPRUModqDzEhaDIaqxjqyqQmH/aa6MS79am\r\nRnmtPjXPNz6shZVg6eCnAU1aXK6eySIHSjl2stu+vp5XBDjEplj1YHp5/KlcxxXv\r\nhqpsbstRxHaGhB+eLU3PtsXo/+NAZNIUme09fzDDxoAAA0gAAAAAy9EeH5dihOIG\r\nS4uu6pcTH7x+jct8ahi0FHW+UuxLSxDeFxTyyh5VKZinTlF3B4eX2OVn0p1og6X3\r\nJPiEoJW0FlVCCcV4fetEufn2XYuW+00UvX2K5Ws16ky09ON1t3Ytu2oJOhLfCMFo\r\ndzr1KPlmyz5szkPE4h81fN1WQxf8xHQOqyvcwqE6uQEWO+SWyW3EV8nDJEdEWBL5\r\nOakZYO4kYNof5pSQu2NLtWJeLxz3ziNZqH2iFGroy6TOh//jQGToFoILPX9hhl4A\r\nAANIAAAAAJZt7BYFBGHiyFuQkXig2KyWUQMpaTpkU/0yjb03nEwCOZYQokTUKOwK\r\nj909GsieRMJpUR2D5BC0Ko4VFou7mmljIvG+8JBSuo21q424ZZoY+xsaycK4xDqD\r\nwHxOYo9ZCIRBrtBECZUpubQdGtyQcLQ6znTwfk5MyvP4+ae07sbPnlLhMx/K2AEE\r\nasv9222+OFHUlUpqNtqE157O5D0G1ZitWm5TK6OvUhxOcZJOU8SiZMHNAqRIvNYy\r\nCkf/40Bk7xcx5TlvPSiagAADSAAAAACRHZCUA2eK50fxk8divWKJqhTsuK5Od+h9\r\nGxai3Bizdc82oA7Lc43L73UglhZbOZ6m91r+keLNPqzBx67jEVpWrHchshKo4ch/\r\nw7IjeLRVhkh5sa03SJMnQZUDaksSjvaRBQJTfpEPtsegynolqe+r2VuY3RYla+JP\r\nySYMHQ0eGBNAGXJHrbIDFY43LZrJbzVJ+daah7N2cX2psaOWw4/+E1FUvN2qlA3J\r\nEECFZK/9PImTAoc8TadPjYtE/+NAZPAXXc8/f2GIjoAAA0gAAAAA8yVFBCqaYi0U\r\nUPqlornTT9VbZOtEDZI9YbIxZGcg2WWJp5ipSaW/Lh6g8gsnQYw+GTebHZfWzEBu\r\n5o4N4hiyKgwcOdD6UYTVpE/DTCIhiKlTn1KfLEPVVTqiqeSYbfWbEVfoJUztJirq\r\nZga31Eu3DzY/U4GNLZML0EoppmtvzbUwI1K1ZPbdvTLVmCnwdwBmdqX3O9W2g/mQ\r\n/J3+odnhP0ah4X4mRLy8xbzvngga/Fh0/hIRc8uJ5MWiOf/jQGTwFnnHO39hKIyA\r\nAANIAAAAAEEOOPPszj0a/TN9mY2nBefzd9xgvvbRsSCqeOPXuVCe4WyrdfixbG5t\r\nxZBpKSIoR9ZmEZq3l2cgzZNbFEsNeXvzuCa7ZUy9wzmV0EtzbgkMeDixjk3O29Ra\r\nyPnZY/H20q85jcuKpFGkcJa7oJ7inbzWG48XkvjZG8JdJkeO2iqVuAIWTsTtuu3/\r\nOZbwgOAkWq0BXH6mKV+oYkz22uwU/kC/KZycbwDARLv6fS1ESoZQChrxWJqGk6es\r\nrhb/40Bk9xdp/T1/PYaYgAADSAAAAAA9HKBSklJsVfXZrzIcqoeVRCZxbTyjxcNr\r\ngcKPfv46DAeFJUdDzFMmgPgvLMlTho2hGLqghHjYsZnyi/EyMEaFixADoem8u1XA\r\n4wiSJq2Ri9nc0bRF1WNOfepLEEHDqsqFXaBiEh0iCQlB49B1WaxJd5yDHqSZUQno\r\nWocxwxSEa4jguKe3hxq1DNdUUgOqpAEUigdistt+OFvlaOWGnVnVpqm4+8rrzMum\r\n4JawsNDlqtclbFhaKF1HORfZ/+NAZPYZBgc9f2HoloAAA0gAAAAAFgZ2mCNCCwqQ\r\nquMtrioECEXLZg/1NlMyFQMShzOJri2UmcsLGtuChOTTUZcqZQMyiz+JCIhFTe4L\r\nXYeqFQOHAUVseAasHQOKYPLR3aoTZABmgejJUCIeF/cSYImqnDQ+OLMyI8oLQtEC\r\n38l/WY/n9y6/JsR5hwianKz2AfyBCSYk3cQCIlGnHdZbvqFE64OxdtMMrW9+hzUp\r\nnVYbK9nSLhh6hSpYQlxXMN2rItDpItokTWH3HBpCbJQJc//jQGToFdXvO39hI4qA\r\nAANIAAAAAGuN5I4e2/BkuXc2lxWDBIQmTPNMBh6zUVUyg9rkaZoitplWl3uCmcrv\r\nUGI4emnG7D3/uYz5UY7t7fLyTagnqOt4h7747wpubz2YgUQb+M8HM/rpRX1VvL0y\r\nb2TJH0Zm+D3xZOi95hQ3m4109zEqW1s1pvhqHYja0CpTfYlz1bUAM3JLddtt/1st\r\nAO6ZG2P4luFQWHgnMkRW9SIfybWBCJgGD68TMkxoGSi8RSaFxx465lCdaFZs4YL0\r\nhQP/40Bk9BbKCzt/PSaKAAADSAAAAABsqFG4yQve2gWJiSoMEjCGi5YCUAYMYgQT\r\nwGZVKaBHPJ6yZecSSSeNGTR708Ppby+H+8KmmMb9KP2dsTT0q5ym78kY8ezFo0eb\r\naSoJ2dhaOZu7sX+u33wdsX7Kd2qUOrJJlU9ZpRQ4DiGi9F9Bw1Yy8DQCiZIQFC45\r\na9td/MwTJ6Ul54lJPCOOKgjAu7MFS7EvJ4qUEyiE+1VNETrRFBKkNs8kWegIRonK\r\nLpChNAQF/t2KFz7sQXIve4+p/+MwZPgWGcE/fzEmioAAA0gAAAAAv3LWiKZBxCoq\r\nwi2mIKsLalGGxnK5/Hb7JfojVSX7BCa5QqToiVTZc75dPXbBkbcM3qB2FH8ULmFE\r\nnciUkbvSyBYtmiE7BYQKIOKe0OTZFkRISnR6GMmBlDF/1oPVogAT792W23fWIXo1\r\nadtSyrkmHAj6ISaE8e7Cst2FQLQHxxhdgh5AlloB/+NAZM4UaeM/fzEjfoAAA0gA\r\nAAAANC0J4qbCipGYsaKk2MT6IobkQwk9jGy7VQZ8V+kxkrMB42kn5HaFjaM3CMFz\r\niKLWksXr6mXeH5GQ2Tlkg6zor8v4ZGvTZK8/l+1HRFpftUKxjkE6b6F6xennIEDv\r\nVGKzEEbvwgV6KJ2nqqe8vOXOqZWKIY7Qr/tupx4lHcrPqkpTQes94aEEFaIAE1HH\r\nddvt/hsZosXOXB7DYvUIAy5AKMRJKmC8FLw42ngFmCEgXkjYpSI8tMwHmRIK1v/j\r\nQGTlFioDO289Jm6AAANIAAAAACIPUZXgfI8JEDb4piggufi4ygWXMgotZicNKCBu\r\nI09U+tWfFaWlk1URsqqQoJSjKKRfFTJdJMimkxJCOMJHCNz7X1uqXuF1OcPcmZXi\r\nxE+TFSSQMSp/jlbBReszaVQrL5U7tj5fTjKbbEtrM3P4PXb6yqSA+kd2MB9lBWzN\r\nl0crxeP9pRhDfs6PygyqtSASstc23+t3znMNtcH9VVJIWOG9kvOAfkqISTJHLK4f\r\nzRNeLKbgbPY8TGxBlzT/40Bk7hfGCz9/CYkUAAADSAAAAAB0hpcqHg8Tn3ySWZtZ\r\nJxcLtmtGBCGhGg0gbYBVR6xltAJmh2EJqQiorBoppJRlEgjkz5GTwetcJoSBVSxO\r\nLNXZxK0ZdQWWUqsSOQbPMrSWPmIt5ed8gqObkwlZ8bVWlpx8v2tQf0zsTxjfnhNq\r\ntkmxhrEZyAmkklFEjrGA0Bq0PE3jIZYIG8sysIgvyQNEMlvt/3105WgXlU6ph8Q2\r\nAGnB1GyWBSeqHiXII1kRY83FGofQUQfSKzAgaeK2/+NAZOoXPgs/fz0ojAAAA0gA\r\nAAAAQum9AsRRBnCiXb8Ft7dYhc+LMp3Fmko6hZFSNOSZHBFv3fg/AqZQQgDskXRl\r\nLUYj4hex7aCqq05jGYrxr1jG94qPiJpSXvrPQjlsU2I5jozExndjv5fa+d3h8qnj\r\nuW7OZlY6tZM0/Ja8rZ2slgR0LDl+W+v9lr26kufFKhWzICVGKS3S3T/UbMrwlCGv\r\nFRGjHULg0ujMG/PkNctaVqxDDkjDzEXGnlkMXQQr4bE0yWSrktXbjXnihlSb4//j\r\nQGTrFYoLQX8xJm4AAANIAAAAALGUsurO+W8LK6SFLlLTniVMNUXsyiegkaQK8/1b\r\ntl5Dt+9azp/PpNbRe9p3TDKyvrsVLfXd4Zr5UZRv15txpUc8jDeIqFvMTSLNLoeV\r\nNn/9b3zu2Yz/+En/kp+dc+rS00FCEtdFfnMZe3mbiJpRIWrDAAIpWW/W3b1tX1XS\r\n8xQ5VwlUsYznCTiED4ORpYbVmcdm8l5Y/jMRsvmFigIiUJNFic2YaJDM4TihWpk2\r\nQmC2UxQ2iWQIlEzCA7r/4zBk+RWuBz1/PYZOgAADSAAAAACzCM9JJbIyeXcrKa1f\r\nwjghkd+UUQscYdcQpZvBAQWHJSFgghPBlPZyrpnAu+VBwEcQ0CUJRjhggAnasqEM\r\n1cwcGbt0HqAx2RuHKjQIW9ECBqbV07bTRZZKC31J1dzqU6EJMmqyAAECJu2WSb71\r\nj/vG0qV23+ERG2Twc61HqnutUh2UUFSZpL//40Bk0hWyAz9/PSOYgAADSAAAAAAj\r\nahE5uTTnD0KYZUkcDJ8FmSAkQoShNibSGRIKF20C6TRRK7KlSAGWGTwv04KTSZac\r\nfoymqTB4EOI2s5BBB0FNpRhxFRrZZHJzlW6MRpFUTUJwSTNnVAgDyFbqaUdmbtNK\r\nLQMrlQiB0kVygnLB3KXuvEvDsz65SZpPxpIw66ZmyLzGm/mqMg6oQ2KZzdOXZlJ8\r\n+nnUaU9tsuXVxABRMle22s3+X2sq7gcuXIkKigRgJQDnG/kkTmpFTmid/+NAZN8X\r\npgk5f2EmiAAAA0gAAAAAwkiQbr3D3KD4BJeGQ5lk5SvvurGX7AyHRcse3jouFf0i\r\n65m4kMsOllE8L/po72ghmNOwcqKvPMUPm8dkqLImigse2ok3QKXOH+oJ8x7h0jYZ\r\nC1xC0OWcRKxkjmSpquO91+3ivjfech0qBFvV28lgBarPRiSTNU9i4asT3MKylJtR\r\nSktVZL16P2mx8ZN2Zd5kS/x8qU2qWChrKsEAMFFLd9rb/TMD5b8uOz6U46RazxW8\r\nIxY3CgLw2WZMgv/jQGTcF031PX9hhm6AAANIAAAAAGyrOKiaN9tKhIWiF3lAYiVL\r\nrLELmGDZtQ+UgaO31xCgagKjqBYjeaFCIy20YRrt+kNKwcOXjaJmLqMTPxzYJDin\r\nO3MjKauyog+FaZjqanyYl1ArqhtS+U0LZm+d/re2Sp0txnbvCXhmS+PsZvqH3ngh\r\nNyiZKYdHdKPqikDFJRMOtD0evbxXmvmM0dArdvKEuRq0ADRuNzfbaX/ELTeyR4z1\r\nnuqDlSakMAEbUENiwZhojaMNi5GjIeSvVFT/40Bk3BYx7z1/PSZugAADSAAAAABR\r\nEy2eIYiY0gzEQnWt8FkbiQgQOKFSVU2hZmR4FGpNKVI6G0wuhK1DFlmG2OiRE6CI\r\nh0ktZJompDkaPdiHSHeTjDVtEdTDHIYoWV5KhGJPdxrHsbFQbZxDzszPd2t1c/Zc\r\nu8PZevfwNiH2w+NVlSA4l1ko0QwjpuCD+b/q1E5Qfy2Mq5UP1LKQ4uKi1V03MerF\r\nUESuNz/a67fv9rm7gXkrmdTpQx47cngutpO6phsjY5wL8DaUVGGCw/Kj/+NAZOUX\r\nKgs7fz0obgAAA0gAAAAA6CRwjwVJYiRNNoZdKbkcS4nGHqoyFV7Ag1gPClZciZbS\r\ncUJ0Salz6sCxfMtNhDJZcgRwYTexqUIt3htKliqel1nnUYjHChU3vEzTTI0eQVSD\r\nOiUtpeaXqoGFbVYxMsZyK07zs5h4oOWRVbKOtYMPPFBIHhwdgoE4ikOSQziiism2\r\nZkNLrcukSPsQUnsi87plqoYgIYW5Lrrbb/LETJDhzv1wsQXqgQbZFU7a2jkT6MvV\r\ndrshY/FiaWaPAv/jQGTmF2n3PX89KH6AAANIAAAAAFoH1xQFAcMEoJmp9oURQwmQ\r\nI0JOPKIFDQqG2ozSJBIUIypqSpgoStBTTzDCjc9I2nMeL0Lcr9uilNwhMRvVSCmU\r\nG3eZL4UfsHQYGy6SCSyTf/xBPEfuwgRKfW5ULtUZrycWj+3xnKGvMDNoxGxMIXL5\r\n6hrjsZ08TQ54TBJdQ9TWM3pLnG9tKq2p/lmkU6T7N8MQMkJJdt/9/0uS2Szsi8WU\r\nqgK0K79YzsOpZW+t8lAZMy0WD0fR1BBGJCT/40Bk5Rc97zl/PSaMgAADSAAAAABg\r\n1JhAVJS6aI2gLGCac2cGiyETFhNoQXOm2jZPhM05Aufg21Kmk2YbAuu5iVVrHU9z\r\nOLao0gtGu1k+/WItsSxLWZH1zgyhRUV2UKtjpoZBwQMn1phRCCdKJ3m6Xk8FcFQT\r\njCQJqywqBkEKMOokwSQ7x2UIMxBDSUJxVlIxyWNbLHHprCTR6um2AFItSabba/zy\r\n69SYcsp6wg8PhVFtHGT1hTEKxKTD4urzTDy5Of6tcjTpoGjourTIhXHt/+NAZOYW\r\nOdc/fzEjjoAAA0gAAAAADJT6GVqJIfet1lDMFYEhYLluk7eO3ns+1W1stk+hJDJg\r\n4hBMzIOSri4K03ysy8e0WE1YKzJcHk5nuO5putaf3ZLAqLesxziJm/C9VJ91OmQQ\r\no9pnBzqoyiCVHbAkHAoB0FdKFEy0qgtCVLIhKRYf1zNECFvECV4G16XEMHVFW67f\r\nbf/OfydKFEOK3Y6SUpEz52uHI3bjJ161RWw603Ejs0BvKw5vRT1PqZOLlRUePyO3\r\nCQncROZJZNs6sf/jQGTvFbH1PX8ww9aAAANIAAAAAOSGliKSYOrcjc7W50+fhFlR\r\nJd+uu9TQRaaTFAdBOLgEHMCAaK01GBIAgYRhKLBRh7ExUCq96UINEFByysCmgsyB\r\nYons1jsVJz2fdFkNxbaxNHvoRhYUWwlqM5AXZkhNEybQs4WdbMPCn9hLqsQQVErZ\r\nN9rt/0pcqX1rdKCssh04ICEOjSddyYrHLB4uEA5SJWUpfDo+OCc4asp9ETHSR8z6\r\nSSWOg5RJBAwxSWsNoNUR3AyIXIdkpAksWLD/4zBk/BWF9z9/PSOmgAADSAAAAABx\r\nYahYyS0KPA2wSPClheY2ZhZhUNt8tRfg3f7GEE+IVczN8EiSER0QlqhEIhELKUqQ\r\nimaUUdNido4kjywC3DgbB4CjCw+bquSU2tuciOYhOCmaAGQJ1bQAMkk5Jr9bbXIe\r\ns0+OT4+kloKTw3eHmLI1qYcoDtlafLqYfRtieZJVLj6w+iBKKe//40Bk1hSV6z9/\r\nMSOWgAADSAAAAAB4yLoRAyuso0xad93WGzKI0yXd5oIFpnUb025+m1s9upZSX/SE\r\ncjyS/kwNwETEKafOptrppLNPmz2TVNJK5OEEEjYhiC7EDJ2MTuhbeEWRhEVUekz8\r\nsjOWRduiHDsFbRuFpmZusBbW4HFL3M/L2aG/zlCVtQE0bjUu2tt/VzWksoa8JR+S\r\nlaKy8zQFTB9QwNqYpMAbXgYROKJpCJdd1nVWVrIRIGVGypPGSFAQwULLFcZ1iaqp\r\nNTzLJMyu/+MwZOwUcbk7fzEjnIAAA0gAAAAAyOajp6NcwGm1kmo1HDz4QjhM9Amz\r\nTWdd8vlWGEEbugoQDTKLy1TZ1wi5DWGa0ZD/enCCXQGwKf14c1SFppHuRniaciwo\r\nRwj6bxKTYk4rMilR22dCBsaZA/NqQEagNdUBJq7Jd9ttvWiWYD6I20b1XP8XozGq\r\n9ItEtY41FUgsNmLB3qmJpE4j/+NAZM8Use87fzEjjIAAA0gAAAAAQtJo00lXni7M\r\nGIrvQMnTSCmBVjpJG2UKSzJMLukQ7c15zQswlY7Jo7bn4tykkjktjcAietJK8ShV\r\n4Y4dNTJG2lhbozRSME2RhpmD7j72Y99Rx0+rPlI1p5r1rNNdKbQKTztmNUYakayF\r\nGm3+roxoilY01PsuPro1jpPBJoxsgtC9mvTJ5rrA1bQCJE6k7bJJfW1OgOnlK4PF\r\nw5E8qJx3LRUWsHtyQykS8V2K6nOl1z1uCrSyY6xo0N7iTP/jQGTkFgoHP38xJoiA\r\nAANIAAAAALsvQasgOmnmkqesCb54yPeYvU5X/VnotP4lrENJeabrEltZjLAJSB0I\r\ndwiOY5ZQWmbhFUFm0IwrIDuCLp+CXNCpZs9UdBKsbM3m7q1qQzJZWvYzyVfZI3PY\r\n8a0opviTwi27Wa/afNtLzmqjozsonxG78RmS8g7IAES16bf77f6r7sTnGnnVGnqU\r\nUT5TwOnob+Kc6ydCgStaUhVbV3EZoyGFeqHQK0WwUKGiCQ62eehJFVbXYXNI8ZXa\r\n2Vn/4zBk7hUiCzl/MGbmAAADSAAAAABzlqKKuD2NRURw9n7UgiTeqyhfOTQ87YJr\r\n4OaRUDhZkAiaFY2dVehFBhXcQUJXcqQyED4bIMDb0RHxqx3DHYsY9D1BdLimQg9M\r\nJmSG0zChg2fK73ubHhBGC4D5gxFDZZN/mpMCAlJbkccl/lxAfvGRnJCjjiszszn2\r\n6BizFbTXDT7k0Kauggn/40BkzBTV4z9/PSOYgAADSAAAAAC2YPE0DdoaQmCZGDJh\r\nUlbItg7MzWdWSW3VWVirBo05UxJfxRquJpRLuVbamhSZTNyOVPMS2cNjDHLpbDS1\r\nxKi1B1hEKq4s+4YjtGW0OEUWTQXf0MiDkqBOBSNodw6WFEJqKRaf/QszCIbag8mo\r\nomziFWMiJwQNd8GSxdmtQzJYaDrC6oMAI3Tcuklm6UOUIyUI1xOXxCSwPSokJ0TF\r\n2BoJAPlYgQxdBVvlW05dCctDxGOrR+8PUmlKxoM4/+NAZOAU6gEzbz0jfoAAA0gA\r\nAAAA+ayTyY+B6PsKtF5UFCniqlAoLNNBDyYLaQGkkXZI3EU4g/S7vCiWw9+z0ML5\r\nfKqYuG19eflQjBhFow+aT1FHWQ/QMTacmIYRXJTYqOYilTxDEKTRiQIhHep8JCK9\r\ndj2Od0Y+w0Nmq/u5Sx6YJDDqQZQCM4WpLdrdv2JfQjK2JBeYpRHUHZMyoCK67SGK\r\nPUYwdEgnQEAsSZNRG0BLmSYfJ0fGE0kYgWkXTcYQDaQFLLII2OU8Hk0D3aLLxP/j\r\nMGTzFP37NW8ww6yAAANIAAAAAMFMWViyRwEmXJpDUjqKgnpsPrnjiIp1wVsU83M/\r\ncaMHO2maBRpzFZc7rU3L9tMmN0dtu85rSQNPya01DF3uGZl60nZn8HfJ7OWY6CNH\r\nMhs4l8jfBvjzkbelCd0wp68G69HWz2py86URBne1u1t2mW5KQpshnQQlM+UqGi+c\r\niWm490vC9xXRXf/jQGTSFiIHOX8xJkyAAANIAAAAAOWW9PC6fHjrjm95UOlsrwQH\r\n0gLyyOSFZVGU2WZQlLxs6cPbaKOuQLpWGnPuVqs+rR65Q+s7EfXa2r583+Vq80mc\r\nVUovbzITRYzc1DuylKZ+1G1o6AUJh0+HK8yFwwehg/jbotBtmoqA53nUnX8J+agt\r\nvsfHcZePt3HrPDwdlw+Z8ec1olr58AHT46rFAyGOSXf3//5LGwIuodgTLywe23nK\r\n1Piql8vt0Hi6K0TByVIz/In3nIGSoVz0ioP/40Bk3BVl+zlvMGb0gAADSAAAAACG\r\nLI8avXQLYcSMqC2lNUmt5eE4M8OT15t2i7I7z+8veR4sza8XbwPw2devj3t5UR9o\r\n8+yBBORuYQXFzPtNiRJ1QcJ/2bRryfs+ruPmnPZG4pFjZSb6jZNUVLPO2btJwShA\r\nMkAToSsi8tjGyLu6ssSuRwPE2Jcq/3uaEGE1VbYwNevml1t2zpPgAjJKEAm2yNER\r\nGVDYoTKMIgCuQRIItCuJAswSoxKwFyUaDHEQsOQUAYS0ZxhLCDkEwMaU/+NAZOsV\r\njgU9fzDD5gAAA0gAAAAAeaPlrRi9soibxe/Cwm45RGyS0GvmkmPyiUaRYDOlh4Py\r\nUFHOVKGDautQOjEbPhWAYbLEgCUF9NgybHXhE3dykKi6IkmYLjnGCJDLYsQjjQ3C\r\n8MxUZ6IzJDNUIcBQzeKDXkcMxfeD535qHCb76WWWXX/xYO51psGkuS5Ha1sl5Hyi\r\nenLItZMJ0ZFuxFAuSky6qTBPJuKA0QrpH0i9lojJKKokgkLQOispNZobgakNQLGO\r\nhAESZRoORIHY+v/jMGT5FM3fOW8kw5qAAANIAAAAAJR9mTYPV/OPhMMiblpW1Vtz\r\ncl7KmTso9rKNLZsbJ33Kp104z1Pv01zGOyJsQ69qIg6nx6Z615mIsyelABTAnKvZ\r\n0uPiO7+kOU+Oa8ln7JDnMVTtM/p02kshWqUANC45bdrbdM0/TGjkAisIYhVNWB9K\r\nzd8weSQAKTFhWfhLa5ZVldGOjSSEvv/jQGTZFXHTNx89JmqAAANIAAAAAF2KVfrW\r\nyCuxs0ZcXK7wM0Jpd9949W1KqUaMd4wjpf4VunY5O05JWZunldJGXOko4yMHEdgu\r\norvDw9no6nTwt2zXyRRxl1XTM3J30v7r7SL4fSIKxtkjGbZh2MElqftSFSIVrXel\r\nOoRU+oyFMlDr5tRyhLxUmm6WIs2jEgHd443HLa5ncWDxcNZHHoxVWMkNcdKiahI4\r\nILJSqdGZUHoziM1a2PK8wNRwPJfUH0A8EsuF9EcnN5rutRhSOoz/40Bk6BS94zl/\r\nMMPIgAADSAAAAABCEIQWGFiqs1kEqqcKU7NOVCe5uU9f/My65mlPfQ7KOWXBN81O\r\nKwicqe5edq+QLLIjREncir0n3fQ8shX0v2JFikyBWIQbCeYSzE4GPNFahtHDGqKy\r\ngOXASpO9gBnaaCAiTakttsm0zh+0SFdl4Mz9OkL/QwLGNKvKywWiE5hxay5Witzd\r\nU6p9EWziJcV7SnVKGja8FFpqkbMhBdEDxdVhMUnrUcEuiU4WUpPVoI09VduVOHVb\r\noK+G404R/+MwZP0T9a01bzDDuIAAA0gAAAAAdadeSkaZi6OxZzw1r93vubPGvqQP\r\nhcYvraIVOm5Q+kdnWjfqU8NqjIbgjMsqozFKnlF0BFkvutJViEjmxZqvlMw9phAj\r\ncUk0ttt1ZZt66AlnAeRFolmrh1kR8xEuRgdJQ7krKWvZWyErR2ysMTwrFMzIvwmS\r\n47oirichvukJ0xZgjQkxk6ff/+MwZOQT1gk5fzDDuAAAA0gAAAAANl6oCfEX1Mpw\r\ndUUglIVlA6ADO7B1hQiBwVRkgVIDAGwoURc5YOgus+hfAoMXLcjEk52kaAnols0Z\r\n4yoT4WKCJuQE3VJVj4CgcvB7GMcCXWg+OZsxO5z2NzCn6TJmqFQxNk+poxATFqSa\r\nyS7svXXw7gOiKsUB4dlgcZPWXHKrzZwxEMsMWpKt/+NAZMwU+fk5fzDDwIAAA0gA\r\nAAAASZFU8PNNTO9V9iZbn0Seso70RJHDszgeYRN2eud2bRVguzBA4P53JcNDzOPJ\r\nSQKR6cuucdX1CuYChLMqCd7dqx3TaSVamq4IQQNWWmcvblSJLcxNkvjkTwuqEI1p\r\noVD3CVDYFaMh/A5loYYZCONVUR6Gb1VBcpoJ2VR3isPmKjXeqDZWdhgzEwgoSsMQ\r\nI6EnrdtZfSsD97pQxZbuanV11ZM8HaNY0V++rYTyGzbjZTkTb90Oq81c/Hlxs//j\r\nQGTfFc4FN28ww+KAAANIAAAAAGSYgyZ1tPdnIKymjh98/w+XLVzx3RhKpfKxbaeL\r\nLKNdzjLtFrNstBRpy+uZDe1qXq1Tl82c3NrLaazto9wm8sdq99zxzC6XHvul8j3d\r\nS5CkYXHv9p3/Xe+VHfYx5rE7aorb+lpWLOdN736X8KeTiNXg2rxskebNBbM9kdOL\r\nOgaePUuShNJYnDqoAiPu7prZJPmBR6TBExIhjJFVPGVgfw1k7Ibj0OsogeLmrkSB\r\ntkgdUV3DKokkuGkUAIL/40Bk6xbyBz1/PYaOgAADSAAAAAAhWfG0C64qEZEiolSF\r\nBGa1EfRPc2lWOKRgslZMhdI00rXthGRndawxZWhjmVEKfUHm3JzEusjLg0oRhiWd\r\ng6eocHFirzI+qHXNS0rNo8uiURYgKyCtWLn0f0cISmIUHKGBWRwRyTED1OW5QGkO\r\nRQwZSDUgYhAx37nx7rSVEN90lVf00aNDQsMw2tUQImOdm1bldfOPODIHAPj0pE5g\r\n/jLqc5Vua6gk9pOalUwpqfsIIhMF45fo0vsrhJkS/+NAZO4Xcgs7bz0obgAAA0gA\r\nAAAA67xa9RDsdbjL2LCH4gFLJzbG21vwIM5ZhECJk5CchP0s7wcJJOq1SoGdgNEs\r\nwfr03cIj03LI5RpwDRdx2H5B3et2l2/CS0eMZjr5HVcDmS7tYoZI6LLq5PS7PHnX\r\nTsU8WKlFNbyohmtbkyK2UPFarKuDmbuakZNnJbXCkopXCsamASdhx3be2XTNsIRV\r\nE4dlwGUbBTISNcPpVKS9SrfZcuXxuTbLT83gEmNQfFu6uzMZgZwqTogKFFiZTP/j\r\nQGTtFjn3O28wyLaAAANIAAAAAC6cuKC4er1CpbKw+K2pTmPsXZAVkTpdREtKhrys\r\n1nKUcUWNT5Akt6W6gLkkwcwLtjzb5Dd/czTcdCyyimriSREt5zCC9RjMb5ZPMuyn\r\nk7cZ3inj5/rT/y3SemY6W5IIKKKdj0Pja766i5hGLzfG+ayV5G6ZQ15RnWOlh3cw\r\ntbICFd/2v+1/rRPOHAgShh2tNyeFJ6gOiVgOkpCTMLCeIkVLk9aR2gW0wwRWmjsU\r\nCLFXGEIXBlFIMFRAhTf/40Bk9hcOCzt/MMPoAAADSAAAAACoYVNt4jc3ERrNp4yT\r\nRiQMEhEULigZHFJNpvi9OetQUYhOFYRl2lumvBhFlmd6mw5krTkCBaSDRGXefy1v\r\n2SaEro7W88tHEXulLp8catVk219SIj1VzqYKhMPHWMsdJkmwMumHs2StxY4favFT\r\nfUN5tywy4tSZTPGc2Qo9swBTb+R/W7fHK7+o4/VW4/UAJEBcjbPNOdhihpbO8Kz+\r\nU8QiMudlWiVTi9lEYLDnYVRIZjVJDjSyXSlbVq26/+NAZPgXGgs9bzEojgAAA0gA\r\nAAAA5mB7Xcv7rCZdzVHj2FCRmw9VRHi9EvHvV7GrmNflyx0XT+GzkD1IWlFqPZGt\r\nf2qy1IZbrOawucGXIeF5dP7rxEpXN2mi2Va1oqcYj90IyFISLnMRZMBUHBcQWpZO\r\nRR5SFIfFVU9b3Fxfr07/NdTrVwQiQMbgiUVeGs+h+4Sy0gARhbk8/s2/1D+T33SS\r\nCRpZKWuvFmhv3skjE6cX5plwYUIU0rykSNRVGYRBYOoyUSryIg/ZREtT/cJrmf/j\r\nQGT6F5X7PW9hiI6AAANIAAAAACNuy4xJXdthdlRpEYzUjkxBZZpkcxylyTSm4rTT\r\nAxhhhoWeu4EGIGn2+nnvEvnORRPqRTRMf2Zj6+3aeNGf2uG+THyAgm+WvSkED5A3\r\nU1P9aEML13d5xrx79U0shDa0c4ghGXvf8mnqoe9MIeAvWTZDr1Oz072vxTCERTk1\r\n/t2/q/8ILx6xqdNK4XMEGEAAHi7lQcC8uXHCeoAKjQKksFVKdIlMqqI4CgM+QOFZ\r\nuegkklZOH1yEYMhvew3/4zBk+BZ+Az9/PSaKgAADSAAAAAB5oXJvJBKPFYllUSET\r\nAvMgtQ4wMRiIUSRIF0Ch42UuTBeIJUOEjAdOFpKPNG6x4yVjlaoRydHJjWOy9mTG\r\n5TSHpy6XXjTLwNOndS/qc5SGZsYR8ueMoCqjKx+cLhc0Ti+ujdJTSKqtemVXualN\r\nbdfCqQkrtWKxHsdlxMPjs/eKy86JBPJTrCf/41Bkyx2qCz1/PSxuAAADSAAAAABa\r\nXFrkZgeoRHM05ZHk+fHWjZwRi0SCUxQgFwwS0Tr10K4SFbQBZImnLdf/1it5zSpJ\r\nHLekyYBsGQZEF6/VLg+hrbpkZYIdj4VYDGsSn6wxVbP6un6GvVvrkd2dL8U0MVW/\r\nTGoGYcTUPlZpR2Lj63skTcXxLX7dZ5FdyzssN5aW9M13oSG7SGKO8EE/3cyzeJ2+\r\nV2hzZ2+Z97z7S5+HoNmb9XKUotcvWZn79y1m9nYL0pMza1p2b1md2Zmta26+1z9t\r\nn/sWd9a1s5fF3tR5lqstVtD32rM996TvVo6KPBFFoiMOKBEvdqdZZaUhVLsgOzj/\r\n40BkzRdZ/zt+p7AAgAADSAFAAAAiJhVKcH2YMsDboMCFhIZl6NPj4lgEIN6AJijt\r\nkJIjTTpOKgxixoQGgmQOItQaaFAgCQoojkiUt1kaeC9rToJ1iwaRTUyIcAhsYTGf\r\nqXJotycNdKQrzO+yK40Zur5pMxBrT8ZuK2ypo+qV/21XS+zzyeLLZYG1rCkvPC3Z\r\ny4RGnBiEZpGARWIOTFG+anD75wBjL4m8cOtrKYs7D+yF33/gSpCJ2Vupahb7ZSi0\r\n78iZy1GjnXjeCXRyA6ka/+NwZM0o6gsjKs1kAAAAA0gBgAAAmZOyaITUphuLQU5U\r\nO0LwVJFFm6NnfvCW3u02sKTsqht5JNNOxILkjqPlFalmarUPMlzNah21jQww91ux\r\nYvUlt/38eizZgKkiL6Oy60seylp7cP9vUmVWDITUiNqKWpmWvzUhqlt45Ucks1vl\r\nXb8qpq1LKok+sVhn7stVtBYLtE/8u3CyJ6qGCwqFTiINCYqCOLCplZEiatVChOJF\r\nTYKaVuVX/////2FmJBSAqcSKitQULC1FCx2qqsMzMzNcM0kmwLA2N2ZuSRW5Va2K\r\nOqGtVqGqGZrkVFWlVqGFhama5WmamZmuVW5VVphYWWGvVVrWtmyRW5VV4KFiQVjw\r\n6F///DoouKbkTEFNRTMuOTkuNaqqqqqqqqqqqqqqqqqqqqqqqqqqqqqqqqqqqqqq\r\nqqqqqqqqqqqqqqqqqqqqqqqqqqqqqqqqqqqqqqqqqqqqqqqqqqqqqqqqqqr/4zBk\r\n3RE9jR8v5KAAgAADSAHAAACqqqqqqqqqqqqqqqqqqqqqqqqqqqqqqqqqqqqqqqqq\r\nqqqqqqqqqqqqqqqqqqqqqqqqqqqqqqqqqqqqqqqqqqqqqqqqqqqqqqqqqqqqqqqq\r\nqqqqqqqqqqqqqqqqqqqqqqqqqqqqqqqqqqqqqqqqqqqqqqqqqqqqqqqqqqqqqqqq\r\nqqqqqqqqqqo=', '', '1074487974525190145', '1075200406356799490', null, null, null, null, null, '1', '2018-12-17 18:10:05', '2018-12-17 18:10:05', '0');
INSERT INTO `ser_inquiry` VALUES ('1074608581371781122', '小黑', '1', '4', '13474370876', null, '3', '3', '发烧，咳嗽', null, '', '1073503060334030850', '1075200406356799490', null, null, null, null, null, '1', '2018-12-17 18:13:46', '2018-12-17 18:13:46', '0');
INSERT INTO `ser_inquiry` VALUES ('1074608976584269826', '小黑', '1', '4', '13474370876', null, '3', '3', '发烧，咳嗽', null, '', '1073503060334030850', '1075200406356799490', null, null, null, null, null, '1', '2018-12-17 18:15:20', '2018-12-17 18:15:20', '0');
INSERT INTO `ser_inquiry` VALUES ('1074610723360940033', '李梅', '0', '6', '15596679811', null, '7', '3', '非常好', '/+NARAAAAAAAAAAAAAAAAAAAAAAAAAAAAAAAAAAAAAAAAAAAAAAAAAAAAAAAAAAA\r\nAAAAAAAAAAAAAAAAAAAAAAAAAAAAAAAAAAAAAAAAAAAAAAAAAAAAAAAAAAAAAAAA\r\nAAAAAAAAAAAAAAAAAAAAAAAAAAAAAAAAAAAAAAAAAAAAAAAAAAAAAAAAAAAAAAAA\r\nAAAAAAAAAAAAAAAAAAAAAAAAAAAAAAAAAAAAAAAAAAAAAAAAAAAAAAAAAAAAAAAA\r\nAAAAAAAAAAAAAAAAAAAAAP/jEGQAAAABpAAAAAAAAANIAAAAAP6PMW/iVQkIf+n1\r\nW0HNxyIphJwbIg/jkHoSg8w5gVj/4xBkHwAAAf4AoAAAAAADSAFAAAA4RJvvQQY6\r\nSYlYmgZfyULhoS7sThhBxiWFIlv5Lu5o/+NwZD4VwgMmAMe0AIAAA0gBgAAAYGhL\r\nhzxlicEiSQXsev/di+nQW7Bvl9xgx5izC7kMOR//cvl83LhcNDczN0AWwFsE4MyQ\r\nG9AniUGZgPf//oIF8vugtyXN6abuJmJWJgeC5jCEYkiUHcShLDAH0P//9TIIN//z\r\ncnmJTRKZpex9NziNWtzGnguIdAwUfWIDBCWYDSeAVKVIFzETETkBCgbJUOoGMIgv\r\nI2IMCiqsOkovdWd71PHIqq6IpdhPkuo1p00wR4ilQ0Iu+gELmhwy+qGruBRKDI8I\r\ns8mKIrI2pRKZqCC2RAFwBk7Ji/pKEZDBrN20V477BWIoSSqJgb/vcJGgO2oy1pTV\r\nPVUmlAUx0PrbRHmS/TgARJXiOjg4LoGllw18EBBVCcaPbKE2kwV/KGLpg9nbaiII\r\nKmlshlNQY09gpIUla9yLr+DBAMZThF5MsvipFgDAIfdpPAty9TRHaC4BCZ9pGwZV\r\njGmEtbX/43Bk6CuWCxwAzOAAAAADSAGAAABGuNlSwF1UCZzqJjJAPPOOWletFSuI\r\nt2VqlbLmMQdNvCumNKmZfAyqNOrcytiDjvK8UCR9Yvv9DjIpPLYYjFarCfgSXyzj\r\n8QxSXJA78XcGHoYq0MB2b0lqQFXpblevKdwvKApyBaWPyzOnoJHDtNTQznXicOJW\r\nlKpty+0sqKy0+ndMryxIBRxYDaGCIcRhgimgaWuEYA0apoGHFlI81JXKmyl68wqF\r\ncDM2QsfLkoYK9hlqKymXiFaajLlsP4CluYsC0lCVAKsLKXFMYyyhfh22ouK50YVh\r\ncovK7sLgxkLdU4CzhoEig3Ngav46yGZiGEZfdmkMSJy4Q4ywDuMPR8eNh7kyhv4U\r\n0hh8lYNPSudi8DvpYg+KYz7j1o7XnJOsImOgAlK8eSuV01SA3om61BPPI/si5H+w\r\nZbf2K0ZdtpbOUnGWPw3EvGODLNJIKggGKStucNPtFpW/kv/jcGTjKS4LKRrM4AAA\r\nAANIAYAAAMkmVHKJRF6eX08678e1XlVuQUUs1DS6E4TGFTYlEowDhuXHJx64AbM0\r\n2SSdwZDVlsunt/SzuOGNbt6pYmaJ/qu7sr7Rw/S7tcuVdzFynL5tajS6XLh1+mz3\r\nZ6vQtkYgyh44fhqOv3XXA0S2uuWttzd8P2DmdhqFqoSz4nFg7RiLdkzdHhUObBcG\r\nlSGk2l5vVVVIjdFZmEKetOy4kCzk3LiANImA8cQq4smgZPlRMIkHsRIJNJtC3QwD\r\n7L5IxZoqqVYYWXyWOtEnBqkCwufikWuoTxAb2aHN1j+Vk6kkMVcgsQ3KsatTs7st\r\ntpQ/pVXyxnFET8+IpS+5GtrNrZZP43Ld958qHx85572/Dz1LfHN+M7HcyPWWjl4/\r\nxSmFpsQxpSAD50qoklz8vOZKOjYwbA3M4jJxQZTEAhUUeh1GIFnCllaZGCAaNRGI\r\n3TAsg1vF1ilsokSz0b0B/+NAZPEW+flDf+YkAIAAA0gBwAAAVGj6qyzA08NhRdEg\r\nRB7G0EBEGq28xDHdTSWuTEzW9Z7odz6ykmVpQpG0UQbQhIUZRQHAKLaVFDilQI4i\r\nxoTug5iUrk+GYysglSLlPSwjjbFn51L5VO+4iGuoXbZmtfO+zWvKHdujJpb4+5l/\r\ndbK3wsy0WWqkMBGFFV0k5OxD6EpJYGA4YP4jlCNKsmI/l4y5M0jTESAk0REcYI2Y\r\nm0nxWgwHj5PJjVZNqB42gRAFmIYLiOrQp9lnU1EGov/jMGT0FY4HOW8kZvQAAANI\r\nAAAAADpgbRlyAqEA5NvspHLCDTaoxE4iduQ5RfsDNLXyziOpm2qFopHMmIdI+M8m\r\nX9KOOiYv/Y0y8ecfMzCRZ+HPvO7uRDr5S2rpLjW8w8QklWM3Dy1JTzC9jCbJ+jXp\r\n3hng7dS7OWyWyzrQaunY1bYBM6eikccmyVwVOI4LgFngkD4qMLkKnkssSv/jQGTO\r\nFkXrN3sxJmyAAANIAAAAAI1jqCjfeiCbAmQKMFyy+FjbjChGSnjC4rJHMsoW5VWt\r\nuVgo0mOs9AoXEYoWXttp3FDD6JhVFeIEd1fKC7I6M6kSSowYWH5oo8Gjiov1oVNh\r\nimaDVU7VOHb5e0WExJuJHTUM7Kw4og2vRzmas2mz5Qy7MQkCtu1huRycOReIIdRB\r\n4AxGFSeccXqIiYW1AlStJyyWSXdMNtOYIUMSSCmiIJDUHkYJl1O48T7wkfrbL5gp\r\nJjDN8yttHlUtWGT/40Bk1hSx+TtvJQPUgAADSAAAAAAlTDKsCkEgyTiZHFCKison\r\nUXYeQYXphmTe+NRyLlKmqhc0omhryWTsbJg9T1qVfHE4T7XmnnSPkm3btnTUrdG8\r\n7kKW9vdDWaS6pR5JsU1lLEXfL0lwP7FpvfTG7l6u7jpNIl0mgvzELSVUQs8pdj0J\r\nmksXOFBeDCxQmT0MxlFpYo4TMBqoIDX3243HbdfcRjanSuayviwXAnitJ8XVrSjj\r\nJeqiP1hjYhRoUdODoBIirYs2eQJEoMozILWF/+NAZOsWdf87fzEoqoAAA0gAAAAA\r\n0WLChAu1kxgUuNQ1m1EBEPRVlOyxcRFBGIaRKoz6RQjRrrGM1HUEqpNiCjtWJEFo\r\n0bcNfBQkEibc2IvXyEWu8/cW9kVFnGIIFk626OjFrj+3blFWznpFzFre7+s7vnaN\r\nY02DMOt57ZkgCi2QJFbV7W5ds23d/oqsh8eIz4XUdOpeHldTjoUBAhGtVBua9dJl\r\nen6FC2N08zCqkQlbQH87W7cE7PNe+ITO36C7B9tlwqIMHxwiWEyxERR1kf/jQGTy\r\nF4IDOW89Jo6AAANIAAAAAFlDTgyBOitRdsiRwSD0pDC076qUZnEyd87RsuKDJWC5\r\nOgT3T6saJSaDKr8TlVkqBKZcUmESElhqKdoZhdA9RhfJqYuKQnlb3vLbPbvP7tjH\r\nEkyHOzC9u5HU/YnXnXJyzyYgjkRWu7XJjdNlPqWPKEUmk3mXNhvDrUamzOnHlOM9\r\nL77VphEBaa9q/6XrRF9qhTAaPZIFqC1RKnwgN86uOWlsKpni1VYPChuYlKRdG/ce\r\naIhycVp9d62wlNr/40Bk8RcF9zNrPSaOgAADSAAAAAB9MQ1631mro1tGWVjR0yUo\r\nLFJx6tDWkCsh4FRVJYUHs2Ui3/KsSjcJHfzm8klJRU4t7UDOld33g7bzMribe5m6\r\n+5tLSArlj/3rNjF5Dzpn7vL+6Vk9zt+AVYdbTW5PyY99rKzX7svgTsMOigarapXq\r\npQETKNTkbck3zWkBwmjTNrZU/ly3xGJLQ3DTgwZUsjfS3jNFBdhcYcdQJ1GTFe8w\r\ndXZJgfjMuowJjhGgHIE2q6KtJIIrlkps/ZHD/+MwZPMU9ds1ajBm0IAAA0gAAAAA\r\ndmti6cyiaUtZV6yqDqR3QlKGzrdXjDNuOGmCaiJQOf4UmS/MS69SqqPqk02J7p7Z\r\n4KSysp3ScaV4jnYfep+8dNmyqMnXnYkrO6DGyClYky99V7u1N37Pj3JZtS3vTEsK\r\n4mom/2c8kZmNpxAzRTjklkkvT/NiUVWkMDR0fE1cpOxDK0VfO7pk/+NAZNIWdgc3\r\nfz0mmoAAA0gAAAAAi10p4VkhXuIRkvJ7S6wIohOUCrlFoZMgbxzg2yRGzqZ4pGSe\r\nQJQ8eaH3RE1oatViJV1lksRN5Mw74rNRdCIyCl3ssqiceIcURKHnqRDkg9NJx02Z\r\nBIgSqOVoxMTSkXc6b5NihlvE092OekFaxzD6iyLGwYis9Rfd/Pa3IbaD01l0H1fr\r\nY+Vldb0SpqhrTKzqXcgNKzKKtUBT792yS27NKy4NAaNAYM0KjIBQBRBh7S0WYMkG\r\nHIBZGiDYoP/jQGTZFm3zN38xKJqAAANIAAAAAOtgicRpQZpHqloUPQqmEStrojIu\r\nUaFrQmHMdFc3xZYHz+iZHN1ozXyzoGnUYx2tqZCKDFcdKSM3GkHiqmM0DbV54Z3R\r\nRwxxtVfUurJejK8IdEsTla9zeqIqFWP/q0SyEvbyGHfCj32rfBkKqmu/rN3mI2Xy\r\ntqf0/SVNqp3JS6208DPSy7UgJa027bddt2N95u8bE5QiZJnmJbHIsE9SJIgDvyUo\r\nEZevcZO1JwBwqNnK15CVbK0oP2Wx05b/40Bk4BUd+ztvJQbYgAADSAAAAADV/3oT\r\noqFhNzx6y5GxSG/wJVJ9cvrF3fQ9x2eIoFhKiLWTNErMAJau8BHnfTdTBoJirYNJ\r\nwLM1tQxCJEJbDy/h0tL1eK5pZmpa1zpXJeTkbyrUzNjG1kZ0tgqo6lodZClQUC+z\r\nRcarpSNTbIOh2kZFrBcMRadc5OrTA8aBz7jKpwEFqeuOSS7qQqGx0RXbHk1LdiYf\r\nC5GjBFEgIG0AJiUhadllWnTRI4JacKkhOJYnCcMRNvUMWH0YoUiR/+NAZPIWrfs7\r\nfzDI2IAAA0gAAAAAhtpic9vqoIlxpsrqCb6Pog1PFpn2TC7jY2lFDjI97SpadzUN\r\nP77rFvFzbpr2I8SVtbh+5eo5kre0jXboQY05mx1I411F7r79tt+Z3rGYqkjNNw/g\r\nUnrdtq2bcyrQevks8pNLs7aVvzXUMNQMtBWEo5YxRMelVkt3/gaunpWiRBOT9kMK\r\nLJIsIRHbHCPZUNsOj98nGTS2iTjbkMWHudPpHWmxSFwiM7c6bndYMJjSZVoUnC/m\r\nmZcFXraPv//jMGT3FYH7OW8xJlyAAANIAAAAAC/mXCeN6vc8fOe3IZSFZQX2oKVW\r\n1VWeZizCtgpQIm1oWTA2H410lELgzZB7hSGfLfOrktMdMQ+jyNTQrbQag12mxAma\r\nl0Y5kZHOrK8jV1UYcBMXcpSpWMzxlIglzUU5ER8GQw0Q0455j6BrxAY7tuNyO3LG\r\na3qPvPGLIEEBAhNMEChQOZcXJP/jQGTSFr4LP288w+IAAANIAAAAAEj0F0lyECaU\r\n6AHByoBooBunAmEMODFgKfocDNKbCwgIYmDGmDEphpcmbPmLCoJw4EYoYmaAQJjy\r\nJmAhkBQKALCKGpro6LhbAW3b9vHfpQKHAQMwYczJESOUiSYiBAIIwRHIyBQ2F4+b\r\n0voPOwctAKkzpkIhoRxUthKFugYbJ6drDELDS5ZaVw0tY7U1SLsfuNKaPA5lAwR2\r\n0Ba9AQgOIFBMRcJFAu4XcSjdxEBFhk4BK1JZKg6EDjskgIP/43Bk1yg6CzsfawzU\r\nAAADSAAAAACAut13vkFtrErVUXpAlCBcI7n9DMkK04J3bpI4EEf0h4vSHojnZbTv\r\nncZgYGBw5A5jB+vVy3pmvfJCg7J5/Ra/e0Cw4RZWGB9Vn+85RZH95rTNm+RuRavf\r\nvMdV77cuOZszBW//36+w4wIBYYMhIrmiUh+azpM6Ro6AhA8u0KYx8BmSAhZoxJPL\r\n0GBi5pAIBgNMA1dTNqcAxmEIAYiXBxMZEimNhYOOChdMwPTK04MYzFCEIoNMsKFi\r\n0ALgHnTRlMAwKoi0oDCNEdbJCAYjARImuZKhWaW8VmLu1WFwKraxlIVkamrztaBI\r\nBdBVoGJKhRgNBTEHTjywGAANg02x1QpK5p4OJhxPdbroJWq9gKFJXO6ktLVpoA4e\r\ngxwnskjDWFjyjQE4F1Q+mJNJUN+/pWGm20tm8RSrUhdFOew6DeP4nqEGTRWp5On6\r\nfKqZVaqsQp6s2vdxixINYf/jcGTtKjYLPWtvL4wAAANIAAAAAOLSQoWLxpL6q9is\r\n6xp42Ma1qHAZFK/mjQ38JJo59VDql1alQvp1OoQFYHHAIIO1FLKuIwhSrVy4KVHP\r\n2ZC0UyJ1CkiazfLDQ9gYz7franjNjmvP49YdqPfK8y5xKwta9JtQ7woS5yAAMn+N\r\ny7hlebuYaZk5GoKEEwFMNglSEhHtgqxmzus49tHx51ixB+ZdCrkplzXYTWuv070O\r\n4xNyWUOU3F+ZM1r41A1aXY50tY6ZRSROQiWQJIwSEQlDBGvA20siuFnr28VTjJZr\r\nVvl3FlgjFJBKRERNEo0fZssxiyYpQ+83cpac8lHyThnXxFNNMaN4ffUvTfVxmMdn\r\n9collO1/7D+ZmUeBI+CyOTQNqClp2VLop1Ef7OZS3o3ZSynajAUhglA+7Rx5k2NS\r\nDxCNmkUCqWqoAAAkQqb/eFepqkUdWc1JEwmvUYWVhAyXid95YU/ij76qawJ8/+NA\r\nZPMZqgNLQ2UmuoAAA0gAAAAA1CD1M2OPs8ZtGT57FEW5PIYy2tMyLn0lcuts/LLM\r\ncFFqI+VjmLTonjq547HMS1zeD2pvFWKuisrhGNYZEmHydkoIyptkh0UPJglhh9Mv\r\nANkuUrmkixoLV6IuJaIaM6lipu5lbZIiuR+0DMddpYw+bECWSyLFRVZdiGlrbu/W\r\na3qFRrgfHY8Vr5KX5obS/z5rk1XEAAAOiuXezTUvcG7rycqKL+T6rDBQcFqD2sdh\r\n5pD7OxdlUMx5v7NjVv/jQGTgFsYDR1thiHqAAANIAAAAAOdlVhEGjrYU1mR0lJmi\r\nJZcMsb5FS2/yqpGo55NssKGkRpDoY+eUNnGvCRVE16lK08VpRF/A0iXhG0spbY41\r\n3qGZal09/lcWdyXyw1ywiPQzQw0bKGaquRE173NVz/3dTPRFRomeQo9kBkqXZ6VM\r\nhKdsjKy8OAZLBYq4IMJFCif4KrQABKrrUl3/tqNrZmjwQllQ0UC+nhrn8PqhzLC3\r\nGnK1zHlzsSWB46pSJE6S1TjxZQEOzboWUslSu2f/40Bk5BUt40NbYSOOgAADSAAA\r\nAAAXKvetSt26TVcvSoruqTZ56uVu72kaJWRSeEJv28SknQocBvBaio+agbs2oOeb\r\nOVcnztE0kj2/rEY+kTktIZkXKbUEV3xtyX2Lns5+zr2VLVtv/mTl7hzRta7YSYXt\r\nPbFkaYFI/yFsocbf/n921lXCAAIomOyW7/1xb5bEg5L55nLBHDH2mnzLZWqQ/SrU\r\nI+p6d1SdQ0VUsVndKyUlD0ee6zEUns7VtpZu4jJ1FrMSEfarhZH09B4jMNw7/+Mw\r\nZPUVDaVDbz2GXoAAA0gAAAAAT8owczUVy64wVXkkaIQQiKc0nCzByUQ8iyjhjrIq\r\ngqzE0bEDbdThlV1CKQ7WyRPAgkiwjBzV6wLpb6i5cmpiznKYvyaeq1Cuzl3RhPQ6\r\n0CEhLH27QvMtbXFEjrXUZDj6gYrN0V4CzHDc1eIAAenv/+2/d44mWis+IoyI7QJB\r\nU08SYRGSlRe0/+NAZNMWqeM/fz2IXoAAA0gAAAAAelNteyrP/OyuP8+90O2QfQlz\r\na+xZbPo22ly1QtQGTlp9atMRCpAuO/aeN2jKUsbjSNE4spfSyhUtU4hdtr7UdWjV\r\nxNR6Jlg+eoqTzggAYPWhZoiKYgvYlho+GN5DgtgjIKzxmJFB0we8BoWaZczfjVUj\r\neD8kOhWFs4Xd5rv9vEnbT9xs5VXKk7dtyXbMw98Ge/5YqtYAAkipbt/t/TwK3VE9\r\nZl0j0UgXj9RI53qaFMxxhMHa7y8TzkwuE//jQGTYFgXvP28wZvSAAANIAAAAALNE\r\nLpDZG7ByqtwT7Kch3gp1tPEFL84RGtybSdIPi6B6GqSuQWZpS5qEaCcsxGK0LKDI\r\nH2MrsWs/F32WH3JsskS7T53SPoUCnqreYjmog3MbUkD9JqjUYTf1nw3SOVUzX+Yv\r\nu6rd9d6XD2ub7d6cs7v+dZiD6QeywBD8/cS2ph9n19zOz07T5/rxum55x59t4Kcr\r\nowAQUABllt2/8LPhRVwyGiogSQhqteLNLRqRlkuKCFyTDhedFZfahuL/40Bk4hce\r\nBz9/PSa2gAADSAAAAADmvu7zS+eP3LuR0q9Gr8GLNjEZ7KPljVcSJdnt4D7ZKTzf\r\nPGdkq6ev3krl8eUMQTXggklzuH36wBSzaiBD8WWjtp1iG5toM89/gq2+Kt1ZeK8m\r\ntZbRMwmYrpm6pKx56/v7JFOsi05aL8Qiq42uijH3LVKkt0alPcg9igZvehdqOtsq\r\nG10s+XdsY9zZeipLFXMlfij0wkZLysxqEsQwBdXNl2u/riP6QmN9Bg6LqdcCVAvk\r\ni9ix3ezdHayW/+NAZOQYdgM5fz0r2IAAA0gAAAAAjMMKC8U7k/U4uC+zRWeSC5s7\r\n1TqozHlo09dZ1jJxkvOssc0GlMUvEYC5v25UQY1LMBpmWr3wsBIzzeMifR7+dPkH\r\nL2XxQTkKNYSngDgmRjm0jLlZlGFD9rt7FiSix57bWjBJckFKIIjS6FBQGhmPm0RH\r\nPqorf7WRiPBdvBhQx7lI6GDkZEHoiwLi9nnA0EROQeGH1jFum9hnv21oOpXSLfOj\r\njvTUbEjaEbrYMzRQgvObbf83X1NWZ+v18//jQGTbGTH1P289KOKAAANIAAAAAE5G\r\ngiATWoGhnGU73DcGWI3MV47UuTDuSuQ01NEpHK6W3D70SaQSqSuzOLJirWIrD0st\r\nznxhTVn5YArc2KB2uQVYhuBWX1KOU1JyM8lVW49TnxKndR+3ZvP9uxADV5VDbQIf\r\nhl9nnCpVXEBEmFg23RMddl9VrjBILiUqcqTR+WRDYLmkBGrRJMIhcPogyOizSa7Z\r\nHNhGEYvRBUXLhcVAbQE4UZZSRpKGFWRM4+wklw+aTkm1Fo3boPSxfyT/42BkzB4p\r\n10F/YSj0gAADSAAAAABTuVIWQsLhgXRwWi4dnCpiGOM4it9+I3SrcvIxLLIvF+Z3\r\ndkm5auckFKQcrTc/pVx3t1SO+uW5Ri2zYQpSP8Uc5J25dSybgaUqkWGdxpaE3KY8\r\n0Sst7CxR60TDe3qWBHl8Y9GISU6U7aWE1Qmew4rM8qtRVCcPqkh0yrCY0axrU27V\r\nceKA6LLGWUpdkuSCpk9W5t5W1MfzasakdZ3eFN4TlGDadbgGarTZPjQ7zmr1SL+d\r\nZnS1Bmbf4zd13eJgaiPpMSFGlDzDjMffmVs27/xhLziO4/3wU+dU6kIhzKI62CNS\r\ntNyNyW/oK1K4OLYrCKHwMCw+A017KQoLBqfnjAj40/HVHi9bils5Lgfl+E6RNHh8\r\n+gk5c0tZaXLmgqt0MF89+KK6/+MwZP4XEeNDbz0mxIAAA0gAAAAAHB/Yt152OjrK\r\nKsy1OtNXzWT6ibGo37PcuTVEpDU0tHFk08LfIrte4d9rHnt/SWMXL4ed8R0ocWWW\r\no3s8zQV7JZmnZRG5r/6li/+/5QUPhH4pdnSb5O/n/wjaRNznnL7ODIIDQsCq9iBU\r\nUrm/t13/QPyzHet4QanAEx+HxYKGn7xMlRm539XX/+NAZMwVSflBbzDD9IAAA0gA\r\nAAAAjQBz1kjZ0usnJDaIfcaovN30iCwdFVXddRTRg1ZMXtcWGEDFuhWLaXLq1M29\r\nzkFrypvcLTtE6jF0b1pymalFw7Q5sNn57xlaWg2NVRhJtdU8gQyz4aMXsRjWbTTo\r\njXTY4IwzBBaAJ3KISTTcWv20bi3R/w17kBksb3K5n0xAya9nIg6y473WOEEtNzeg\r\nYNaf9U3HIABRx26uyX6x6PG99TaHMJzn29pAtAZO9ayoAPRiRkOOuLZ80tbQB//j\r\nQGTcFlX3RX8ww9qAAANIAAAAAMPWD8tJWjt1fCPZKjH0uvwLk9yAsBu82apY8eSu\r\nxEliObLlqHA5QhhCraJyla5PWcuyRNBA55nCw5rrnLazuEFd0Ep1zC2C5y4v1Bhg\r\nDvbNTLBZheqlElhj6rkj82jlI5NtgHNJUKijZnDDnEJf/s5h/ktmecaiP2F+d+Z4\r\n+Rkyclvp8tkscr1Tr21lApGERC66y3OVCTv9ruu/PxeN3mktmpHJci0DFAlBcpcD\r\nlUdj/wrsIXLle7rC/Uf/40Bk5BdV+z9/PYZ6gAADSAAAAABikZw6t+5jZ99p6Kzu\r\nUArGqy2B4q/lDT4bg5yVmSKLVo9RSqOy3GiqZfqyoxh1gOx2PrWZurjx9hv5p8Nl\r\ntfPJOdnphus5eXi+G2Ywz0xOc2rtNKxp15ws5OVm85w4iIhaonhLMFoKx47eieha\r\njVx8LDFFLGhTaaHIPKYYMFBh8okypTfGNZ3vs8Ph+ryXsl0NUdy9szaHS1QTRBBV\r\nQqopjIxOuFs160SSAiu2jl2+HKkhgx5Ma8uaSqoE/+NAZOQZzf9Bf2GIyIAAA0gA\r\nAAAADTcS2BhJRe32tSymmgbOxnJWHs4W9ZZTCquxP1Vk5xBLxaLNxEPArk99UpRo\r\nkjEIocxTZSWyQtXHg8Hko89949uhnfaJhWXUtE89Cxpy9gpyBrUGDqQA9P0D9tDc\r\nPNi9eEpRaUem/A7KNHUQZ86jbSwoCT18M+umjdY1tNWhkZ58lum71OPDRnjVfu0N\r\nD/Knn6frZ3aL/zOz+u1Zb2173qzIkUHK2III5Wa73rOtDbTlptyEImZcVIsrmv/j\r\nQGTQFy3/RX9hhoiAAANIAAAAAFsTXepftj4WFg4sAIS4SDkFpuJ7ukW4GRcCCSoV\r\n/u4/N6CXJh9pdqkyiMNqnXoqRnoYBF6HTZE8qtjLocUwcOXPKXAXKYGDggOMGADI\r\nCQw09CqIaYbBVpOVGjiD5rRpKeIw8x8SAzgZOkkSsChQBEZjI+YqNlm0Sy4gFOs5\r\nXAFeLULuIC0A7BgQhHFX5cxbEMl32bsCNAhCtQsv4isX4aogMaqoGnGhMfVLhw07\r\nFuv00BRYWAWfS5MIWdP/43Bk0SfKATkObwPYgAADSAAAAAA9eaKVm5l43Je+HJXK\r\nKLCVYU0sbm376V5XL7cYkLW4MUAeV/3/fZ/kMFwGEa31SKWF5A4Cw8eYI0tp8TXe\r\n28xLoKWI7j+RSOsTced+1KMbl2r776VCcj9ECGDr8m0NaVpcPzSS7lxUBpmjhxfG\r\narRiZAGVsBU37Yp/zigjBzBwUy3FM4QXcckwU5MxNBbAMJBysTHQZKqU0kMNzcKD\r\nVl07BpmK/L68PwpYCC2ox6ebSpK4fiDtPPGJTbuU8jhqljNiYeWGIfqOXOBVSq4o\r\nsa6n25IiCA0iGCMgswcAwBw0lggieKAx9AYdRZhzT2cNyZwr5rT6NabVua7pC/cR\r\nqVyYHx1Q3qtJKJ5zKnuUxcUjc5PU2ZeW641v787Wdc6e2Lpz820vuLiCa95ePgbV\r\nmwpNDxAeTny50hFp8lmJWNH7XrOdV6k/zXs5f+Znqvz//7c5OQRbtL7OX//jUGTq\r\nH34HSW9vDG6AAANIAAAAAPaS1WtaZa30iztvnc2bfSj/56QBAACkJK/4zAzo7wtY\r\nM4XNqUjYPUEoEFDNBupSBCdMqUOY5o6hE1uLIlJriQhB5FJMHkyMlbYpRZrcWQ2q\r\nr0rymlkScPHYlQJYAZAsjCqCJYmjRM1JVnJMxjSKRDjweE4ImCpQQiVAoaxNe7VN\r\nDoT6WOKaSJHdtM98zNfH7NzD2tBzMIrg1tEGiKIQhWGRLSHmnDAWmQ1M0SLOtXFQ\r\nx15VHuW7UbUq4+HY2uVfoouNYeoSItxYXxyvMb5OPFYGJ7AAAl7ssdt/59yZQwlT\r\nFcDSgEqAaRuBeepap0sFdP/jQGTeGAIHSWs9KH6AAANIAAAAALTTcK07RjIqs1iE\r\nm8d1mPplMTEnrK/UpJKy5x4/okPqx2e++nC1wrYSj1tDPT1eZPhJJxuyPWeUmmFl\r\n0VGnTzqw0bQCvsj5rgos6C0fEHWaTyrbl99y2t0INy6xs5VVp3T0+Gs443aW5FXl\r\n37V2tEt53PqRrllagSN0UidUYRSY6O9gNSZYCrZtFGp/40mnkUkTAFNkuwhcMkmy\r\n+rVg5yECbc8tst22o82aLtlRKkirqOrmV4rTqhKFUl//40Bk2Rd+C0lvMMnaAAAD\r\nSAAAAAAbYMrCfre2Ll6ypJQqva81siSiknEslGhQo5tleubqyfZm+BGhTP5Z5KQn\r\nks16zx/JZ8+gPfjKnXcCAmJojVEeCBTW5HILsptmfLo/E9z2LdQodO9qpk6n12vG\r\nSjAxUUyPCpxoDzlQzfyonYMigrIoWMSpy1phHMsnrYyxjL2z0MlMmcnkejGbk8XO\r\nOnkpCd4RAyroADJVaO37b70zTEr9sW8JdF6wtMelY9tUnzx4p1QpI+KWQk0bK8lp\r\n/+NAZNgV6flJfzzD1IAAA0gAAAAA+qJ8hqtVgKGA57wzKz18BYfaMopkQhMIzDnD\r\npG37QWXIsxOo/hVgjBkQMakyqysKxU+0CIny/i7Efiiy2Qk21C30jLGlUFMxvFWp\r\n6+Lp0vFjUxJkW8VWoYS0EKHJWw0ZmzSXzEqnGLBxaqOpGWf7Zg9ivnxmBpHI86Mj\r\nMQsRrpUGmkP/EUQqxgATUWrs3329cQcQ2B4q11Y3tK9Q0fn6qmqNHhvkgrG6FGd7\r\nsPLZqps81GnHyJ2Xcdavcv/jQGTjFcnPR389I6qAAANIAAAAAHqfUjTfFBcohM9d\r\niayAuiaRBZJZFcpEs8u69ckGQisPD1em7B8SIkPcXRFUEy1szFM9hBAfZVttchWt\r\niMP7zyTTpOMiVVryOvokbZxZ9sRo+jYqDkvG23O7kJ7OEejea6XIN2CmaK5nCI82\r\nOAiz3O8dozst2qVW4eyMjIkWZ1w6CrYQQzXbdt///Xt/y8Yp4DhKhb8uLBpgb3ub\r\nLZLSxISyqatXOMfkIfAPYysKXTChqUNtyQw0xbE2yoP/40Bk7xaSA0F/PSOsgAAD\r\nSAAAAAADUNpgbIhsiIxNCK6SAuRAwHkKOEmZqTk9kVI5EOWy3oDRlg5ZNya1pFjK\r\nOmns2LJ84iLfj9Y0spSHMJR5ltLbK7ESolg7TDEUpPQZEHfCGFlr/7bpfpOojJiC\r\nenikfma+Hs//kuEKL0r30Xgr10M3Kzuybc5+y9Sly7/0izu3yBCCUqPa7/fl2pY5\r\nHZqbidd2E4EFSi6IsSvx7CnsSqYe61q7z+8sWsEcs1hitzFsPzRa+aNrMdZ1M8oN\r\n/+NAZPUXHeFBfz0mpIAAA0gAAAAAmqaYfr6xEkEpDOWiw+hHEBYWLSshvqFnpzMU\r\nDI9A+YHawS9bSISiV5+ljJFlrwkQcfiREYLDkD/E9eJcCofI2ye2uEhyWIvczW67\r\nK+OhD0432a2d6n26VmdMW7JiKZhwmMeBThqE6jVMyofBt3mlOo5OwRNzt8GNakR/\r\niWNClfz5pT6gWtWNSzyH4Er/MSt8alhZj07BimcRY7I/pWC/zJNbGd6hTS7xmzyl\r\nEEIWf2SLn42M6WPxx/6WHv/jQGT3HMILP29hj44AAANIAAAAAFFlGyZbCmzx+ROz\r\nUv5SqC4j27cpKs3arywmEZuKGFFGnEJUVC6OKS1smm1EQ2THWXSkmmROLirdRGk1\r\nZinxKlj2ujnVYlacYKdEq09E8+Xi6pKsJpvWcQo7+LaftDGk9ViTIqXVTvYjQZTG\r\nmgYKJV1DCRxsJqAth82aLGh+il2amiffydqqlUdbDBy1SVSY1UmXh+VV/HbEkzkJ\r\n3xDI8zBJuFBibUctblt2sMbciR6FQY5KnymAhAFwtAz/40BkzBY57zlrYSOOgAAD\r\nSAAAAACnqAhPaxlQ3KtcMDJLA+WZUkiJmvUxtlOLydqiQxkd3YtQmkbx/d8vjZ6C\r\nF3Fh3+egIZNZuey4Y2ltl0lunvLxcSRyVZdOi++4ngdaebh+t3MlkMM2qs7IOTed\r\nYdRYSRMAq7nwQjCKVpHyyTHdpkyNl8dLXd/hYpGqfC96WM/mUN+Oz5cy/1t1odvU\r\nffmS6lVunaacVFdj+VnjqqcARZHJt9tt/2t6cpvvc1uFI6gCDuWXzRa19S9AXonk\r\n/+NAZNUWhec9fz2GloAAA0gAAAAA25HWShkmT7icqIWevqypI80Tpg002USPHUSh\r\nEbeoiScZpREfiqyQrokIWaTRa2VxKOwyDC0mZtdEirvRH6YWXWqHLQksnS04ZLFG\r\nmopwPotkifGWuSSauN5U4RXhCS0U6kknCX95JK9zdusu6jP1XrVpb6tKKT9/3sVC\r\no1Py7mI541ucJgYCZwYElf5EIKaK1YVzBnF5Z0NWgPhrdRaLR6IACiFE4cE1bIFI\r\nglau1aNbIDUDnt0NVUsYkf/jQGTbFgW3QX+mJACAAANIAUAAAMkJGHFZpoGYUKoC\r\nDBwSJX+AgGAIcAAd1W5ISlNna/97RbUsHhciFRCAKFF1U9UNVtf//5QMAYGMTHQg\r\nxQGKbxFOVOlgKmr6f///xlb6m6iT/F/4OpaZmLtRN0EBP/v/17T2BqAKaopLbVMy\r\nxrKGsQepQZubtW4Cs//////qic+ncFeE8zlxGCwqnbPKqd9n6r5wzKH1ZzLKX///\r\n/////PFg74zCjjsWn3eKWMAezVJEpfKqaAqWPSKGotX/42Bk5SPF4yuPzWwAAAAD\r\nSAGAAABrSp2rn/////////8MuCg6+E7ATyxKXNIlEENvRvw4rBIRffd/pLDV+Aoz\r\nUtXXZkMpqS6JRardh28qTEFNRTMuOTkuNUxBTUUzLjk5LjWqqqqqqqqqqqqqqqqq\r\nqqqqqqqqqqqqqqqqqqqqqqqqqqqqqqqqqqqqqqqqqqqqqqqqqqqqqqqqqqqqqqqq\r\nqqqqqqqqqqqqqqqqqqqqqqqqqqqqqqqqqqqqqqqqqqqqqqqqqqqqqqqqqqqqqqqq\r\nqqqqqqqqqqqqqqqqqqqqqqqqqqqqqqqqqqqqqqqqqqqqqqqqqqqqqqqqqqqqqqqq\r\nqqqqqqqqqqqqqqqqqqqqqqqqqqqqqqqqqqqqqqqqqqqqqqqqqqqqqqqqqqqqqqqq\r\nqqqqqqqqqqqq/+MQZOAAAAH+AOAAAAAAA0gBwAAAqqqqqqqqqqqqqqqqqqqqqqqq\r\nqqqqqqqqqqqqqqqqqg==', '', '1074487974525190145', '1075200406356799490', null, null, null, null, null, '2', '2018-12-17 18:22:16', '2018-12-17 18:22:16', '0');
INSERT INTO `ser_inquiry` VALUES ('1074611016228216833', '你弟', '0', '8', '15596679811', null, '9', '1', '非常不好', '/+NARAAAAAAAAAAAAAAAAAAAAAAAAAAAAAAAAAAAAAAAAAAAAAAAAAAAAAAAAAAA\r\nAAAAAAAAAAAAAAAAAAAAAAAAAAAAAAAAAAAAAAAAAAAAAAAAAAAAAAAAAAAAAAAA\r\nAAAAAAAAAAAAAAAAAAAAAAAAAAAAAAAAAAAAAAAAAAAAAAAAAAAAAAAAAAAAAAAA\r\nAAAAAAAAAAAAAAAAAAAAAAAAAAAAAAAAAAAAAAAAAAAAAAAAAAAAAAAAAAAAAAAA\r\nAAAAAAAAAAAAAAAAAAAAAP/jEGQAAAABpAAAAAAAAANIAAAAAAIBAEBAGBAggwgg\r\nvAwIsDGhdmAGDgNVPDLZX/AJLgb/4xBkHwAAAaQAoAAAAAADSAFAAAClKAUr/wv+\r\nHLkTAGYf+GRxCgATcCAALMf/kXMjQNXi/+NgZD4SlgsVKspQAAAAA0gBgAAAUxk/\r\n/8kRzyuLPHG4gv//+Hzi4w1QK0GQHwHwClCT////IYOAibycUgZk+5F/////zeVD\r\nM3Ioeci5F3SJgnCL//////+boGZfN2oEXPmhPl83NEzcuGiaqWAwNIpNIqUbjbbj\r\ncaWFEArLVZ+KyhWJNnbSABQHkAKpM791N9TwEAJ5jRKiiBSpVNmXEsoLlFvGFuiX\r\nONWVBUcaYmAnhwRcqMaZ0pTQRsXkDFAKDCIYsOYIi4sDL1ZKrGwRm7Ek+k3jDihA\r\nCVaj8qegYo3z0tQYczBfN5xmkytnD8tYgmeWs/brT+1o0bD2l0CeF9aUAu1WbDGp\r\nXFW5QO7kOP7SxFwJ+KSWG5PK3Hxi1aVNYqujDt1+pqA4FitWUR/6SpOuxcu0tDVd\r\nqP/jcGTNKPILIS/N6AAAAANIAYAAAKyd9p+XTsDWaCfksPRGel0M37TsyaUSSOvX\r\nAUMv5fjU7m6NqmuXJRFHUjFJjXi9LSRWSSmHIvIK01XltqKQJIs4DtYu7MOZGKzk\r\nR+pH5LG4R2llcSzpKCipohqamKly3TX5qt2vjezqSr4dikuwx1SxSrM1MdSinkF3\r\nKm2Em5X//ZZJJJJJJJSQ3Ox+Uuw3gokACAAc25YgAh5UHNdMQCgKAKsgbyDyfzCx\r\nNKNI2wWOIBkhFiqXpIBRYVMLCX0c7JKDxDCdIWH0M1AUzodL9l9BpbGREFGtc8tG\r\nCI4iVFzsFZEj68ilIqplLXV8g6I1ALDRlRsFivu3ZgrR4Hh+LqYNCYVL3pdCHVTj\r\npYuuyluMocB9W3jjLJvOffV0pZB8KcKRxuV5U6sTV4IkD8Q7Nt881iy/EPu1Asam\r\natSBG8rRt1ZBPQt05PGbMzAFHA8ph2/E3XqyyNwV/+NwZN0pNgsjH8zgAAAAA0gB\r\ngAAAFIhDz/yijxfuxIZqKSaXRmXS2H5TXn8bcIuP7lDNt/ICf69InEgqVR6OyqN1\r\n4jF5XGpHHrd2CH3mr+q0C08bxoohHs4zSzzvx6PxiHMHXns5JjOReS25RvkxFKOj\r\npX8ls5LvpL03yXx+PUnJda1FZpKrTSrLYmXZL7CgcMqCYwOCSYBg4SGBAYZTJ58S\r\nGM9AwOHg/HDDR5NtoFClMV0ZE6QWAhySLHDHAaqJQNArlJuuuok7QJAgoBTQJDEY\r\nACA4Y7G6lywSxWTjgBeZYBHpPNrJj8MgoDmGxeYfBqZzXl7O+yxmisaC9G7805bf\r\nGAgAYEAgOAiwS0H8iEYj8jcapp7mUyHmNPFguCTDYrMTgkxgDEnQgBpwwN13pXWp\r\nqOB7N1/JBL5HeooKpS4a11iAwDAoIGGQOv5IRHObnI9d3LozZjMUlsRi0oltNTYZ\r\nXLU9WrRakyf930L/43Bk6ysqCyC6znAAAAADSAGAAABC6JYoGruH2Vyifp7963S8\r\njGGqXdPnq5PVN5Tli3qdpJrClafLEh0x3fYJDk5HKkvciJv+0y1Wu50v8jFumwta\r\nps5/Vzt/5DZlfMfq0k7eywsT286+eD6yt+HYdxz5def9x37dSGJ1r7O3HYhDlZWE\r\nAHAGOG0uyV2u1V6gsguSIQSYC5ubBSmPrQoEgJ1NjUTBWU1tONLRAEJGGBBicITW\r\noETJiTBYGAF3owH4SLvhmAiBMocyjWdQKismOiWDxDFDMgKH0ogQSj0WmQHDAAjC\r\nSKXVNgUtRoaOQ0XODAQQGpbSeylQZsjdnAXs2Z60VFpkSC7Gtuw4KpXifqhmHccS\r\nG6lI5FygfSYQ3o13jwENMqfVlLOXhZzDkZYjTNlY9G2WyppscLZsuZQqiGBzMTgd\r\nCurejzWl3OS/sMySXYTMvlUPw24b2urO3b96EGEIvlJFz4w1h9ZGX//jcGTpK54L\r\nNs/N5BAAAANIAYAAALRsjMlluNV/YzTQ1DU3OxGCnaaVJZLcnfpYcjT9TtA28QiE\r\n9JVoRV5XHYmyFm9K6r3ssZA11x33mqOVU0GQS11wctXMMM/xiVerWieMUuS2V01L\r\nMU+cN1KW5Go3XpbUia5QV8Jf2H3bppa/8KdyNTtPLoRmpAAAOavX67EJehn+2oEc\r\nIVJUaEPdkoUCZJsaRCzyXnBWrtvPhxkES5L5fOQxZlcUzh+PN80GSsHk/skbg1hW\r\nVx44uRiLjrNUwTHUXZsoG/iiiljFWKpxPCsMolON649h7U637rJWPyvtbrKJS47r\r\nt4yB3KVQB1KFgbE5ctB5H4cSMMlRqUDclibEmsshYenYlZHXSZa/7wPPGLsvnZRK\r\n1h3bZ6se1FHYdBrCmi7JFJXLmFiXnHa2ooxNS5WhkySBcsRKByBAAHLYcWUFgIZ0\r\nF9I9pTdngRIaEpWIThC2dpeAIaSc/+NwZOQpYgtHH+fgAAAAA0gBwAAAaXRGVfvW\r\n/cveFMdr662ltPTHgeVrTQfRXi8ESF9IO5Zp4PZwuxgC1IxZqPxMu2/cAM4YhZoH\r\nYq4TcAOxRV30ciQV6eIQ4/kEvxEXLghhjiQ6sO67kYRhwGuORDkB2ovZcujr3Kr9\r\n3NYlMoHGookUpxsSm7gvwXWnn9YiouahsEV02dhrq0DWoFUyYM3GM4Sq/VPi+TTU\r\nlE4pgRPAag1KQNkZi41dhc267h0uhXeytUFY+hdanJz6z1Vrs2t9VvsrVJWEotJR\r\nJLRTBqalYRj5KJJ9q12uWatNvnLbXmVrsztZrM5a1a4urZ69a5a2WtvY099v2ta9\r\nO5a37zS62W9la71ttb5mZrW1p6drWs2tO1rWszNrWtrNpr2W+tfmZy37zK3reyt5\r\npb0LEV42jwqGRSJAKFROpJNmxSy2W3Q6gRuiMuZbiMvANMcICKkhR4FaKyB6Q0xU\r\nmS7/40Bk8Rjh61V/rDAAgAADSAFAAABpABmqJYu8niC7ppt1T3RMEiKysnP7AHEw\r\nkBKH+pmGw4hopwsZRROBFc2CDgmUgMCtlmsIhuYXox6D5A0eLghoMQZRoRByUAT1\r\nwFSQ7lAK9ow8bPYCg5ihd5gaEhfqYS8UMVG35YY6U/DVKtdxGeKdtXfuapnGQYL3\r\nuOpFayPSnbWH4wvxG9Xwp7b7MIQmyhv4Al8tkErrRSEIHOKl6k4pm7bJZ12H3ish\r\n7BlrOz2PQ1cv9+UTz8bjeN6H/+NwZOUofgs5f8zgAAAAA0gBgAAA4hDEBVMoDlD4\r\nR+lfx35+dzlUrjkZ1rtHfpZqhq2bkqmJ6nvXtxGNTUj3D9NYuU8Uv0d+VQHLsb85\r\nyHZ6BMZVcuxGWWeyx/7tBAdx6ZVN3IZ3nZvVqK1DWssbNSltXL2XAjKRNy3f/bRM\r\nrXRPLkyyJ5BJ5bGMRw/UG49GPmPIMulROorBM000SAmKcSlEm4mFDJdphZomGW0c\r\nBlpSBk0ksQqFVk7ZUVSiqRer3T1Whh3ofJiMJpQelfpq24LVavSbybcpFk12ZMU9\r\nXkk0kMUFI0KdolpXBSFS3w9bkJTzbTjUa8MzJRusi6UJZl1m938F3wvdrLnJmTE5\r\ny3Ibc5zuvcnwnurQrv6OXPMARzkl5+iFkyA0+ZNyyy6iymLtO8EUTngBic40suUE\r\nkHSopBkTmECvQOSgQDlnC8KScCI3sxXHxl7IHshqHHHsO5AkrMAOgGwsmFARHgj/\r\n4zBk+RYx2UF/5iQAgAADSAHAAAAaRCGcnm1kMxIHxQPCRGIELWeSiHwPoKkwgi2r\r\n1G6lGDKOC5tx2KkW8Q7AkE+IFCReg+21iUFU924Thf2famQM6gXSVMd6iJGjOIaT\r\nRpy/QXsk1cSgb7Kgbch7WKyasDc5HboIjG2TIwSE21SEOEC1KFW9e1QxhV42QdVB\r\neigQ6SL1pQAAAAj/41BkzhkZ7ztvYSOegAADSAAAAADUkkt8WQQriEtLpIsAhcIw\r\n+jWcjgWh1uJxv5FLp44IronEpUwcnpVsliOVIelt9DL5zB7D8Kj0A7d0GoPBepmI\r\nUiggBgaAIYYQaTdgaBGJHS+DVGOdSvDTsHNV0dRKWU8Gn7UpI05oHlLorMXU5pqU\r\nlRm5zqaZTi2yFVfc5B7KgocEH0CIlp277auhSLrW3x5Kor2IV3NrRlyKZadLuZAZ\r\nOdiqWdqpRMMo+jAi9JIZua6yS7OkusMDypAHFWGnESZzR4dROBBFIQdpRciY6AQt\r\noiQiXIw8D5LTxlAYIwOQIlAcaDAmNDYuOmR4kSRE8GH/4zBk9RYd8z9/MMO8gAAD\r\nSAAAAAA1WiJ9oUxKqGS1kREwiaC4UIByCUHmBOIFkCH+RftmYU2MVGaRpu9mMVaX\r\nPFFUUdkJUEbAnxZrgsXSA8QR0kiOudDMBBsty9z+/nTK4Qpr0skGQHKJaWKhYimP\r\n6sn3SEfPAbU0iUWkASAVlJGknTTlV5MZcWBIXUIyKiRcV7vLT9K4hicfll7/40Bk\r\nyxU9s0EfJMPUgAADSAAAAABMPaxM/A+voVV8T+IagQnjcr0O1mN1ePDqHKpLqIF7\r\nupykfurY1z75Oci9EVm18MgGC7Sg6YEWRtU1sJFNJrO5tNkIoOh8wr5OsLTB6jNC\r\nfHpg/RDXekgLCHEpZwSpFk55Y5EhqbdM5OB6C4LJyBtAAwZ3WQZ9dTIETQiJNBI5\r\nZOH0rEL4XebFKqYBIJrsjbbdcsU7wra1ZF5wfDwfk1s7qOBfVmLjSdSjcPx/dQ1S\r\n5IXdSR1Vrx4OGGW1/+NAZNwVJfc7bzDD0oAAA0gAAAAABmvREhY5C0hn9XUh4vVR\r\neubhiZfWn58sHs/XclUPsYGfULmeotKlQIQLWZqOu0n8rDozU48G6kzbjp6Y4q7R\r\ngyxBNM++pt16s79GJ2/saxj4iZhU3GL6DnpRXOUQs1yb9FjzoUCKg4Ha8WIjOS+T\r\nKKW3xayRm7scWsY2OFh9phEB2dyNNJ12jKTIPHXihQyZSIXl2gk4EtZIVEyeI1Ij\r\nYqI8QQpeCRWw+4QgSIgycMmRRnVMlDKwPrktLP/jQGTtFfXVP28ww9iAAANIAAAA\r\nAI2T4iSSWaRDslBpGyeZIHIWTXqNoIJwSPqzKtNX7+5Kp93u6mkq+0Mk82mJzLJt\r\nLqKqLysZm6jiiaMiatAagzOHBIkMJXZT4oqK2ViVQbWQK2CaDOCMnokSl1uGcuNU\r\nfOtkZxEIffdGEmSia1jKcDhYd1WYICFv23Ek3XaXk8qP4uYQidsFAwK3rhddIQEg\r\nXEQHwRiQjWSACTK6sYDJg/BQuWXmbJxWsgZE5gli0xFO+3IwdwuRKt0sRaz/4zBk\r\n+BXp/z9vJSOOgAADSAAAAACYsozBVk8XabMlmkChVtpsPttOys3lu2eFOgmoFPcg\r\nkM04nL9huYlBybGjzsDmEvBTl3KV5MQwH51DE5jYNJwixX3Piss3Y1myDEEwe2cX\r\nqfWQwo6iw1ViP4hepqykihlY84GF03LUhic67OghEpMSAWrkaSacrrMy3W4jilYv\r\nKbzt2y0tWGT/40Bkzxa2B0FvJMPmgAADSAAAAACRZQG0ExVpp0+hpudWPWaKyoY9\r\nhrzDGVjhYp0QTNSqNSm6cakaFIhsl2gvxP13DUi7Zn06ra6Tw2uOxsb2NHvErmHX\r\nFomrQ82xa9Z7ZrfMfWM7xur6SWPHiPore9Z3/iwMQJZqXtPt6xLve97h3hv4eotc\r\nb3vds7hw93pe9LU+565rimsVri2Ic2c68D95aWWmKXltBtDgT638xs4+8em8/Vd6\r\n38RN7ng3+/Dj3+wlaA6LioRkJjKMIRMT/+NQZNQZXe9Bb6Y8AIAAA0gBQAAAMTTS\r\nSTbllLVrIgFS0QHDIEy5wsVAFxEILtGLoADFih6gYYUDhCmaX6wpCdj66hoCsCA8\r\nGiDgEhlCUg1BFDFOEeYW4LNUcUiVbVsJTioYJTpZDBKSCHBIGTFwEqGaOykM1dFl\r\nvGGqnmxkDO37SIgFI4iGjzKnQe5oDaV5pNFK4u6tpaqyWGK7h9rsGs/lTZ2SQc8y\r\n05RDtibgqEwlrcOM3l8LjT/uq6ywL6x5zYbYSxNrq2muw07Ob/RaIs8isbdy23SB\r\n3hclfr+wJLK7rRxxnLqxSKyWPrpnIjIIXdkj2xO3DszGYrKrUP8rwy8jMXwl/+Nw\r\nZPkqbgs3f81gAAAAA0gBgAAAsw/MvmbVqYqcbI0t6EUGJVNYSCCtQ3CoCoL0TlL+\r\nxaQyh47cKi0C2aGpP6q/hPRdrEYllmXT0p416NSWdmXetTFLnF4y/UVgtjU/L3Yg\r\naXw9bhuURGzTUsaiioVVU2I4mpJVWq1k5s95kdVdQ4UrAkTB5SfSY6GbbGVibbKX\r\nIcAUAUDB9GWui1hBGoC15ZaUTSEhgwa7muBcyNQMGjqypD8LgTCYoh3UbQpLX2F6\r\nA4MrhiG0xmzrCsRB0gxyRy7oAgeOJPKUs+omRsokLc4w4DYmerUTkUBQBOE2SA36\r\n1KYjDtI/0ie+FxZsqlKAZ/0rkyB7jbPW+sDwHKKd+7DjQp9FNHYwgmGqZkrPHYpG\r\n5pjvOW0LMJ0IHrwW5Go7yAWushgxhyDzAVhWsxKBn9jURqx1wWwPy/saoJC0MxAL\r\n4S2HmkM4LvqDtPVw9bOy2jOmHdpn+oZTKcr/42Bk/SouCzl+zGAAAAADSAGAAADL\r\n+yqGo1UpohFYIpopclTxRqAbFNheQcVgAxwUNY6QEtuRxiDiOXDdqP53Yw4k5Lq0\r\nlYisV4Hea1KbPbMtiNbK1vVZ2X9p8K8oz5a1cwqy+/21OV+1pCEgpdNOyy50UN4X\r\nEViMDBCw8OoIdwJBDdNkSMFI2Xwcy26pXsmNuOjmpmJh/DRZGZZfWTzoBKqujWql\r\nVrRxrGkVtXI4+xcxkTzkDcLPX7aNWeOreofZVv0qshz2a0/C1NrzRl3azMNpq5O1\r\ndv0szyExzM4Sbobsu+9tZ+1VmWe397J2K1s3se38x3OpMXVipsdZ3bVdnW6VtStK\r\n5benKfs530/bfHNL3QpmmdNczr7v/XZmFRXFEDWNNSWW23xOQzBRil4XS4P5oDjY\r\n8lQh/+NAZM8WqgdBb+SwAIAAA0gBwAAAlhr9WqDM+DkVEN1DwYdwHpQeh0WUH5AV\r\nFXEAUBcWJRMfVjpsqJHYqQUgsNESTMyhgsLDwlGiINKmJWtnZTRKyQhWQhFHRLip\r\nNwMbSVHjTaLF0aRMkIoxTzmrdqGW3FTXc1MJ2Wsrc3fWOdV1WUW1ZYRs9zHiru+6\r\nhrqzruqiWaJ7WG/71gdu+RKdjnmyF3gIO5p6p0tkpMiPbr6JNixVWZPCFCIZEYSd\r\n0EsyCiq0CUcRBvshqZJgHDAzLP/jQGTUFVXrQ3+mIACAAANIAUAAADFirDvcKFgU\r\nWYxgdG/DUV/MFLfO6linJUR4VE/szaYw2J0EjWHK2qaKHg0FE1hfjEHEVVzT2bGy\r\nuJtLhbhQlAA99llDgoIQep/mhsmd+au31jwIpzVaitKeY2vSDW4rWi0TgOsyVgst\r\nrVJXI3ZnX3ir+OE7DaTzYXJhVeH5VBkPyWGnXguMtZpuyiGpdVvddurRx+cs0lHa\r\nfjkOu5BUphcudx+5+OM/eujh2WbiFh+a0vuS2Xz0xRdgOHb/43Bk5CjiCzErzOAA\r\nAAADSAGAAACWH43fhuZlUYbS1SS+XP5OQ+/kFN1iyvk1C5aCFIoMAmBnKpZVppBg\r\n7GVJayiVH2xEKerm/rfuvATW4EmqSQ15Ta3Wp7d2vSTYBalMCnFCAM9MtNplqzW+\r\na5LI3OU1WYh6Ey+apzMkRuRyVxCO2q1OKWMpFAE0YoK+igZQzEvZbM5AoCNQS1AI\r\nUDAz7BjrhDJSA4OnO2Iv2WbNM1e6oUJYqqpR6gKAU6UXslQKQSMb/N/FIKPvPfaS\r\ngDd5EZMBG94VpIYs6T/bmsKqo0F4n2WLF1AFUDIATxa1DboKUpeJVwU59HDz3O9L\r\nDeOVhWuW3cJpiDgXAQ1WCWLZFCVKnLmmyv7BkOwLD0dWqnk47dJC5Bf9ti79PHIZ\r\nil9W5vn8LczMXiVi85E3OSe0/NR1lKEqGgxdu8NQxmsOvdDuuCA1pPfUZS6u25Kb\r\nVxQOjmMvpMKaIw7AUllL+v/jcGT1KpYDOX/NZACAAANIAYAAAMygJBeVKKIaWXrT\r\nHl7gKAQ5NxuRWE8YmxKTyh2YpF3CfWWVabPJpzKX9gqCYJfl/pVcrVssb/Mua+xC\r\nKrK4vHlSNo6a53f5hX/l/Cnp49GYNeXNwo3IYq3Jtq8Z5e6c3bQgE45HJL/f+SsL\r\nzgnbICjqHCRkgEyEVA0hSH7ROKkgkMBcgs4ExDW6MRIBq4eBcxxYREFBBEYdQqPL\r\ntnah+HQwPhOcUaQ7CLQ6GcuzYKdiyzxwjmEsYtDHQR0qkmDZgcXnoNEsrVU8eMEu\r\ncyo5BmQP02pqzVEVtIRmde1hvY+S3iCh8I0Ib5ylmtLFjj7iOotx4xh6PN6SkJSU\r\nMiiGRhkNHRIcivcL+j2w057KlgAiaVbtu1u7qTQDFmVZEZABkPFWhwjGCAgcwvSF\r\nTLQGhUsTzCCUHBkMk8GQBHBgL4yu0vFNRpMVNsqrgdEnRtBaaCTEkatz1EHx/+Mw\r\nZPgVlddBf+SgAIAAA0gBwAAACVQwJiCJRxBx4YKPJqW7QMjVr5CF6dVos04qk8Pr\r\n5sziBSGMajifL/SSiM9t3uV31RwTZPM7IrxTjQny4hIlIFYEUOy2hmq0k8VAY78I\r\nouNWdVKDvguEBbqVHpqWATORxzW/fbxSxSA4bQ2RrMtEEvCIuWicZHQeYbLyucOk\r\ngvPRNwLT6h6V/+NAZNIU2d89fyTD1IAAA0gAAAAAlp8pWrhWbuO6Uj0ygMeW288H\r\nBZGYn6w9JDcHq63sjMzlZlD+3wcxAw1ah7HBLj1It5baJa3F6a0e78UVI1/RwdeD\r\nZdn6Tf9yt81yCB1mFXz9sOd9iaQ269mJvtGJr9dm/YzD0HTu9XL+z0OS3NqdN+tk\r\n782nb/1vvSZ7Z7Z6uzPUvB9/gWCFBr8eqrFUNWaAMQVIsDQcQIIhE2lnPDokLbMC\r\nFDcF1AQ2Z8sAThzwzMhEHCwMWSGZZExIQP/jQGTmFw3fP3+mMACAAANIAUAAAAlU\r\nDkOya3FyAAM0bOJwqYTakgpWoHF3XQlgYhfceOkolIklC1ACJpfp93nIRK+UTZeD\r\nCGaiBr9oBlCyUapWrs8UMpmaS1fjsyygrW5DPrCC1kvHWbmrgGBV2rtDRpCo014v\r\nDpUIhcnS/r1sNhtYNz2IvzPzU9C31Uvehm1i45Elt7f9kbhxqXPf89Aj2w3Aj9xq\r\nVS+FQ+28WgmxeYgxFg0M35PUchp0Iwl8fluME1KeHqV5Fh56Lx99H2j/43Bk6Cra\r\nCzV/zWCQAAADSAGAAADUZo77pxOJX4TLn3ibyYRKIunK4jLoMtv/YtJwMyW62q7V\r\nurrZvADOHZfmNv7L4FpH1m2PvzUk9WR0EMX7MGv3K6uFp/ZFAupDade1HX/eRkTX\r\nH8opNLoJgW/R5yOlnKWPwI98jp4vS0UMxbCW0m1bVGQVJWNZVJRZPBZHJ5bz5i4w\r\niPNHbgoHA4FCy8RGaQsRPYXIXIJEiQQEEZCFBGjA5MmQZCcTUMtMgJCWLNgpZDCN\r\nAIgAAGKOpWtefd904PMRZBAbwy3WlOsPOP8HEUUxKX/QoeFBdXiFixFslnQAxMru\r\nUNZcm+Y4IdYytBdWBu7N16DahQYw4aMSphtjYQojfAMteyfnfyhx2H4lTKHEaG2Z\r\nPGOOgy1VZDkpqImmzu7ADEKVOBQphYsM0hxHXkkOP3c5G43I33SWJQUPFKo3AC7m\r\nwIbp7EgRaMIADAIKgBkbqqfnIKZFE//jcGTpK4ILWY/MZIAAAANIAYAAAGnFw1n0\r\n8Nv3E37tuO/9v//ZIgFAkz1UFcIXqoM4akqo/GFjkrUkyGLrjii/1Rv21SjndW/3\r\nbt3tYUlyxL7euW7cYvZ26/Y3WdNr+1B37hhH9/nITDkj8OvEIcg+GJZftO7PS5ij\r\n9TTLH6yYRT8jU/8qldu7ZmSFN0lggzNTLmGBBhiwog4YeOgFBNVrTbSw3RuNUMjF\r\niYx9PFnswciMcCTR0MGjxAHGAAAJGQwXSvTLYGGCDaKCAZC6FH5Gjo3pbcyjCAGI\r\nSlkQYwwQvY8Jf8vBCYGQFlo0r8U9UXIkLPMcW4uvDdE0S7F2svol23jWFzKCzrvy\r\n9y20h6LvxEntZW50JfNLVZz/o2OO4D6RWWP0/tA6j7x/DHVfca/+3pdH8KSURGXQ\r\n5PQzSwqCYy+0synaS/Y5fhmVXfldfKYwwx5apMOYUV+rb5P8xuYZVqatqm7S2bVN\r\nX5jj/+NgZOUlUgdhf+3gAIAAA0gBwAAAVsVYzhV1Ywpb3MbOf/////3vfxyxsawp\r\nLO69L27eobdS/cnL0bpPt1ZfNyOWN/SSuETt+9T8tT9P/L9aasYVZnK9nuttZagA\r\nAAojSd/hWl1leRaFHrBP4eo5ihUI3hcjqtUtq2X1Doa7wjWHSynHIoVQQXCsEjGE\r\npSJAYi4L5sSHkNg99KGtg/ODyXa2aU4SYKPT6BJ8DjCk7YHN0HyEwZKdgsw5xyLx\r\nEtltmW1Nlz6ookSJNfLUZONN0/e8yXZ0sf5rDZAwk9mPam2tap3EoMxTLaUt0Tsp\r\nd++O7a7/u7/m+WYT6fxhZhzweYQWlHOzb2iSzZje+x8zNmYf72rSqpAAAAKTl+OV\r\nz8oYbaKNTQTK2ohT6tbcUaWytjVXfGUp7A5T8v/jQGTeF0IFbys/BpKAAANIAAAA\r\nAO0whV7ooBYOVoa846YKwClS3IHlL+tdciRuAqaEtenSCHogsGLLg5FcdXGjJOpP\r\nlzK06XNMrS6e1daXNnq1DU+bPCQoS5vLG0+GFOcvmujd0SOuN7614RcjaCJcAI8i\r\n1PMzXxn6NZiFOBkUiB2IHMtrRM9W8wbLNCTyjr1c122rl/8zs855nH/++O8vFa+0\r\nx0x2qds5ng7WsjJtWrIkLmkRZIAAABfSt+rsxuw7UuommKQTzX0+wjC1hd7/40Bk\r\n3xi972NLYYakgAADSAAAAACyxo5ddTUEBQMQDpiMMSTfhyZXBzLWmvK/sjg+Fviq\r\nV3APKEpa4nHKEbsOJXWly5WcrKn1a/ASoz2z5yXV8F30kZ8tYnow5BaSJskaIDUz\r\nOaV8VTRrZ1CSzGcrY5lhrgYdr8fNXrDb+3lFOYHJjDB+U5PEpGNUmpFuUmg5fh4l\r\n2hYuVmuNuJ16GNCwq4NYlDomLG2LHcNIqbTlVDQdtzDGHVRSQZVVgAAAAIpz/yjq\r\nQ27iuQQ4MhGegy83/+NAZNQXxfNXS2GIloAAA0gAAAAAYjkWCq4GHNodWky7wxtM\r\npc7YFXFRRe7FhYEucw9yV1PxSaVVBga4pLqmYC5Dbv7Kqap3uOnjhuGp6zDSzrWT\r\ndMuXJiQQy2MR/UWQoFZZXkkxJsqab0Zzs2Q6yzPTGz086vbq0fWj1v6uu/1bu3at\r\nBb+pOPb2fS1dlmsa1ayEpar+Lvum/aUezTZJGJQvm/fv+//P////j59fMmpf8lWo\r\npVe5kUOVS6O7MS8muSA4atOhA2fW03kjO0XiCf/jUGTQGdYLRUtlhqwAAANIAAAA\r\nADJ/+pKnEXwAHAOEcExqBChQ3qBnR4MwyDXcCxAMDAI6kEhUAyR5aEtMwuuprHGC\r\nu+6Tr2FozTgxphz/ARR3qeLT1mJatPYXauRwZV30Otm+Skk8Ewnkd0uiK6iH51Ov\r\nS2QHoTrdaWUejpNXpa/eZa/erSCBi1V7Kg0iBY+itWtqdBiFD5erKuNJ+BYQUo2i\r\nHYVHjvpxh3RjDw5NRTjqFjh+1Lfz/Xr1zEQqMMUiRVUEAeSKiCK2DlMPmKmHE4pY\r\nrQ08SjShhgwYzcRTaN2ctcAACbljdv/7c1LVrKmLjlPAO0wJO1jvFWwiWagx1UgK\r\nE//jQGTxGe4LOgdliJoAAANIAAAAAMS9EbGJpBMhhpyIA/DBMmNfLcrj1u5kPQRW\r\nJuuR3uXk0Nkrl2VhcbW9FBKllAqeDmc1L9PVxoT126qDK1bKvL33aOUWXzvVb2Bs\r\nPEu0USUWEpCjqPfdffmP8e228b/7t/uqvkZG7kvMy9HFGPBsyuUXNdA6Wdzu7u0t\r\njf/f9Z7hrzuxSKbTIK2rp7y9pGXSbs06ktJ4BEH1KeNVgAAaTa27ffzcclcBqAOK\r\nk0Z9Zaoz6zLsBRgVnNE1uQL/40Bk3Bdp6z7PYYZ8gAADSAAAAACQYYTAqReNdEqs\r\nT/vM67tRSG58TIkJIw2gJDhdqMkuPFSo6TzX6VpwZ85rTceLkA6aCpnBUdVKigEm\r\nPNhIjVUK3q5e40lCFT9Q16fcozghWptDxtCQafSaMsylexqdTiaa9izMzBH5UhyB\r\nojCnOhrFckGYwosLCfc3BOqQdk7pCkI/zMjZjQeu84XUQF1WjhxSXWtPQIJFZdR8\r\nRMrAAB67pLb8bV2SLwSEBLEQwDWmTNsQa7GC4VjBAwyA/+NAZNsXdf9Az2UjjgAA\r\nA0gAAAAAAGgWFAAuIwBhAY8SLlo2oNoyJxJyst00tk0BvqH4gHw5CvjoKBLWiAJd\r\nsI5iSBHfTvk2116zoWZq/ix1lMkH8sYYKmqGix5W4kw5Hk9jdfHR+aCRU7hW85Bl\r\nMqsYbe57rN0OE5mT1s4wtZyttplPY7PgsvoRywjUPzyhsqa9luVA9mi3pnHzz908\r\n3A4WbSrT9TH+0pK5tbYke262LvD3Ltj7Vm67LeLD90HiuQI9D1F3G83ra9k1oAAA\r\nKf/jUGTaGq4LQM9piI4AAANIAAAAACSS7elxzmnfLdoHhBMxIc7QEsmUOTLBwcxB\r\nT40ZcyRIWbhwpK0aDioFdjTnMcRTRokUk1aMuCMiWfVLZi7kaJo2ZUMOIa9BRn7y\r\n9SwqPUiditrswMXL1ycXTo4PWn1qz3Wio2odc0efll41SU8NbHk8K3CAtgdWln0q\r\nJNi6gx9f1nIBsBjygsokVEW7OV5EUhqNIqbyXzpNO+nbDoolTqLWq/dSdFTsOvcn\r\nJKlrLJhBRXntlo/c5x26ce55C5giKN3UEe/ip8PrP02QAAAAGW33bf/hNyhaMOKq\r\nualuCgoHEyQnRKAvm0tcyCFA4vktl//jQGT0GboLQx9phogAAANIAAAAALCaKC0P\r\nQGhFwmGbUeooYIzjTyIQhKHB9IdHxasmcMzrNUaYRS1Dy98rmaszLaAaIqrGJoxR\r\nO2XzmjD37GrerA657lRLtuNGCaQwxjFiysIHCB2EZl2+cpRSWskYha6Xa0XWvDpK\r\nppQMYk2VM78hsMnI6ZP4yMeomMZsnNpJKWjoXa0ndGCTEfNW3V8uWprdpLK78mEE\r\nmugb9qAAAGbmt13xyzrOWm4GABhCSRokAVE5xhZZqyLsnUbQnoD/40Bk4Rfd30d/\r\nYYZugAADSAAAAAD3sZ4WnEqIAfJCUEUlyezzRbMbYjCBCBKzW2TgURjQwSoUOclC\r\n7F6uUNrznEJWuwrNJKpmmJs+xkNpk9tMmjlNXcVSM5TnEy4OGFOIiGFC5uSg8ppk\r\ngWHqNrZh7/QqTnnGWSizIXlWQtRWpW0Gy0HD1OepcoecxRpJHu0mwk3tJw8maMHz\r\nFIZCudPUFDJcdKzJsq7ipywNYoUTZZMaxJcqgAC+X+7bf/qUDprFDQxZYO/NEceh\r\nBSYUHLpJ/+NAZN0YKedDH2UoboAAA0gAAAAAMl3Jc5MKeeVTwpITYMoxBNdAhweJ\r\nQyoWc0iQRkKv0ZGZJF7XLMRUUIbXMLBYmkjtgEQkGx8EBUdEdrEIxpaLgyPEfHSY\r\ndnpSyW0/goQ9YdCCh2BYQYWQ6uewoUGTy2RRoJCCmVxIVYYxCxVfdKDC+C8Hm6Fm\r\nqm0s7q2DaKRHtDWFUXpmPCX8tdOl5Q750Rl7bqtmWWfdZdRVgACTlks13/7msmup\r\nyLjMxwclNseYMgSjXTTvLPyY/WSO9//jQGTWFnYLRM9lI24AAANIAAAAAJ3Lapml\r\nc5JFTrHSiKPpHvY0JWq+0iYkZX7IsqhmbGV89eQpGCjBApLqI1DcRiHqua0V9LtT\r\nssO4WOElSUAw4lMyTyaZf8RCsZN4u7iZNoAaDt76CCile7qVMh42t6d2n3YhrHpt\r\nD/NKx71t9W3uydxrYZ8f72q/sVflKqdDUlZX8UuTPO16ggmfN2T1yZBGLIYHyYS6\r\nM1kqrAcjbem23//y9kTz9DXhKkJThcimSidmZFpjU7K8q9iN25L/40Bk3Rcl20Tf\r\nYeZegAADSAAAAABoMr5D5vBfIdbH3D09heEoaPGZyeMKhu9xBje1I2cvWFOq1DWx\r\n+ywtYtZcnMjo4kAgEiiMgkxEJjHIubLTkdpmGN7EgoSgcSSuKMfP8nDUTqZqSq8g\r\n8DK2Hs4FG7j0KakUdc35iokFS6q1Rdbl8/pES07igm/4qGWte3CgyORpDHYSfina\r\nvXFBTFqyVZcgE0VFHrrdux0MzJxCmChDguFilj4hNOggJbUQqtiQJqRbA2CZpC2G\r\nwyRwk0Uh/+NAZN4VzdlFLzzD1oAAA0gAAAAAFQ3opQkSgrbRKrNC9n3bUZffOiMl\r\nQC50UMoZsH8CX6LsUY6ZHEU0CgZEAFOXS0bxI90s9EWc2DAjYgRm5w5uQLqW8KYs\r\nkSTQyNciObhFZDCvHFnBRO5HHQyNtzhHWqVoA1WVm4SZFNo/SY50GcDkj2GKTAAR\r\n4y9hypUBAmqbltlui++vHcdDE1BkbHh6gFS5aZIqVc/hyW16xIhjzR5Kw2cpEqEf\r\nsGA5ld5aPigrH6HZVCtW1BxSVwY8sf/jQGTqFO3rP38kw9KAAANIAAAAADHaeEIA\r\nxVjjuRPRkDRwmYKaAEAXBprSXOwiQgrPSMzdXlNpkujT+b5RdMdWn2kUym0nuS0F\r\nq/C2clz3J3TuJDtCcaJGrxKuwEQ+NmnQzqKJSpNKHspPJHZs/olQxWlM6I/l2Tc7\r\nU6IAIo207r7buYgx5p3qYG6I1yooJAuCQnAKjEoWFEm1gGnHMP47oPRkw8W6JweD\r\n5xh9xmwuNaz50/nlCG3HEli5pBHzc0IYpNFzIkqKk42Jxc5izDj/4zBk/RT96ztv\r\nMMO4gAADSAAAAABFZDGaUIozA7zpenBOPIovp9ymodWuft1bal7KSU3xxNrcP7pd\r\nWLi3bzzXcQ7WqXcPq7bSzJ3vZxEPi7n9Fs1Exd0q5sS6Jm9eO5iIUj9Cd12274bE\r\n1UsRPUi7RzK1xKJVtDNVd91fyxAuGUOEZKgxzEAPNNQ3QDGiCLTGqM1IcPKJQyoL\r\nprD/40Bk3BY9/z9/pKwAgAADSAFAAAAJrAUiWxbbYcsCsJnqtBAQ4qWiA1dsHBgB\r\nMDTgUJqLDV9rEYpTJxLkZM0uHJwv6oDA6xmVMSY+xdoD8pmOIyl2phpBeB52U0ql\r\nKOc5C6R0GVww3BTBnT9PFBD3PMBmKAS+XTDlv+7jQn2hx/oO27sFPu/D9ZRmZisO\r\nTbrv27s67jzOm76pIYaVDTyUz6Y0zYIhONmg+Uy2GIXN1ozYiDmvG8UMMum4brt1\r\nkrmPE8qV+EYwjFi/UkEMUlzU/+NwZOUopgsnGszgAAAAA0gBgAAAZlspl9BhT5ah\r\n6P3JBRbdWdlTK3XYpEIpIpfLXUaxdp5ZUh+NSB2r0D9m4xnTRzKfuUkuh2/H+RuV\r\nOVJdRSL1Hvk8t+Tv1KbEVpcaO5L4g/Gc49k9K5dSxuX8pJZMRyMZVZWEEB1lCU2U\r\no02m05HRGSjrTYyQiC0wCCAQeFxRVFMfAYIaGl5AUXMADYwgnTeCkZ1hAUYEJqrF\r\nBC4DpEM8EAkLbXQiSq6D2DhEjUhEChcrotCs4SIcRVBAEmKyRGgwzlrLLd5NdW4t\r\nUiaWxQNbG3ycEENDUFUMUekzaNIWq20gWwzdvU/2Xw5F2lyVtXqZbH1cKifqGlxs\r\n6X9i6kWcKPuSsLHmlUztrvbk0CLNgbq5d6s6DY7tJDERhqNPi/MHPRWwf+205uET\r\nhb/UUteCrJ31dp3n9bk7MCQM+8ZemfygeGn0cpr0Gx+9Cmcvxg+zfQ6+szOw/PT/\r\n43Bk9yp6CycfzWQAAAADSAGAAAABDDS3WlvI/Lvrwt9ZXF4YY068OWHkiD3y6HOw\r\n5EJXcikYrO1Nu7Askd5kWF2rXyiUp3LaeRQjcPvTaprb1/ORiLWZPPTdrOEwW5ss\r\nh+LORTN52B4q3lJDNypX+C2JACJxpu3XW3uzlBAAx+SwExMk4cHmLAgVik6KklxS\r\ndKLqq0KzpoSQhTCFbkYwOhYiNUnksEiRLhtK0z7Ko+kgZEptWWmFFXriSIwmpi6h\r\nEjmMGEKI2QeSDUS6nblOHuVse5wqTcqbkpDHkeXScCMkWXKFWyp+EIP9/YRj8y8W\r\nfHwTnaTp6xXXqoV/CGNUzWTz1P35Sh/s6ydbfyXqq/8d3c8s/zznUs8MqE+ygbnK\r\nWRn/9kzcFZcQIZUnbNbbvNTM05uwHNgUTtzUyNVyvX9D6Lm/P6C0kzOg5m1GHIBM\r\nqabnlE4lZhAncTk5IBwZLTHaV6FCdWPEDB0jEf/jMGT7FrIHP3/kpACAAANIAcAA\r\nAEEKeRtXaSSxqklnsMoRWucJPPIpJxSYM3dhyjp4wt1gKR5Hoc6GdkM4ooHjD+pq\r\nrRA5Nvs4qZzhdLOqZijhmxmTkhjHV18qX5oZwHk17HahULJSnuRw67BaRGV2pTh1\r\nhnPQkpgQI5mm21u/i7kiGGUCpvAbY6OTNXFqc3sZ+/jamjTpQTp2kP/jQGTMFPX/\r\nP389I3wAAANIAAAAAN6dzZOLeMmhFsU4gKTKDkm2Hpk4ILiIaD88ZMUKuCaaDsFS\r\nMk1hfF2Cx2nKI0cZkC05InMCDpFZgsOUQroGS6GGQOXktoJCS0NixC1TJwkSunC4\r\nuQ7lU5XMB0M5lixvHZUJFpBGIccQGjuWGCoLYzTuwhHFrwY0HeeXnY3KucDrpRX5\r\nGKVFHHJJXXpGazSV66PIWxkRppny1oexvmOrxTroYhILkzNDyxPZeycjXK5GIpXb\r\n0mNOEwqSUKn/40Bk3xS9uz9vPSNugAADSAAAAAA7CIqKQGIRUFwaX8RKZgW1VTwg\r\no52FZF1IaMLJomyeJFNHLUqAQIlU0IfyUO9SoHIDxhIxDSjEDxYjIsjaILgHdGQk\r\nEiWrAKOHMQ1Cm2IeUsSCh5FDyMKCix2Yyqnhdby52CDkBs13a2egQpusk+raVaEq\r\nlyRSCcMkttu826K+hPUcpGQR9mHQF4dBcA6DS6V28s5Q+qBwjbFEQVARFGCBU5i2\r\nsEqzZkgEaNInGy7cXpiURRxE8GG3cIQ3/+MwZPQVbbk3Hz0jboAAA0gAAAAAct40\r\nPaKFK0EGHkYFEtMhoRUHvtOo3mu5EqoRavnNRfO2/e01WH/JxeIU6dOUXDo5tmIz\r\nfp6+/L32lWZvamlP7P+rfO07LYa3a9Kjnemkgm7obvxdJ98Q9gSYIJCxAQuow1gs\r\nBGT6yJWGMBLRW5NbZYthTxCsDAfwnaV8LxJYMozwtiS2uf3I/+NAZM8V9es9fz0m\r\nTIAAA0gAAAAA4pR1+TxJGtQrPHLMbdO+cRqUzhPaQVbLVnHV9UpPbOB9cIy0nnj4\r\nrN6olE3eWuFU2XvnTYdoTJMEh9SZGJQEobE4oJYBLLhm+fjgY2UmaRpIpNZAgYnF\r\nW4NwlOKNBEohIjI1BNoQj6qIyjSigR4ufIEciiNGaYMiddJsQOKTKMvjphow74pu\r\no9kgZeuprGTuTuxPfY2dPZ719rEJrsZkOexYWhBfPWezuUXv0yT5IKqEIDKqXE4z\r\nJemG8P/jUGTaGcX/O28xJvSAAANIAAAAALC2yYnmAiB2PBw0aoUSNcaYwpTVE5yB\r\nlIQWt9w2WFerWRo8K11Jsefw5rG9RrIjJctHN9Q242xdfRpJStb4/SbL2tWtmhyf\r\nqnU5/bGotRPC0wbW2+gtciUsM6NvSzqNTTbVL+NZKD//vtpaM3Wh9fL1pP2dh4Lz\r\nUiIPEpi09z96u8fV7r6HImpY5nJvf9xNLJrM5GEuQ4ZyuoAMyDLr/D7FKqYQRGlH\r\nI5JLtT0uur44UhwJzY7oYpEgikNBYOW/XXUpaT6Zhdc1OkJlzYq+ZpHWoXVsrbHR\r\ncLdInrLLLV8UZ7Aa3JovR6OkkYWogJrWZf/jMGT7FYnpP28ww+aAAANIAAAAAKRr\r\nHgwVSOUxaKnRX6Y9mbLOTQqSiTomXsBcX4xIxE7kT1+jj/4ZG5k1Rs5JVmUFb4c+\r\nXbHOSHJeORUczwm8W7zMm4CZvvQoa1uHlHZSykSTLNlctxInsVY21ZqgKxWhICGq\r\n3JI5Nnft0pyoVSSsshg7gNUNpcX2C0rRxlUQ+JFz2k9soiREuv/jQGTVFW3fQ38w\r\nw8qAAANIAAAAAOOCCKA3CAnJyFnUm0jBG0hQoUCQBUo9siJ25PJ0SRhWaxrryLoU\r\nIvAlOIpCZ9QYloYSDYQozFaaJAyDeAko0FEjuOFLDAjjQ6QYajCq+IVgqqFEgYCw\r\nV8xS/gKmZImvUVuxbD6U1GFjhiN6QIh4Egt8io4kK5Km5/S87Yj7GlJEqOjqNA3a\r\npBACjJUlljv83lo8cFA3qlR1RyFR2NTYQxdDfCNwywRmRQRVuN3sONB8880J1DgM\r\nEd7BgLn/40Bk5BXWAz1vMSNugAADSAAAAAAXQDkgOHh06VvbHwuHqYn0TCxa+pF5\r\nVUGUnccRPXpLD+4rOqLEZNQH1jYINjxw4FEjmCJ1atjYg9eXD1Gzi+h5kNnoFnJG\r\nS4w5dpybQ8/SZz6b2TTp7KObTt/G2l7lNtE0xJwiXqxIIb08udJb0OSfvwROadsO\r\nF7JI7hIYnULhK09UewKtD2plSEzMy0NxwVMY42Q/G9kfLt80OcJTSu2FVL6sT7Mx\r\nKtZYpoqkQxCGA6EkqDIstss9lAEh/+NQZPAdlgs/fz2PrgAAA0gAAAAAtpyOyOSL\r\nmTxqWa2AkRY0gp0czI5WxDxYz0XYcOjwwaZm2d5h7JOk94fcKzjA3IiWPo5yLCBI\r\nSiqxQcQ2mcmuQRMMKvFUoG5oG91potTONXWDy7oLzZIcI37LCCijdViRbJojSzW2\r\nnQXnuSmp5SNko5qSwj0USJbsUjWmxmSQdlrOn+O/q5xDZi/j/P7VcQBJNDD3Biym\r\nyUHqiR42K5zpxabNr7fb7+5paLb8LURQrbZ+5VRS6pcQMtqcjlklcm1yuXUFhNDc\r\nriMHgnj8xC2cNLlDqE7peJ/NlwuRXP+ZXVxxxcJbpmm5OxVmUOpwjMzg/+NAZPMW\r\n7gNBbz0mboAAA0gAAAAAd0hwdQjwJPygE8GiomIaEcvQIK46XbpHQhFNIpdkplNk\r\nSU6c50t9mofUNqSB6E0gWj4I4EqjO7y+V6b4t8tkiEUWdMapBZ/TwyaKUU4zuQdG\r\nHZhlUqQVZzFrUd2V2OkaaQVeJf7L6jtMOgsvVmMVjpjnxyOqAURJu23bbbdq8jhI\r\nsWKES84QQpHEdiLq2lDJ+KxxlCWZROPtRxZshQNjKhOdGIgzEqTG1CBFhjjCVJHj\r\nic0YaRswQsvm2f/jMGT2Fd3zQW8ww9aAAANIAAAAAPkscWdjMZxURIjvXkoUHFEn\r\nEZ5o9JO32kK3MetaFGIFM2nlnpsS3XlJrVdITjkElu7tJZhL1/GH7q5ytqe6NXrX\r\nUTFv4am6E1GY6aT1M4Scymw/D2cyC+3hoG1S/3V8uGhnqQBCtCECsks2ltu7uttH\r\nQTMSEpOLRlY6XI0Z0iH1s6WllWtwHv/jQGTOFXWzRX8xJm6AAANIAAAAABHDI00E\r\nBQoGowsiTgoEcBywjUcgwGwtA0YYPD80OzQSFRYRRQzJHRQPGHiKQMEwpWcfcuLN\r\nM2po6qRxm9jqHTZXs0MPzVGjlU0uZfi6ka26c27TCm3aIyVJyMS7O6Q70lIl2U0T\r\nL23J9x0izSSNmbodNqYuk3SCO5zvEW9pNTvpNpd/N3SwM03Bm75LVd4S8YXBGpJI\r\n2pVYnFYmeiGRD8x8Gkt6yYyW9gA1SqlBfRiLF5BCjDwWHFhpQNX/40Bk3RXF7UV/\r\npiAAgAADSAFAAACBVmgJUgxKUCYzAFsQK8SYKH4OqXmhqCYxUTwSmR7QbUPdlCWi\r\neLRCqFjCgVKWrM6TSTyU2bO5LLExWqIXJvo0MzgKBlbWAwI7zqxZt8WuNZX+yl/X\r\nBd56Gptx/dLS3K9W6qVHhkLWX/e18n3EIBQJeVKhPKJyFuMvls1j+8ebxh5w4GgF\r\nYqA1k9KzJz5EvVpr9U/u49rEnCdF/IHZVlM7sxKtnzf/8NxOXRJ3HQaFJY2+9eSQ\r\nU0eQyuGn/+NgZOknzfcrL8zgAoAAA0gBgAAAaa0zqIN+vh6pfPw9EqeGu1ccKatd\r\nuVrUzV5/x9w34kTvzzvtyvunIpLTwe7U08z4yl/viz/PS+UGU8PQNIKakk81BLiN\r\nnjs1Vyq75WrWpTVwCopKskpMQU1FMy45OS41qqqqqqqqqqqqqqqqqqqqqqqqqqqq\r\nqqqqqqqqqqqqqqqqqqqqqqqqqqqqqqqqqqqqqqqqqqqqqqqqqqqqqqqqqqqqqqqq\r\nqqqqqqqqqqqqqqqqqqqqqqqqqqqqqqqqqqqqqqqqqqqqqqqqqqqqqqqqqqqqqqqq\r\nqqqqqqqqqqqqqqqqqqqqqqqqqqqqqqqqqqqqqqqqqqqqqqqqqqqqqqqqqqqqqqqq\r\nqqqqqqqqqqqqqqqqqqqqqqqqqqqqqqqqqqqqqqqqqv/jEGTOAAAB/gDgAAAAAANI\r\nAcAAAKqqqqqqqqqqqqqqqqqqqqqqqqqqqqqqqqqqqqqqqqo=', '', '1074487974525190145', '1075200406356799490', null, null, null, null, null, '2', '2018-12-17 18:23:26', '2018-12-17 18:23:26', '0');
INSERT INTO `ser_inquiry` VALUES ('1074611311284920321', '么么', '0', '8', '15596679811', null, '7', '3', '非常不好', '/+NARAAAAAAAAAAAAAAAAAAAAAAAAAAAAAAAAAAAAAAAAAAAAAAAAAAAAAAAAAAA\r\nAAAAAAAAAAAAAAAAAAAAAAAAAAAAAAAAAAAAAAAAAAAAAAAAAAAAAAAAAAAAAAAA\r\nAAAAAAAAAAAAAAAAAAAAAAAAAAAAAAAAAAAAAAAAAAAAAAAAAAAAAAAAAAAAAAAA\r\nAAAAAAAAAAAAAAAAAAAAAAAAAAAAAAAAAAAAAAAAAAAAAAAAAAAAAAAAAAAAAAAA\r\nAAAAAAAAAAAAAAAAAAAAAP/jEGQAAAABpAAAAAAAAANIAAAAAP/eSt5gSf/YsGjH\r\nnqyf9e2ejEcoxzYukHAYHwGODcD/4xBkHwAAAaQAoAAAAAADSAFAAABogkeO80L5\r\nuBpcugBGMDBAEA1GffoMzwMpjEAYXh5h/+NwZD4UvgcUAM1UAIAAA0gBgAAATg5T\r\n/tgOAAGCgIJgICBaILB/3e7h+ANggQAAUBYpgXMCPv//wywOwsitxxkPFzkTGY//\r\n//IIaFwgBEEmTJsn3J/////9NM0MDQ3cuETMDRAwND///////smeUxFy+5ommmZm\r\n5BDSaACAApGTa7Cmpv3DMWqoKpHlomRmVbAUA6MvQ7JfLhj7WW3ayrYY40NnjjOS\r\nWcAttPa0ypkrUAwZBMAQ1iGyAw0REP+5DTIcYY1IvkPIoPJxKJAZ9DManZQhc3dD\r\nxC4Qjv8lop1BRMW6TB4ZXioezpYGAlYmnpxMNBgLAEng4lq6lkETTMYvD0ntwqA2\r\nmrCwAmDO13KbxhkDO2ylLZr7SFEhYCPM5LtpuWXOgV9Iqsd3obrxmkpZTNOxA9tp\r\nz7NdZO/a93XirmRNmDYnfb9ZiPD7kQr8udXfyJsvUDVkephsIaYz+FwFDzGoZhyA\r\n7zbjAKv/43Bk8Cq6CyKv7WQAAAADSAHAAABUgLhhhgsMyt5oFhmVOSz6DXwlEUgF\r\nm9STryaaud23lZhAV6PTkJZIpY8jS3kduXPi+8WaXIqyfc1HKFa8Lilizcj0diva\r\nahi0ikkD06w7+Rh24ZemUyvD3AfSQz3NSOGLPZmLUOq3MAMJjcl27hCteFM8jXXU\r\nQ9jsc2uZlVGZbbpBLmhwXKeSDzGa1ldTK15Dbnse17ysosiMLJoEkO0lx9ENKso5\r\nFph6ezZnWQUSQoW3W0g6jnoF2jYYXX8WpQIGKHr7LSDMyLXZxHHsTR/Nhil7V1Cq\r\nY1hluTO7OO7f2KmPl/dKMduMJby8EarXhdR2MF/jEafG0ismbyRXTGqVOQxxd4jP\r\n6nQnFpy8Fbwxt+c+BH9sx8bzR4zOFsN1oOd6XFaZxBiwtblS1cghFkdlbt+vaIcP\r\nbXH1HonVgsihLixIxMJjN54nVyBL1y5IbM9r4EjxtYIbLP/jQGTyGIYHPV89L66A\r\nAANIAAAAANmsK079PujfapFw/ZnynQ8bBRorhpofWTI17zV7nOd8bRmdmyDoegRD\r\ndIkeNN5LuJkepF2mouJEZJNjb8rkeQSaDVex6t10QkzShoWFAhLZaLIUu+QfE0v1\r\nKpFx2kqIOo45hmPMiC3mH5Il7H+RkWQbuGDtxWRBQsPahrUi7r7WRVINq1IYp7nZ\r\nB0bU3NMRCqYRBAMWbu82WfBwy4jSRVmx6lKVsVNMx2wJ/tdiHhiBKFKrlRSfO4hM\r\n0UP/40Bk6BeOCT9vPSi2AAADSAAAAACIFoiGP59N12WIeIuajuvUzlxyK1ABkbK+\r\n3QWJ0Ta0L3XVGxAmgTwSoyiYoBkhQLLMH5Tmu7rrNksL6y5lvcx90dZ17R2TUEn9\r\nK21Jwx8bEOLCCdRZPQZPgDWCQ4cQe7T/apmFhVEtAvIhB9IgcRXGoVx3lQmAQwI3\r\nKfSilRrpMfOF49spGMJjSw2kECGglt339jVf6nOx2/K30UATC52ezld3GnpY+6iP\r\nYKbIsqa/3Xe2ZLL3Oiv2Mecz/+NAZOYWods9bz0juIAAA0gAAAAA1Mwp72TM4r8+\r\nv/PRCo2QJMwx0oelqYdRpTl91Nk4KkUiIjXsyysJp7NIPdGZnLOaHNcuf2KPUj++\r\n702PIKjb8ZrguImr2oO+T2jTPdwYjeNW7u/Xoj6/M/xH58N7yRUnB6TIOcsJpSdP\r\njjt3qrPSfbIxveFOfCz3ZwM4GaSt47UABAKNtut3nal3U1LMe01O7UQRwRzWoZRt\r\nbppmxldqtbHbF/6kzSXrme85x+JWuqUXMbe5BJ7NR95QyP/jQGTsFf3ZP19hJrSA\r\nAANIAAAAAFya/cMfxtBBc6SjyzCSFM809IohFA+vC4zJmVXonWlRCyy00S9ndbyK\r\n3ONQYZzJrRjKEowtc09dluU6ZWaxHjMotbsCNFr5+RvNLNENT7dKKxK+HI0jn5ZE\r\ng5Zgq4UEjGRlh45K8EIyeZHmlPd6hOLgN4eaCKMklVnIqpIAApC2W3b2blzl2g1Q\r\n3IOmIEWkIUlG2BsEpbtfPdC7jBG0j4UI2uOOO2E74Sh4WW2ywW0OjEiUXjIXTXYn\r\n5w7/40Bk9xbF8z1vYSO4gAADSAAAAABCorlYxcYe9tYXb8iKq3IkO7WuPpL6evXt\r\nPbez1ZidMmcCCgtuEIFwwoisMGOviSHFQmaqPMEpA0OsJVwzK0zVAjM2Mz5rUEMg\r\n54c7i2yWytlpSpXxWZOOdASKBVr+RTHI1N/TtRjb2pOs1qZshdwluwIJgAzXb7+x\r\nYqS+Otft9m4ZkK3lMBIhlwcIJjCytSVzdS3age/NA6uhzq3KVS3z+zmaJoRnJRQE\r\nmXyJwfWOYJmpQPeunpYUCgPk/+MwZPsV9gs9X2GDigAAA0gAAAAACGUxKcJmzgA0\r\nQYIvd5irikiE54y2RgrweuryRR3uplq9k22WxlFJ0AGacScyU2dlKMKKLSjWVepY\r\nnyUPLtcR5Fy6u9d6RMaNZszlEbPxnL6DT2dd42WTB2u7yNr//Wmb35etrGdFmyZJ\r\nqCGKlgAFgXPZbrZwoa8NP/YrQ898pZom2IbIODEl/+NAZNIWzfM/b2UmiIAAA0gA\r\nAAAAuSmIyintUnyxPoCHGE+oXna7Zv0s9bbpS1X8dKbxsUlbGBJ7Wqe7MQNEca8X\r\nzldHjSY45P2xFRyCX4l0Sz1SNha209J8FFIWMVciFT8OtxnJBBkvVvQWKAcJTRKG\r\nLVmlVArEY3Z7th32/tkSjKWzr9fryf3q1OfyzWIk69GuJuX9uO9/hp0JxPLZXN9s\r\nwLEhMQXOtV35raZlmvW/3/mjCd9oyGEVHa122Jl9kpRv2ZR7n722hCIh4fTXRf/j\r\nUGTWG6YLOV9lhegAAANIAAAAAKubdFdBQIJVliAGAFTb+2201/V8yMLOqJ4aGI8h\r\nA8CelIhmpoEGO/gE8AQgHIh0WFi7USgsaGH6hsAQQrnm4sazAzunH6RJYXJwvN90\r\niYtWDRlZfmNiTv9sKmCACwpCwEki6RxnMgKCcABt8ys8TzNrproINWb3JyuizTEk\r\nrSahGctltQlCPUjivKgoFkfinU/m1m6vV/F8eUSQVGtghkmWTLyw/1cE1DKxltVf\r\nUvLX/7FJ/OIHYvM63cjn7IwY1aVDGCFErNtv/RZTV23BT/8dxfTQLsBii3JURLQo\r\nzZ1Ff1mPZPB2lPK2OcsZ2qYaDf/jQGToFuoLQX89I9YAAANIAAAAAHUZlKop3F4z\r\nvVG9JQgWVyiNA9W379aTiscZKuL9VKd6f7Dumt5mgwGElcqGMauHGWLiJZAYsDhO\r\nXmDxHqTnGlGzlOyUMjLqmLPgUQt+JE8DXZFYclXV2BYiFT7U6OUl0TB8oOsq0FqU\r\n1S4OGG013M9wPqbOl7qJaCjT4HoQZVJoLU8vCo9D4se9JUj0eIKd7lHpWNpxp88V\r\npTEFaky3bfeLZ/ttmjF8UbQzEzNwZvEYCxU8S6mztcORbgL/40Bk6xj6Az9/Yehe\r\ngAADSAAAAABAHSXFzYE7DPp/SEhL1HmAbLIQ0jrIH0DYoYCJGSWPgACpEUUTbIkY\r\nuDRCQGjK4YGEweFAnRCYes62g6c0RLbQ6/qQXKCxtEwjLHzzaSc2V1jSqaTDRyZO\r\njczqUbSVVm0rqy5SsLxTHKeLmD74LpniGd+2VJ5IgkWMHUKBUeOVbslijTiCxxcH\r\nw9jBUWFkbG8TCwsMtps9T5ZVwbaHQTA16LPiyKaZQfdRZ6qkMAeJ7p7tv72FTlSz\r\nKHJl/+NAZN4Zpgs/bz0onAAAA0gAAAAAmcnjkvckMmbCqzJoQ1uUxHWPhPHgc7Ku\r\nJVzhyi2gRsnM8Z15jhqWV2sO1hYU4uKRgPlzRnX1PEf1Z9tucQHurx73fvmZ6ww5\r\nWBrnYor6bVKTq/sagRevmtF2Te2u1S9tBiEkx+NtpJk6v0YXNyyEvqG2nLKpoT2L\r\nb3H/ozZyLQeCs9tvu9x7ZFofX57JbEMjJmIRdmmQawGxWPmbvlnfN22uvlPWT3tf\r\n/3ue9bZUBPauut93sfPW5XEn0v/jQGTLF24JQ29h5m4AAANIAAAAACLRVx0itq2w\r\n6ygw6Nl7oQROz8QetyyGeFAW1Amltggx4kdUO2SCnHrkqU+9ZoR/rzWX9MAFo3Yx\r\nPEmeZEw4CGtCbZFOeSoVTVM6YkQ3wjwRcNKSuTxFmErEufzXEVqku4otJLC+mT7F\r\nabreXl0cLa7SbzOJxS62xuk5ueg51uBGowPhgRQIxQR8qJiAfHSMkV0yfgIhvIKo\r\nE1oQJ5MtqXJ0nThCOyhl3CdxzVnRYJY8hzdfK02FZqxxtTP/41BkyhxaA0NvYelu\r\ngAADSAAAAAA9Vb1EahmaAtFMwnsdcozqTaBu066ySORZmiQJlt3b3bfHczahuZta\r\ndJLFNCBodM4IouRc4XhNdy3zlCSY3S7DDZ1IvohXaC8YIdl0VrQ8uqck0jR99VLy\r\nJsyqxbrXJLiy7S5DO1ipo2P3as33veqcoDyzkkLiZcMRqAlFew+3E2rLrHOz1jD1\r\ntcu2P93UEUknSxGG2kmSv2zN2Ss+ZKbxu7MfNfzvjJNmHKbPr/JRhtrflud3ZqZn\r\nl23MNzhzO/8N+6VkcCaiKscgA0E47Ntt/NqXuCEx4z9cx5DDKYyTjQhjnjbj0gPH\r\nGKjVJM2vY6j/40Bk1xXFz0VvYYZugAADSAAAAAAZ4kq7q+ckJcofgsT9/NHxBftl\r\nYWJ2CLHxqI4uFFQ8083WkOPt+5U+ZXbGabtVrpFREe6MobqOnHBUwJhXHtBj1Yu5\r\nWhCIejmTyeeLT6Jc5ryfs5s/Vt0WLX22olymevzkf2tk0Y7Ocn75FPoeXswr3N6u\r\nUljfMztMWLMqMaNCfapI5CHQTQmHnC46eoDwkh+T2jEjDzV5YSEIKHOVvnBTEd5f\r\no8weBKJ7Riv4g5j/dTZyLpiFZchBA7Lb/+NQZOMbtgtFfz2G6AAAA0gAAAAArbbp\r\nK8zAfQruoqOd+ZSKlWVPddQXdW9duixuKXH2xnwfCYcyyaoULtIxoUlCBAYQIQJF\r\nw2tKPJSNChxA4lhJpCiFAqN6rlUs0uqzyFiKJJFvv6iDw5dIZCEyUUBihaiBiMJC\r\njyRiBH7/skX04lKiVIraW622Wrzqml5LMtixqGSb5tmZqfPk/5/nRw4l6xIquj5M\r\nJEu/7rqtbam2NecvN8PuZ/V9ktlSdRXlsE62TblRBkWWb337bXly7SWoKlLtpGNg\r\niMy+im0VAAbSmJYUceqy5g5cgdDTmNcsyJgM2sKlyyRXLMNXq6LOxTMrBHlc/+NA\r\nZPUWed1Hfz0mioAAA0gAAAAA1a6mXErPFZYzqJPAzlsma7dyVqgeC1Gufk8zkwMb\r\njHaYsFLZyyKLdSGMYVMPQ8VEZHBxVHsagNQ4qihW3QeRKwXE5a9MPmrq6jqXlL6t\r\nuhDFylioeWGfvwTDxC/enL1sKjuHxt9D3ikmdmma4iJ2f3ual7MoPkMHK5nPt//M\r\n2CEBYt3kt2+8WkOBIvR4tlA7fi7E1V5fLwHBC1hD9TKc51IqgYj4XBvLYvmwr2Zq\r\nUxytjbM7TkA/1SxPU//jQGT8F93VS49l6IiAAANIAAAAAMnWp+8eUVFsUy1Qm20N\r\nDF2pjQeqiSFEvJqfzUiYif+ucYpE1668OBD3WWzjS+Nf6h9vso47uWek9aYmjvfe\r\nJTftXGt6+r01mkH3gQKtjq0LMCHEj57y8S1m2FXEau4MSX3pmWsaL/nNPDt5cfe/\r\n8618Y1q1dfOc0i7ldVznGNxqT4tlh0zXtPXxoN9z438/V5c1taRJAfCyll0viCh7\r\n4CMzTKqmLHmaciScAFgchMYTMM7Ea01PoLEBHRD/40Bk+BnOC0t/p7wAAAADSAFA\r\nAAARxa4XBGORt+YEQInwyBBgwyJwyKcBKS/NINgwEAoWeCAo6qF6KyAeMKYO9E1a\r\nFfPmztn7NnFBQNeTEXFkKxUlBwEAR9DUbKycEhl2oKL0YqLCF0E10WCrRXWuqCpe\r\nygWHs5cSBm4R+VGPGlsG1rqXqMvs8cw6EiazDrvL8f99YgyS6oOzmAWhwHIoW7ye\r\njEFLHTcuC51/3ljdSVP5LJBuWP87cmlMb0/01Ge4wOvV6ZTDEYkNJDlJejcY/+Nw\r\nZOQpTgszCs1oAAAAA0gBgAAAXehwSxYhCsJurCH/dyW01XKXqfYDjah99nbsyZ1p\r\nmnp7XWCSplDdn1hdDHHfemtCKemr2MKOnpdZTVXDO1um79/f3M+7lOVmLUNyvKan\r\ncrMgoL3dwxUl0jv3L1PzOxnuhp6XkfzkSva0WgYIg0cNNIQwK3TCAdERktBg6TQp\r\nBqcmCGVVh1s0QcQjS25vKAZQOiADPi/3CCyZ8ggU41lS8TWxtJYoVBFhnxTPCxDW\r\nBYM/yTDOTATobBA0ilzIWvtvG1pqjTeMghWJS16HfZGzVyG5FFc5Bz+IOIBChgtg\r\nUAoC6VwComQgMEV7GZK4EREmWCUrBGWQicKPBgV63CQUUPcGtFlOpU4LussgiG4g\r\n0FlbnQ2peu+LPuuay/FuUK+qOcmA20OZy+H5dH7b0whu0QYPDsbfuXzVPPQJHJeu\r\nx1Em0rX/lkhZ/IHGgVJde7bsdWHiLT4b7Yf/43Bk8SrmC0crzWQAAAADSAGAAADR\r\n17EZsWsmaOAmQxyGkBkAS1pjEM/3WyBog9SCDAsiAQU532JgFLEQaNu/OUUqhmQx\r\nSflVfKQTEUjFnGXanuXsLWMTpK8D0uO5fSzOD9z0Uv2/3K4Ajda7CpyzKMe51aV8\r\nJDQXKtJVhzAAAKkPILfL6arUFAzDrYEqhHqFpr4sxXWs2AZbTW5qFchmOZ4n6QrU\r\n5+6bDEWlo/KtxVnQeQ4W0Ql82zrbFp+9Y1FEV+q03iaBCfvoEdARknEWTpQ5DoT0\r\nv6tRzOxsKjNU5kQwt7Mwmk1uKtvncNtfQLQH1qW8uXqOvlzhIdCmjxm/Ta9hN0DF\r\nob7G931N/rOv971m3rqs9Hz7fh0jUgb3CxEpBgytTreYUkB2zy5ti9af4pErCiYn\r\ntl7W965pa2MYxWet7UrJqmNbxC9s21TM8C2/HjYfzxMWpaQbSrokBAxQN9m1ea8K\r\nFMPDc9HuGv/jQGTxG9YDW3vsvACAAANIAcAAAISpUnKtsNE/7AF1PTxUXPwsoQSE\r\nM6ou1lCjjv7xVTCVEfE0z9DdgIi+FTAtfagx9lyI4o7vHrJROFI9HBk6dJTw/GMl\r\nYAOCpSJbkbZpcMVNnWQTqOgbZ4yGZHoktYIJEKnGqqEs07Scv18c1fVTurOgeiOw\r\n9GMBULHCYapkkl0SMEUrObVKq+P8Z00zT8Dtlu57i5pY+hndRL3UOLEqhVwRDIIt\r\nXM2j0MCq1ABgCbL3VgdMkqXGB2pXBFD/40BkzRdyBVtXYYhegAADSAAAAABcaUgS\r\ncqB6WUR5H95eXa0eeV1osiKLNxYSJTIWgFQiYHhXkmWSVIZTyKJKTKFmmlaTXKyP\r\nlBcFQUTaJAsFbIngkquVHkJ5Vgidkk7uozajkJUnnpE+/sKuuctGurm+TLkCJeLH\r\nnb3bC69/798rg+e5KS6cCGKRsSvNI15WiHoEJGNFECFMrKaKNbH1/vq/0o3K8r3i\r\n61tJUm6adbqqL+E0ir685T7Vb3xgihE8pyWNkwAADJB35VaWzMjB/+NQZMwX9fNX\r\nFw8JDIAAA0gAAAAAV1ZQTHacucXgWu6EbjD7utO7xiAkB5MexGqRdlkJQ+28XVgM\r\ny4ToVi9C+OBtYlPTmy7zqctWGrSde04ORkX0pYk8YTF0xPorLdYXPPM1W9zsT0WV\r\n92fUwdNxcQxIqgw8aKisnzcklWssWqsy1/EcdzPqjMnI5g+gcYHwjMQIJIggtGSU\r\nJYEtjjaNUfJtLUfFeqrTUhzuqWypPfV1V+U8QepAnkdt1OPuAFKnBDmlgQABhHBU\r\nZfisnhGEcUre5kpBym4WjZIuyck9WdPq1sSIcQ3PzksKSo+7HYTvLJcJ6KYXlF19\r\nT4cj86opcf27EHWZ/+NAZPwXMe9PV2GIboAAA0gAAAAAi904K1jxQBFQjVJlJ1ur\r\nMEyJLq609RYyyYKOYSTBJw25Y6hadShYqkFn+iW6mpld6rv0j6Xtmka9jYsfvB7j\r\ngESDsSCCII45AFijzRGOVDclKvX+IqVN1yTV4vZbqOLj+L5aBrDSfgqGt0lWuHS2\r\nslEswABCocTv1tq1lFmcXA6F27EiIUeyOVDNFeMTuWc8lHMrTzgMahdK5mSCVXbe\r\nzPFiISozht0ETaJpZWScDLJ9kitEnaolXgQEQf/jMGT9Fn4DSWs9iF6AAANIAAAA\r\nAFKNSCsEQyQS1DPMbiVhOWssoP7BC1yyJGyROOTVBEl1WHXghUJlDSI8Ss3iFheF\r\n6/Zs/5flWT8VZoYq4sknEqQNIiJUSm7NoERxSRakjoFinI+Y2v3lHmkn+l1jZ147\r\n1VnWbmmON6mCkqNhVZH7dVXVzABlGVSa3/+S0M/UNi1hPR6SQuox1f/jQGTQFyXj\r\nQQs9KJ6AAANIAAAAAEi12/XBuFdmSxXuvju+JBiay06e47BCqDU9XmaNlqz7axw3\r\nYpZYrg9OVETe2gZeouxVA65F3Ia1W8vPi2dH69yCkGwIGrtGfnhKm/tDqcqiMJns\r\nqW5KPpCXybZ+7ZOTdViU0TrCiemGhjk8u0SoanRM2wPsT8z8x9a96zXKwvN2QdLz\r\nUTcTranhTNbd//L2zbcZkNm5Pbx3L8th6pQgIaatjvu/inrvLTq4vKK4ICOWwO/C\r\nJwkjqnaFheD/40Bk0RYuCUUfPYZ8AAADSAAAAADy7ayyJowKwatTzbcZbTsaE3Rs\r\nOMwxCJEKAMwfCMeysUNtPVmhx3WeszKUlt1lMUtpCbuqX9zZJM9wWD5hKmXe2Vb9\r\nKwsgcRapwwvq2OURvf/Oe8mPjmoozS6lG219XMq+zwbMerblT2qny4ru6B5aO1uz\r\nJXus3P41sK2pBN58sFJwqHJiPpqzEABppa3bt3C72tWtdn6zuCAG2ZquQxXuEcB1\r\niKKNcLG2hcfRlnJDzM1Vc5Ou+iYTlEyI/+NAZNoUscNFbzEmbgAAA0gAAAAA31V2\r\nCI0lMXw5F5IeqVVaoNAgqi5/iQaacocP2FAVEgw4yYXlBKgVnDm4QQIU5QJk5RLt\r\nDF3HiCzEFMAOz3gOjMxu1iNSdYOHkKwQJUyNwq6yMEOA0KkcIhHDDhjNQQ8DR507\r\nQ+45LmtVnsKkKOMRITvw0Vo3ypUAEBfmtlt3rSTMCDnbXQuA4DThLNrK3wGUu5J3\r\nNfS0CTiMEwTmjLI1jwaNERVRGXGgoosyK4ycgRoeJRUKhC5QwQuCqv/jMGTvFTHf\r\nP289I16AAANIAAAAAMLD8zrDMS6TeNJMPTXFR4gidT1ZVaEzytzIpZOkDEbuaOXn\r\nTn70cT7tlDZRliS9t5kcu7UhiBWaVILnKe7Dy1+56rP9Ty6/hdT9VVkboSd4Ygdt\r\nVc7hGaNdGgdKfYR1rEsuJuC7bpTlLvQSgvet7cYZl65fzlk28vgic53XVHGm2242\r\n5JRJzf/jQGTMF5oLQW+npAAAAANIAUAAADrdePQNAzQ7yIacSYlWYM+bKwayOHWH\r\n5MUWh8cIDVwARi5gjQpsugwuOATcMA6RYlGEQnAJjIAa+JobOCjqQGyXKJZZgSBn\r\ngWFYaMAhWDNZTXKAtSjFjaooKfheybsrX6rBizFqc1A65GrU7AVTLbhbmyGRx2XS\r\npVZ+nHye5pbYl9Ui8Fkc611BhuLPHhRVKAtxnGfdrMbeKCoYYvbfaVMuV1IvZ5BT\r\nd2x0kglFiDpTCX7qUUWlkra1K4r/43BkyilOCy8fzWwAAAADSAGAAADMy13r0Hy6\r\nxFHWjD/OS7Evh6FXJ/CGYldhyjs3XEkEg7dpNvTYiUOQBlTxR9Y7Gp7dLIasegtU\r\nUkrfDM510ZBL9zcL6/L9Rp/6Wlj8Qu508kjeViYpr8Gy2emG5OHIotWkcskMDyTK\r\nRPzUuWKGt2kdbGx/JLS9jWUii+vpafVjdDWoQwJ1VOKSOOZuSRrNyxSwGkJZEuNz\r\nWkaxUm+Y0SrYBsAepNMDAJwtGCt4YVh5McOLeovSpqHBAeRo4cAhTg/hex/Eqk5r\r\n5aKJUTMUlEF4DY+yxMOYxZyoygw+s5WWOudTdCQuhwGdNT1UXcjc1iMOOxJ43nce\r\n8/C72dyddjkqWrxkkpcFlT9S5t3zjEqgly4HWASoVwrHNPyucaCYlGZpsD+uSrba\r\nWdVcx2p13ql281t34TF4uzhiECPPEIEXPXiNBDztWKZ/oi7rWaZpsWsXorSRHKHp\r\nbf/jcGTXKT4LOX/NZAAAAANIAYAAAIfZd7L20el+2IOQ7kDxiBGJw/PyaPuC6TvN\r\nawjTtRGGX9vRGGYCylESjvb12zVvW33s0jts7a+uh3LEMP5FIvKqJw3Ld+KWaN/I\r\nxFIGppqVO9Jb1ahksA01JIaCgyu5XM5Zc7hGIhL4U5DuM3d/Cf338LipAsxnUbGs\r\nc15cEBCSQCjZnA6QwoJDGJgToWBhVIjyCzUmwBmiQnwI6ydVhoXLWcrt0BEaNehQ\r\nVO94GCjx7KldltoPf9z0QwISgpE2oKAl0lF18MkW2/7BpQznNqb3RJ06kmZLAcNw\r\nY0ySxN2YzEJ95lM28d1WyLJ0sFdGazl+2fxl65PKnk0qe7k5OTd3BafTtKWfF3ai\r\n7YPfKWQEga1d2X0hUMxqMyF3sqF/bU62Gn5IJfIozx/rFBMP5NyaQUsjlUrlE/cl\r\nTInvikGQ5CqaDb0qnoBgCVPI3sXl79ZQTKIf5LJi/+NwZOUpRgskAM1kAAAAA0gB\r\ngAAAu67yvMsHuad+MS+nl2NTFzZaifYWo5LAcVuQwteJFwkC04gS+BRi9Ssc3Wjz\r\nSH62zZzHHViYE/6AlIJU67FyoWjQLjPzy20CQqnU80ljEOF9VAWiI8LoS4UwZ8z1\r\ncrEZlmMSW1lVZpAJIpBZJHBnu4wd64NAYgdGQDBMPo84x2MTKaWFwJ6tJONwoYBi\r\nGCyZuJwuElIIGVjKxHBwYOho7GXSaqnIyPLBbF2tnzwEQBGYzQsDUxZLKETlb/y1\r\n2qkQSiNUFXkh04lAlUS+LKX8ZdvmX/uD2fNxY0qR327xKJsRdF5Fhqn////q0J0z\r\nocVOlcLc0kVjy5kM8/rPnZpHxcL8d8y13HcPMmd1ojlRyGF6txgVxk0mbQzjNT0q\r\njsO3Hah9gX///////7SmQxx+Jt/nCmIHeNMrbWHraq/Wf3KatLrtWddKllT0y7//\r\n///////91k1IbdX/42Bk8iNF4zOPzGCAAAADSAGAAACBGZO81lrTBkZkrkvn+lDv\r\nNajcVfaU2MYk1qrhEqXDPL5qU0VNNP9NqkxBTUUzLjk5LjWqqqqqqqqqqqqqqqqq\r\nqqqqqkxBTUUzLjk5LjWqqqqqqqqqqqqqqqqqqqqqqqqqqqqqqqqqqqqqqqqqqqqq\r\nqqqqqqqqqqqqqqqqqqqqqqqqqqqqqqqqqqqqqqqqqqqqqqqqqqqqqqqqqqqqqqqq\r\nqqqqqqqqqqqqqqqqqqqqqqqqqqqqqqqqqqqqqqqqqqqqqqqqqqqqqqqqqqqqqqqq\r\nqqqqqqqqqqqqqqqqqqqqqqqqqqqqqqqqqqqqqqqqqqqqqqqqqqqqqqqqqqqqqqqq\r\nqqqqqqqqqqqqqqqqqqqqqqqqqqqqqqqqqqqqqqqqqqqqqqqq/+MQZOAAAAH+AOAA\r\nAAAAA0gBwAAAqqqqqqqqqqqqqqqqqqqqqqqqqqqqqqqqqqqqqqqqqg==', '', '1074487974525190145', '1075200406356799490', null, null, null, null, null, '2', '2018-12-17 18:24:37', '2018-12-17 18:24:37', '0');
INSERT INTO `ser_inquiry` VALUES ('1074613933320536066', '丽芳', '0', '8', '15596679811', null, '8', '3', '长董敏的时候就可以去了吧，，。，。，。，@qq.com', '/+NARAAAAAAAAAAAAAAAAAAAAAAAAAAAAAAAAAAAAAAAAAAAAAAAAAAAAAAAAAAA\r\nAAAAAAAAAAAAAAAAAAAAAAAAAAAAAAAAAAAAAAAAAAAAAAAAAAAAAAAAAAAAAAAA\r\nAAAAAAAAAAAAAAAAAAAAAAAAAAAAAAAAAAAAAAAAAAAAAAAAAAAAAAAAAAAAAAAA\r\nAAAAAAAAAAAAAAAAAAAAAAAAAAAAAAAAAAAAAAAAAAAAAAAAAAAAAAAAAAAAAAAA\r\nAAAAAAAAAAAAAAAAAAAAAP/jEGQAAAABpAAAAAAAAANIAAAAAAEBAGEGEEGGAEF4\r\nggMx48Ac5p4Di4GpG/YAI+K+AML/4xBkHwAAAaQAoAAAAAADSAFAAAD9uB6GgWUh\r\njMB4v/wMWFDpwFAYFAAEgH/4YrDAYdOO/+NwZD4VHgsRGspQAAAAA0gBgAAA8xLf\r\n/+BjwYNgYWLg2MDtImGFP//xHYpcG4AbUC+gGHAg2PjTFwf///smJ0NK05fdyD//\r\n///itxS5SHYXxCgYAEGCdC0T4BQANUDsJj//////xCQWAQoJQIhUXCDkXImGqBmD\r\nQjBQA4BS5u6SYul4yo1GsxKJRKoRKcUxjDP6VN8xknM9j34HhQRi4XETV3EElQhB\r\nwMOhBmYKLnvnHKImlnoDFTDQAOUsXHRBnVKNgYXTdEQN/ocTGTkb4cAyEKHkTzKI\r\nhaUnykIt6KOMwZG1g1PKGyF3ysKYIEOjELQSCYAvVLmBGtRVd62Z6Ov/EEgiIjC2\r\ntsth9YVoL+VXex7YkEHSNwYCdxkz0qXq7dp4MXUWPDtd/+TT84Qh5pBJpNDj6wfA\r\nSarxO6093X1fueibIHUfJUbWHQmaWpZswZlL4df+LwuxFYYmIg0iBGgUKuH7mFK1\r\n1ILL1f7/43Bk7SrOCycvzegAAAADSAGAAABkLN0JrXqCC27w6tNNJx8ocoHfjLWH\r\nagG/L6Nrc/G6avqrPzUT3KcJ5hmcYxWg4cfjS/JRuBoJiMM16Z/IxDdJHp2Yp4e7\r\nXp5PL5XQ7o/zmr1vLferuiMPudD0RlEV7alnyCVVae6/sptVxxASG9u22O4DrC+R\r\nYRHKJB+VOoz8lpmF551DzTtISKMTg9gWdKIni8fhiRUPUioi2VzWfxfC8ZUCbbDw\r\nVhCIivnUCtY1uJDu/V6kopT8H2h5jHCh6ljOo79LkoHAch/w04ozoTpzyH4PxYFz\r\nXBljjcIU7xGFWTfJ+GgiEpk32pkeKcn5rpliMhxY9R7NbPDW4Kfa1NAiPlQyKRwr\r\nPiIpyTqPdnxkRZpnWmu7m8VkzxwhZb05AiaZMSMqjTjBmAwV3EjxHOGt0rCsh5OD\r\nkSsc2DVOdnVag2XxDKrtP5R7coTrjMZ17Leq493j9jnhrf/jUGTuIZoLO2/mPAAA\r\nAANIAcAAAOy/k7Ju2OMqiQxOE7P9RsbPGSBqK8FgPBXsTIvx4l2aEyPFGV1RUTyp\r\nUmR2uESZUsy8RWCigisERABsJYGzUvuvkiBp6OAsullEw3GwJaEJTYvOzKjjSxM/\r\nJzYrCWDUiJ6s6ZTX4q8mmFWoO15LWmsxZ6cHMQzJ6vG8y4S0a6FLUU4FWSJGhMBK\r\nGLJ/GiE6hYVz/GXWpB0mizSGllkXjHyV/lGaq9wrfsvJKUqr+9gtWQlWR2Wk9pa1\r\nLsCRxbUlIGF7I0oRyS6bNypVLw2KV3kd9oaTjng01S7EmoailQEyaX9qX68Lqd/H\r\nDwdC6Ph4eP/jQGTRF7X/QXo9iTyAAANIAAAAAC5QjIxWs8JMtohAdHQRZtEyhbmn\r\nB5fmQQS2S+lYCdEiQGG4xR0w9AVOFgY4xgUJwwzCJy0yQWNyS1zkxeuUVsHmkIHs\r\nULFlyTdjElsWhLQRUzIvan7AVGrL6mXlZN8CeZhrcvKnHTmbi8+KzEt+VZSC8xVl\r\npVESmmZKcSckNc2EpTx5rUrItX3Zrcf/PbRpRFMpS7B0bdWn8vAs1P2nMSBf6kjQ\r\nzF0qeISIQCALwJRWMAQm86S8wfNoSsn/40BkzhYB+UFqMSZMgAADSAAAAAAsEC+q\r\n6AnLlBC6zC5icYfuU4SEr4nOk6JDdigmnsJATycZpgvWT9sXgbX0iJ5Oqt8aCrXZ\r\nlk8rVl84xiS0spn9/IdqDZ92ysiZhFerfzn9fu875+ZmI74Mxoud1t1OX2EvLv79\r\nYrHasxnEbZSZ0e7RlsmS2e/fnt2ht2HbWycuTdjEfeH+eqqVMSFByZtPlpmCcP6e\r\nXS0bFtaPRw1c2MXmy2hvNGnFcpK23dHklmuFkSGDszWICLF6QkHB/+NAZNkUiftD\r\nbiWGaIAAA0gAAAAAUhGCw8o+VD1G2xUAOThCkyBZqyjGH5yBIjUqQ1kfTXaanJlk\r\nFJqG7V0YYtFvD6cyyqKvHb6fDppsWZh8CCmh2bf4ivrt9Sk1uiWKK0GXadkIkOyr\r\nlhww4lvB4dEMGtNMUEaAEbPFC0kJDho1fYFPhpAwCWuW2qzVmiMiX+NpyF12tqr6\r\nEwFiU9Ja1cORFZahcKolhXQ1f5OeE6HT8egFaIsZwkD4vOI4KjwriEAfQK2XJyFC\r\nXD2FyADZxf/jQGTvFWXtRX4ww7qAAANIAAAAABmidZQjfJteZlAdk2jadt9afhOO\r\ne2E6g6cdmmnLK6m9hJRFL+qgwziNemprU2qUbnCnNwUYYcpGDs2Sdwmyx459uG/3\r\nPfCqzf62t3Z1X2Kc7nOF3jvOULnlZjf+yhf9Ty41UabIRxGVx9ehBjsF18azlaub\r\nkjTcac0NXsj3JrzboDwAUAA6kEIlF6TQ8AJDTi0Gbp1QQnOkipMUGudcawWZc1Sl\r\nRZ7hIaAJHteTIkbUvYo6j1NCo0eEFGn/4zBk/hYR20VupiQAgAADSAFAAAAwc5zX\r\nFJLBuA2KfWAZnGE6HbajTWGQsrj0ejrMFdLzgOMQY8VIz+LvLDqyY5J3arILNDZa\r\nuqKuA/EFQVPNJrQS/NmXPJAjK4cqwW+bQU60741nm81WWuMtVssKo4EmpbDMijEA\r\n2JVAaZDipyrmSQUYUmjwqgttrDKorKpS3V3o430ZatHJmkj/43Bk1CjyC0EuzGAA\r\nAAADSAGAAABqCYHnX7p6kgk0uhyQUkMULuxZnTqt8vZbheNVdVBrKSK9m0jEcznp\r\nM/MFxyb5EX+i1u1MSCXRyH4/G52doJ2dhyLSatel9zP1/sQjzN4agqfpItGaN0pq\r\n7HqCXROXS18YJi+DSGDyi5y7hK4zWp6SP5XqNfo6Vo7UWy05ep5/9PJ7dtPGIgi2\r\nAXNftczUjAGIkA6Y2cEqYuhgWhOpQoYmYhSzNANNhyHDaWtlL5K6RthUziT8KKJ5\r\nltChxZhKtXLNZ3rhNSYDTt6xVIAt2pMs2QiOhHCZc7LMVAX8a647OmBsmgsp0ZhL\r\ngMAi3jTGXrBr0IQO62aFQTAjfsYbG017IeSrRzbG0+8lorxibFGisBl05yeXkw6h\r\nczBadJGmdQ5ehMrgB5/sTkBwM/lbBg8ZvTMOxmJQ1GrFvUFz8u3lKqSNO5EolNP6\r\n2BOhQxLhw2Kq3u+1+RYRCv/jcGTkKDYHSSrM4ACAAANIAYAAAEy5IZiVNaYdEqVy\r\nZPlC6lujop2fay5LkQ1LnLdd5H5lMakNPhlH61NavQ3CH/qQ+6Egft9YvLNcm6eO\r\n0r+35VNU1T4NpY3jLXwmZRt6rVjKlp9Su5Nz9NH6tPa7VRrYUjRuoAW2pbFbPGUy\r\nl4SIlWt2VWIBgbj/0mFNQTVqxN0d8CEjxpVB2m0fRLM5O0SeGxqBMXKl14LbG7py\r\n1zmjXIAUITCOR8usZpua6Ay25CQ0pO/zsJprkUTGow8kNQzDx71lQ2W1CF9LWKjO\r\ndPkz4QuP+sppVq9RqcalWZS9M3X+y8JYn41cbjbdXO6SnuJ7k2sXpKcmU5rZl3Uc\r\nz1KvvzfG2fGnQqsVTfTIaW+9SKr7dVWOZ0hSx3UnK02+zsozjTZuGMNQVnEtynJa\r\nUWV8R8sZZHdIW6C6JSSCAeP2LVE3QRLD8vFkfn+WLTwrr1daMPrDpyBJo4oW/+Mw\r\nZPoWCddTb+wkAIAAA0gBwAAAq+YXLjlLnt27g+tVtZQWOZouGCwncSFnCVnl6a5H\r\nZUD50zzhy7wVqWLyxNsPxamNFZtq6Z2eOJ5Iumv6m4nhozJOmBlq0ZO/IxizBYRC\r\n6PeyR8RakOZsPu4qDDepeiVvJZbGuKW2tKnI92JOVfdGR23mwlbrdFDmynC1YnRE\r\no7bHhYVzY9if/+NAZNAWpf1Vf2GIXoAAA0gAAAAATL72XwpZOlhaK0IiA3bKhO0v\r\ntErTjQiQkKTFRVt0UCSc7bbLIGlEMIBw6K12jqjMmkCnLuQbmHz0ems3Cbo6ZQCe\r\nLafmmqgRMz3+9t8yye+LLc7W3nlo6k1Pq0y0f0UzmhX6z3tbDYIbcrN9CBFo8TYI\r\nmysxrGhphaQMQCQMuLrxTMgjGd8+ClmZGpNltsdyUYGo9MOSZeZTItbhq1yxcp3C\r\nmHIuXoUK4zUwPojxOanJZe9pfFC8w26Sh//jQGTVFhnvVX8xI54AAANIAAAAAKSh\r\n70cE4sJAJcYLLNSQJ3iBHcaeyZYBnSRE2TyElLEUV5Uu+4yHVegdBykkZxWSOeIv\r\n9anKns38t/1KTo0EOLu0SKidNR22elsnk03OySdn6mm/9WZEjcUTm73L/27vx72M\r\ndsx/mfheouPI2XGjLLE4ZiMMgXjrmonM3/k2fkAe6eHqGrO/mOWPQrK0IiSGiCY2\r\n3Y0p8XTRYRtMHD4+ZyJgF8czNJahSFDW4bU7LCx07R9CLNRiutSPzij/40Bk3xXV\r\n/09rMSZugAADSAAAAACh0K7CYAALiTDdJJkCEepACMbURRUJufIkUJSatm9ptKde\r\nbTBALkS8yJH15ecjkVpZVazNq38ux6ISUaZNVhJLf8Y/bmgbb0ueWraXltDzPanZ\r\nL5JE5lJ34PR98uCLt53VnEZk0ufWN33/H+d/LtPOMiMfZwsSGV7Oinz9zcVV9jQk\r\nq9Bu23cc1vqq4KyotIhVaEhKIiA8hEoVJYoGxKMlRZTUJwVojcSAUMSEpJE2KOiI\r\ntjci8GjzQqQD/+NAZOsVxgtLbyUmfgAAA0gAAAAADwVIwl5PkOL68WmRJ9EU1KU6\r\nPly6r+plzD02ot5qaHZdPKfi+3uUrWvblWmeKfv9ttQprYGtcMWRckOyfe0bq1bH\r\nxHLkBCPW4U35cx+7zLW+U9PCTmp9iBpG5blqA/9NiqRMzfOUlOUy/GdHThJ1V4JM\r\n5EqqMtTMzhfFpBIS6glyzXbII6oiWaRqgi82gVGRoKmgyRCJYiE7CYhctxMYalMb\r\nEhD8iFWJQ7TDSp1A05ohSWFUkKEVNoTMkP/jQGT3FtH7S28lhsSAAANIAAAAAOJI\r\n1WESLU0K24kiQsc4ipQs5Ul7aGUGJNNsOjlZay7mDE2vfgbym69aCYg+UkWY6RQW\r\nEZySRjILHijDKGQoqE5Y5Z1pbT/YlGtX8k2JfMOLj8xRKByVkh1zXwCbDdW9RG6u\r\ns3W+fXnJbWzl31bnp1I0mEaQqsiQedSttudrcywsH0TxpJxKHxmx2R0Z0thIrBhC\r\nW0RZ1oi7FjRsrA1OaamFm0YLzXwu2YUI1hzJqOYaw4SEBI4E0lGZxbf/4zBk+xaF\r\n/0VvJQbkgAADSAAAAADOiRRXsCedKTMI7nGV7kKnmmYzb0kStrM2pU+owpSfllbS\r\n2ay1BvYeltuDfuV1C/l+cIec4L3WfkDGvknq86g3UYSlUPdMe+pDyrxu/414MXaz\r\n69zb/3+EPOeZPI+CDP8Ro99EB5/gBcCOsNpWvyNJFpqN77dUKNnqoTqPQ6qbRgw2\r\ncslCl2D/40BkzRXh/T8bpiQAgAADSAFAAADeQdGJqGK8BA13h3B7I8UcqFrInMLZ\r\nLAAO2JaaaEQVMiwpasM3sRhEDCSI2DkhBnXdNcq90mUvo27KzWeuKu8vGiu/hkU7\r\njwwRFhGgzvDIuSzhk8BLXWqjRTOdcgeNNbU1U1WCWFyd6AHJlcHKwQxSMXh9S6Gl\r\nhF2Nbf934SzqPLGacsl+3RgSUyWA3QdBIyQx96YS/dJNxuFW8ZBK4ccxrlFNQzMS\r\n6mhq/GrTScpRfgrtO9b8TEipH/jE/+NwZNkpQgs5LszgAAAAA0gBgAAACvNGWvzb\r\nN03JazSjhcsvUlC7K5EEqqTjrShTgzrk0E/G4hK8ZiS38Iha1L4AsyKEulDcXyZf\r\nLIcZZLItTxOn3STtqrTTsti1A/zxPM6NCxF8IZgyNz1ufuTcVncZ5qdPZp7j/z9N\r\nLt13DtzWq8Uo5jLlD8d94EAwjGBAJwIeGpIdNYQMgl2uVL5FtXqSacbTFfnKB4wJ\r\nUTtcphiICP7AH4Yqhmyh21zLp6wxY6lifb2OQWXU1T8aotZ52xqbrZki+Y6vZ4n4\r\nXQzBx0ES1oAcg3zOLY2gNgZuMPsoXvlDDX2lSuUui8q93/lboOQ8TF3SXRkytRde\r\nsMuEjw+6B71RFIQSHZcVC123QeRExYJIaGYdd9Sx3qsxLlyF6GjMikzTJPDiUbjX\r\n1h1rrcfp325Kzs7wgd7HZf9AZTMOpJEzplDU5qIPvH44ihK3VlDqOBDkbYnGn0aS\r\nzpr/43Bk5ylqCy4AzGAAAAADSAGAAABDYWmy9b8YmZXBijaTb+t2nrTSV5RGdgNl\r\nFPA7rqCwGrZLLzBncdiIQE99u260TaQ77jzNeD6FdtM0lQB62nRStfhTqwtrynbA\r\nW5Py/sVxaE7sYjshsWY9TUNypLpuGXT1LI5JqlmMVKJkEMCCspSIxAIBrpjFUdAu\r\nwQzE1HQEKmgrebRAZ8HENDek5jEhBkMpmqqytY6i4GNiEAAlEYQwizAAgok6UChG\r\nMYM+pZQhNJBMia2NBWnKWPopo9UueVrYNFmVIhBNhLelkXENnAMyWiTNVAGWNccJ\r\nGxNEBFwuFMaFXFBTrKBEwFdzpT9NQNcblEIOsGdGoVuWzNt6iYDxubNwMzOKyyq7\r\nMZfvOnZBqmi0JXa0NBws4mpTIYIKOU9UuuOtH32hb7OTDU0tJ+YTBsqoYEduderC\r\n7M8zctnbr3X/gdgkOW1iQqq+jOn+cOWRi7HIHnWsr//jcGTzKuYLQz/M6IAAAANI\r\nAYAAAJjz00dy1VnJufh+XRa29DtvIoAXwBw9h6u0rKW3lKL3fr4TsEyPN/47SRam\r\niU1KfuROXUtW/UllJAD7TT7QZDDLrMSfqTtypWzU8FxmzIJPBcEUkRXfK4vKZe+E\r\n1A+DxSCVyu9VqkJZKRjLJYEQZCAQES+rqA8Y4FV0ciAEpTCwhqMDyxEEDTm+Bizl\r\npWJ4MtUrZkoyXEsMqTfXgw12HFWtLpRDZEPYhqMyhNQABDIT8SpYYMHRXXzG1Dm5\r\ntqDqgKEaDhiomTmJhobouMlNM0RHNjYUpcYJJmFIrhCxjjAoMtGWsSvdUmIKgrbq\r\n1rZYMqdAAzoWKawgPeR91yyuHnsSMYOmIpo3q7IKUviyizbuy1xy2Vt32oWzJXKA\r\nh92btzaAyymWIyRm7pN4kWveSA0Obb9ubsprtdY6udmiXCBbyM6VUfxCxp5ekhJV\r\nvVvdQWVS+MMcMTNI/+NwZPMq7gtVL8zkAAAAA0gBgAAAoIET4d5yI5bu8t7/Av4s\r\nCjgwJuzi096G6Ciy/8FqFtYOZSwxFNdUYdaXSnmfdfy5jXg+Zzk85fl1m3Rx9+43\r\nhK6S7lZlM32l7Yz+f+/MTdFVv8pLEis2+36mN2W1KakyisJkM+qjAgJmSEQUQD/i\r\njsQ5+FTCntKHDwsMVIwuxHyMw+2VpANEAaDKlSKAISGgRENkKEmyPNVAJBpbznXU\r\nrExRHFXk7JEdAZpYhNRaoclVbNmIWIlAzyMHKW0mC6MiKvFhJrCaXN+q42FUeR9I\r\nUPt66R5b3i2o3N4yMzt8u0a1qA50MNI0W+TKKbHyojPVNvVoc0VuetzfPatGa0Fq\r\nvLN32WHdm+8TflgQm/xYFdTPm1mYGJcqSHiqcJapj8cjnUKrzBkb2eqsu0WiZ1TG\r\nv64/pn7hOLUhrUzLlmZWxS1XChVeF9TLlmow5gR2CWAz+O4TxJ7yxHL/41Bk8yBy\r\nC2uP7LwAAAADSAHAAACLHs+yuM0dNTLFxHX2K9ZWaqgRA1JyAo6rfqluyunlGohX\r\nLqCUprKghT/T8TdiUO/FQiBA4QoyRzyQVG0QDsCsGyif9+kKFCnx0Aw91lkjdfFh\r\nUZRDyZiicVWFiZ8IXLU+eW06XYZKv1So2oiSYpkERLtCRWpa1TW11qq7oZKh6SNN\r\nHh46IdOv8dIy2zLFHzaqKh6abFDBgPDyRmMGyPaBGHnCMZpVxXx/8RbMr8I+t0Pi\r\nNXSh8d3dSxDpA6h8oWjxFJBFG2M5E1WxAAANVIy7S312uf5VKSAYKuOM2CeKyEyS\r\nwESwMzxVq9YPlKCY0ZX/40Bk3xbmA3F/YShugAADSAAAAABVgAMQAsRjpAu3P7uy\r\nORQWJjZK1J03JoYNMpkqsieLQkaUwrNcFlVWizyI+4+WXompyaKCqyWq6wiPoRte\r\nG5FyvytqqTXZihjrKOYg0Q0irKW+psq6OHJUm6oSm7WDoOjLGWKmG2VZTW8WW0Vy\r\nn/HzF1K1vHzUFcytSU3LZT/BlnoNQfkmj0LFGeSDrSIsZA6xAAAW0Zbr9/GgWal0\r\nMg/DGFQJKi37ETp6olwd6tO16ZpWX0sLbz8To5oZ/+NAZOIW4gdvfz0ofoAAA0gA\r\nAAAAMeMNRquqdr9qsJxfWKNOa2xqky0+8tZ9cmNxUVbPv5DE8wujTpzR5FSFbpi0\r\nmYZnMaEkUJGncSKMh6qYjtb2jefOsfZRo4SHHF9y1taXcoNFkaxoUEaiBAFixCYa\r\nQIgfD4dWEjLAqISlBi0tympvT/6WLnlV2rZIOOqGG1F0Uw1nYbdksPHio7hBYWOp\r\nFiyjkg6wAAAA0ptrv3kPecHoVIOML4ZIA+GKIYjwVY3DhHOrircy+Np7qxQJd//j\r\nQGTmF6IBaW89iG6AAANIAAAAAI5INQLpjhQGGLuVqZmOrx8hh5NaFaoKGuKmkNPk\r\nhYuOiES2aQjAljF4pJUlowVrSyElJoo3IVjUtI3I2FhUTyicaSFbPq8kt6Tz3kNn\r\nmRVyE7k7tNeOrX+zJEttsrLLSbJQiuxSNUyVXZhqEynnQ61CN/rbV3C991JLukAj\r\nmcH2hSQdVBAoRr+Wb1thVJRIXrDqJQm3UthRKoAAAAScetm/18xucrqLRZE5EsOK\r\nXMwjZAFNVa6vmXPNO03/40Bk5BgmCWNvPSOuAAADSAAAAAA+4LquE+wwiCpwEicQ\r\nwaUaTwtsTMsXi9Y2BKGoEIYyTCSZYUipGMtkIpYkcW8X3TWRImlYgbHWtebic1Jp\r\nhlZA74bYScEVJi8IVtwztVxsb6fdjH1M1Rza9eGuXaoNyKXLr8Kj/hMWcdsvB20l\r\nWO05/Rv/n1nxr6b20dUt2FBqPRfdp8acmnZnzTktcpKruYbTysefrzhdwAAAuyXa\r\n7f6kpHE7CrFuCTgygLKfHpHSQsS43BqH4Xw3B+Hg/+NAZN0XFgtZb2EmfAAAA0gA\r\nAAAAjJKwrxnrGr1exx25vfQICsefLnSBZ4qIG1VCJEo4EhFASesa5BKijTETQVgr\r\nAE9AxJKAXZxskwhvFWWtKcL2wKaJKYPA+Jo0afU3dDjYrHlTRMqlusxQ6U2+Ga4d\r\nLlOWqocfZhpwnJVIn2uLSrqmjhvh4dYjtJ0JrmLdh63Ks3d/dd7TrtXBFM/J3UFR\r\nAtuQAAAAKSW7779qW86syqVQtBAXAAp0fiUrXU1R5itKVkflVJRPVHXZoZmajf/j\r\nQGTfFmH7Vx88yLKAAANIAAAAANj8pyUskxidDFbglA2CYAxIkJtEjIsSiR6IT6jZ\r\nRTwrJRepSnMsqQkDZFEPRXnepEQU3AqDI/bJ28G2QBoIngMMAcTpNNkKpVls7xU6\r\n+7RhCCTYW7PGa2tv8sjMwx6ZOkZPA7I6aeV5ZHXbKhOknLnrRl6bGz62vrvlbndo\r\nv5/LfJbH79siOUUnCBGT3EWDlWWgAAAm5Lvv+8t2L80uVXBpCI1AZBxWY2wOp2NZ\r\nXwHDL7pbsCjjoI7IFvf/40Bk5xeZ41d/YSaWgAADSAAAAAC6ggIgLtA6TFo+DopR\r\nMwDulSPLDpDJQ+EwLBAS2K4lUQlR3WtDfj1CdbusgayEtibIdpOounLksvntE7O4\r\n2KMcwBmCavcrZgheyYgyjCbMSoquvGIOUkxLdizI5TsSUh1iULlZTqpF923aorvn\r\n1ObITHSd3iGSza3Yy818xXS9bEFp85XZ42H/razftIQs9dtiDxBcFOwqoAACVZLd\r\nvrdS5H5UQGWgXxQFk8z7kA3RuR+QfEZ0epGwIOUs/+NAZOUYBgVVH2GGeIAAA0gA\r\nAAAAAke5jF25BAxbx6S5qQaZKDpH+hhbg6Gmi4TpIkIEfScNlSaiSjgiYbJd+q3y\r\npamV+lL1Q/KkdIwyzwJQn0mtqM0GcpDQswEhKRspOfQkVyTakodhgooaF8NumTDK\r\nZKCrHBjGH/SJjoRqVk3S+npOVuHYn/Ds3Q9kKesZRPtUQz4eUjCbz/u83VbG9iL7\r\nUWjEZ2es8zmsjNRjtF9/eU7lZD3ZAtUIO8SiXgvEVYAAAAU5bd7Oq+VLG59W8P/j\r\nQGTfGeXvVQ9h5nqAAANIAAAAAELOsRc4685hLTigRBwIEpQFElQBUEpW3jDQ5Qo5\r\nuQqRmyiKcIkWKP2mkxR2mTyPssgWNtxYEyKQZmmkYFo0ZKwRxPlQc25KFZj75oUa\r\nEVY9DJVWEJrtFHSYZmxeHSibDEljxMV8cQTPtNwuL5QpbVGIz8HSpuHmo67M7PTS\r\nB1Erd0NGzBgik40Leat/Yez5MfsZEvyMxlF0esUjeHD8GBMQb4Rl5ZUevTDUhlBK\r\nr4FziZGF4AABMcu359L/41Bkyhgx+1dPYSOqgAADSAAAAAD8EUQVEQdESiSr8BFh\r\nklpYmAkDESlAHBjRSOa6UEwVDgIykY0zlgSCBSLHGdMla+uRzmyxVa0VMwWLwhEw\r\nMBC1LI3ViV6U2UGRS6BuA+aK9IU5ZX7VflWobst7V4x/2kT7dSc5ZbsUdD2DLR23\r\nLZldvHWXX9VYQRiswVI2Z4965GYI06Udg4TMSgU80BkaKgIWpFwUZ14aHihKFNJu\r\nbUjpIZqZLZxgTuosi27lp25GqUOnF98hoglxFcAAAE7f//5c1LnLSuZkXJMIgghC\r\nQUqBKChEOwqgBfWFTwWYCAjBC2LBy3T/r9gJWNnC4mqskYD/40Bk+BgR51T/ZYOa\r\ngAADSAAAAABD9PA07cmbsOP/Kofa1HH9poAjcKzfqVTNsIRPCl3JeEiOGQJlQUPQ\r\nPNM73rWTFO4e4IZFX9SZaiXktMDtZ5/x730ncoOVWVm7lvM6jqJqCzikTEpZy6iU\r\nnkg/hF9KviUQrzB1CBEqCSFQ4yAb3yyhBZ5IsFxJVmH4SikCnl9Y01kYgiDKbR7g\r\nkyqAAAAEuTf/Hl3dPE0OYso25ULNuEUqNFQwnzykEQ5b1HUv0cwYQObRgNHSZDCS\r\n8yfb/+NAZPIYBe9W/2DDuoAAA0gAAAAATS7alAjDTVSlclhbAYNd5yWNNhjT+vND\r\nMMtmWKkJmgLmD5GgEJgYNk8EK25iyqGQ8QLJxaRI91iujvSZBMtODpSh0CUmLOPc\r\n8YkQ1In5Yn1oHzmRdz0al23D5xLsnSMpOWhuNiVeDcEzR+1Z+G0bNM8oNBRDpmwR\r\nJkrJM6DRh8JTFW6mxcSbPxHmNMX06P18ObVcykpRkztUlobQlOcLe8KKaqAAAFHb\r\nt8cY5x/6qh5im5kzRnCZ0ogcvP/jQGTsGnILU09lJqQAAANIAAAAAN8UlJoA4bUx\r\nOHvjhwE4lyifFw5QCCbwgA48lIsaYnRKVLECpQsinWazV910vtQQ/LJJQwHljfhp\r\n+pqtnJKd+flvL9NVtW9VuCVJpJnRhwLBIKVYWR0hxpchBPAmGQd5W8ozcpfyx97R\r\nOzNOI0bhydMhNv0iRJe+p7Vj+q29+N/R+GKusQajlYerH7H1EElf1Lte/S22T207\r\nxrtkts3N7jMk2zNq+s/0oy41DCZEcWThI5zk2vlMisAC5Zv/41Bk0xniA07/awZO\r\ngAADSAAAAABr/3WqtNasoIgWKUALgElgQFLQlHBlBrqiEkGzAqQdYU5HRy2g8ihm\r\ngLUfROXXEGvNCc8uADIxaCpJgPApIjp6VkUaw9Jqq9VqlYlKxk3UelBOuSZffSL2\r\nkxi5rbl0VMXRZZvjpa0+vWutsw/uws5rDaXns7Yl3QYcKzLKy+RTjwhPQoYHKC0F\r\nwMIc4Yc0meW7Dbg9pcijcqJvitkjbnWlG6DIiVGXdd1NJ/Nzd09XM1Sept766k0d\r\nW0CUs5hBMFXIWM3exeqgAAblu///8r5OC2BXybo6tRkwgCl1Fk9yCaNSPyoVfFGh\r\nCZSkuap0oMv/40Bk9Bkp90yvZYiMgAADSAAAAABaENCab7hUMOoA6I5kpC9tvET4\r\n2u0Kh6aZlsqzUYcUaAq89rREsOTfI1ez4XcxV+qbtlxTsuaLHXitLBxt4gtJyZOP\r\nvPWzprnkVoHC70gVL3aYql7VXe8rTfZZ6ZYVKcJBvsOT20PJd3Tk3hD8mOjHEIcg\r\nGu2XGdjE723vYj/G/a87spr/LhqIviMsgFngzNWAAAACf6227/9LM8a0s5CNpgkY\r\nGBFFmpagrvNfcNwWJNDiymzfx+AWsuKa/+NAZOUXJetRD2EmhIAAA0gAAAAAJgKN\r\nIwVAKCIpmqhVGxSVNVpAuEVM1gIvF5KKoUMVFlNslVIkCKnpDK8jD91Zl++r8GHe\r\nMNuCzgpyWOIQOOozSLLpNO5jfp37MkzwrJfImQIdDdK1UvDSzMZd0zJUUxc3NY/7\r\nzUo/85nkKqm8lxe+cZ4BkyhBf/PnfLka7XE3Tv9fHxDKvlaYNVthvqdTRZUISiqg\r\nAAFK2/TXb/9q7BigQJURSli5BYzHWhLVRuUuUyTCMQImjaYRjoyXQv/jQGTmF4YD\r\nTS9hJnqAAANIAAAAACScqcXHRkuWrVsKATVHrVq2NxLXm61ddemn9dETTna0uJ6x\r\ng6XH9TBjzn1olHMFFJpG0a2I7d8vGPN+IQNClnHlu1H3yXzYlGVSiVaCkpM2E6Ob\r\nOdc63fpvEy1JvVtOzB/zWK+m/UDtvOaS37H9vLoy+nEndvc4zv+VcU77vptOncgr\r\nduW2irQPk/ZnO/pi5IAABa7Zb7fbfK35qdDSOh+NwOuRtqT8TxIEYfoTy7cCFGkI\r\nPriQ20skcCz/40Bk5BciB0kvYYZegAADSAAAAABixsMrUeWLPseWWg+ZP/BbXLUl\r\nBIlhF4dTKKmjrLGtm0RGvmspRqBzvbbtNJ9HDi6rOQRfH7cUlLHYL0yzj6aqPR4+\r\nRDkIsSxiiia9NQEvZAchbG8coeCFa7a/Qx9D02vbtSPzJVqzuhIqmTHCbL4cYqsb\r\nBkJh5CtXBMmJNmEVlRAQbbkskktsUmi7RS5EuNEy4RIvl6MXnIhKjxQ8bVMXD1rY\r\nDKBlcht4qi2JiKNxkKZtMubfpOwgpxGR/+NAZOYVLf9FfzEjjoAAA0gAAAAAnnhY\r\nQmJvFL5R045XYHDzbAkgxOkosY1ClYGLjS9YxRkjIQRNRy3XmEbhrbVn/tKd8r3c\r\nx7s/O8tFPHYrGT+ftmxj/kLs5HGeKiFW+zMG6jOYVE94p7w0mgX9wQRtvPw98cgE\r\niXKUSHhHvfW8BIqkIgOK4203HEWPRwWKQnqwGE8s0M1g8yseJa0eECnxQSK96gbC\r\naMu8Vtux6EXDQmAUyFxNUgfJkZChFdTR4vqUFNYaQEyA3JlG5puLdv/jMGT3FTXH\r\nQX8xJoqAAANIAAAAAExOJyBmkDEiJCw3ZZ0SpO1HikCDpsBxEzkEyRrFdOT+wqmJ\r\nYzJ15ZINuHas3y4ImWWnSeaDmp/WeKwmWcY0Ae0nqU79KWu4Lz9sfdz5Sxr00O3y\r\nNR+ye+HFVv9cgxC6w9mVW7nIc2j91aQiEOajZTblcrWlm3jhkJYSqOLKlxWytIxY\r\nWMEwvv/jQGTUFqXnPW8xJm6AAANIAAAAAFNCO7NqK4PrpfMdaPcqyn97ldnx1I5M\r\nPzMWRPBdNFHF28koXZ8JApPLZMJR4pkMYpsKHze0UfDMhJbsik1zXIZ65lYRnbdk\r\nuZM6Hmvsx13QjRyQWqOCRiJ4GwSvWh6F36boKMkB+7SE9as1BrXSx1spC1BhCBBN\r\nHOCypwzaH6R7SYGytgMSbZrcajcrq+464BwnW/eDCQxRkoDQbHScT4rwBYRtmgH2\r\nQhUiEI5mVL9uOQ3U0GAmDZCgVAP/40Bk2RQWC0FvMMOyAAADSAAAAACKhABILKKE\r\nmFIUmkhVTOR1lohmg/IoookCFYEGUkrYpsnaSWhnfDaxpjQM3BsyDEkjucjxAMSw\r\nA45KLrDI4cQ0JQAQ84W7zjmOnKVRCQIYaoUd2YuTTUWVmlMzYAR3UEjCBgoR5k0K\r\nM93SCDQvQoZ1jyJzOrpN86hdFmLl2iQQRa0llte927umc4cKuiRUi6XXghLd06/0\r\ns0p08cbr18mfKWvqhzbRTm80RnGmGU3JzEOnSrJMxI1VqCE9/+NAZPMWdgtDfz0j\r\nigAAA0gAAAAAg6cmeTDUp3fanGLaaE6u4P1bESysfx45yaWGRpVq/mLAyzVWWOj9\r\nocnCHDlewnKkJ+y7fTxIsjG5Ub8xZsPawrSRaYapninw4Q4rWxRYrfK4MmHF/iNi\r\nXTK5vrNk7Y914m22+7QYmc4966rm1N4x/mJ6Qt2tRwcbvEip1p9J6x2Ji1SzHF1u\r\nBM2yUvErZjgSYguXiPqwnC9N4jazDnvfN6Rca3qJNVVUgVYBNuabX+a7XbXW7fXV\r\nFLqTzv/jQGT6HKoLSX+sPAAAAANIAUAAAAirGrJ3i4XDBqwqMWEzJrg6YvyMFSWQ\r\n+AdToBfUyt9AbMCTQEdHNC8HFEYnHVNYfZEMwgfxSyfUDXyMDLKAwK7GBMBl7wuk\r\nIArApGK8BTFouOjoXeQksxRRa03JiT9QS2Joqu5azuFsxj7M1Uh4yhr1vGsJFEqV\r\nGoW7LtRCBeRpk1Zg7uRxymsJNOujovCZoXBcl0ZHDF50mBxt8I6zmfkUMw2slcri\r\nULR3Iqx26zrCIPjEJc0V6p2Q3Kb/43Bkzyk+C0V/zGAAAAADSAGAAACMTkWklE/U\r\nsopO7MNPxAktp40+eE4+m8sZxkOTTYaqTUPP9Inrh5/YYa65EbjMRaNLYez+tR0M\r\nmi0uwjTcYCd2Qyh7ZDEbfLdq/G61LB1FN1Ns+pXKh5qz+vw06XVodlsQhfIacuUV\r\ntvJA1+9Lq87VlNnDmNqVW4zKZ3rwJhSOZxy2/KoYLItiQil4VBESpIrQil4hBEMm\r\nVhUikuwsLWSCkBU4kVNgWOkVaSQaipsCwdCq/8quqrWzMqqq1BQsvqtQLCyw161t\r\nXDNciorZIqKm5QsLLDSSbAsDY1hZv2FqZtVgWFlYWa5Vf/9mbZm////VeV4uSRW5\r\nWv1WyRVYbJFbU1fkVFbJFTQp/xQWEMyCugpwL8I7/6C1TEFNRTMuOTkuNVVVVVVV\r\nVVVVVVVVVVVVVVVVVVVVVVVVVVVVVVVVVVVVVVVVVVVVVVVVVVVVVVVVVVVVVVVV\r\nVf/jQGTdE423Ky/koACAAANIAcAAAFVVVVVVVVVVVVVVVVVVVVVVVVVVVVVVVVVV\r\nVVVVVVVVVVVVVVVVVVVVVVVVVVVVVVVVVVVVVVVVVVVVVVVVVVVVVVVVVVVVVVVV\r\nVVVVVVVVVVVVVVVVVVVVVVVVVVVVVVVVVVVVVVVVVVVVVVVVVVVVVVVVVVVVVVVV\r\nVVVVVVVVVVVVVVVVVVVVVVVVVVVVVVVVVVVVVVVVVVVVVVVVVVVVVVVVVVVVVVVV\r\nVVVVVVVVVVVVVVVVVVVVVVU=', '', '1074487974525190145', '1075200406356799490', null, null, null, null, null, '2', '2018-12-17 18:35:02', '2018-12-17 18:35:02', '0');
INSERT INTO `ser_inquiry` VALUES ('1074615699441274882', '李总', '0', '8', '15596679811', null, '8', '2', '非常不好', '/+NARAAAAAAAAAAAAAAAAAAAAAAAAAAAAAAAAAAAAAAAAAAAAAAAAAAAAAAAAAAA\r\nAAAAAAAAAAAAAAAAAAAAAAAAAAAAAAAAAAAAAAAAAAAAAAAAAAAAAAAAAAAAAAAA\r\nAAAAAAAAAAAAAAAAAAAAAAAAAAAAAAAAAAAAAAAAAAAAAAAAAAAAAAAAAAAAAAAA\r\nAAAAAAAAAAAAAAAAAAAAAAAAAAAAAAAAAAAAAAAAAAAAAAAAAAAAAAAAAAAAAAAA\r\nAAAAAAAAAAAAAAAAAAAAAP/jEGQAAAABpAAAAAAAAANIAAAAAAgwggQCSCPNQATv\r\nYDfmQNg68DTCgy/9wOhGA2RYBgL/4xBkHwAAAaQAoAAAAAADSAFAAAB73cLZi3iC\r\ngWlf+HKEXDVYgOHr//hiQSgRAW8P0EAP/+NwZD4UVgsMxcpQAAAAA0gBgAAA/8LR\r\nw1WO8jAy4IACU///wv+F9wMQAExE7hcwSyZBP///ymT4ucc8iYucg5PkELhoj///\r\n/+OWOMjw+MTmRAh44xQYsscYlAWQVBx//////+s3IoaJlMibkUHMJwZg0kUJw0J8\r\n4aL3cLJdHpdPuZ3yaTyeRoghMZkIaiEI4xFIyVBkSdKRQGEmSBy9FBASRLEwDKiA\r\nOxGpzzsFYuz5z1VjDSzLgS5gCjIcSIEzBYVk6mrkICAtTMEKM8MMWhHBEIaytFbr\r\noqHsFon5WupmBj40OSbQBMtUzY6vN3YXK0q1gH9jbwP0rtdTfExdsig8Sf2G2BuK\r\n4MigFyJOLCHHhNM+AsFSbZ+IBahyyU8GXoQOxRVYYjr/uFNu+9EeY+rU9zuUT+Rp\r\nnK+HGdVhykIDoZa7z6sklNmboZTQ2dQxOxaMwHatTsAw5BUO00ZmJUpXNPw9skT0\r\nWFUOW2//43Bk8yrmCykvzWgAAAADSAGAAADySD4NzhpuUvilDcdKUyzKvE7MpicU\r\n1t9Lsr5AcAw/M2ecpY1RxlllE7q3HJXM0typIylZcVbVpEQjDPnga/SYwzjT4Y1Z\r\nnGZwvSqbjt2evXpFP6vVoDiVNhdmafcUqRWnpJyU1dCCJhTbkkcirDZcW4nyKP8R\r\n4JXHh5Ceg5G03Q88qOtkUoIAbNnYvTQWaaIo2KFXk4qQacQyBDsEbTJMYn8MEZ0L\r\noHI05m123Iqq0aOGsYxlySV1lOveSacosguO4RoPCMyBRHpemTy5sjTXUqLEDaSa\r\nPdm203k7kgacgUist2mfcmUslp+qy0koz7dbLNyD5bd7k/sJ1Ve9rKyqz7meXq98\r\nKy88Ki3v8/9u5VHbr+9Ulrs7iu0gVrdskutd6e8hnhTI91xQLrkjk8vggrZ5dirI\r\nSxcupn2Dr6iWw7Hq4uGa1UcOLjd2A+XnY4NCOfiyY+s6dP/jQGTzFnYDMx/mJACA\r\nAANIAcAAAJ20rSkiLqITUHO8fIKw1KlZ8Fr1BUKNJeblEmnMvebZVkCFpCdS56cE\r\nqRFM83s5nS6j4u0/MU8BsxduUWcguGJkk2OMVk/PXTMeaKObzxOczWFavVYVSPw+\r\nZzOU/pmxk5I5eekzwRG5KNaYVvF1okAk2l27XXYzu+zqMHxo5ycDZdQNJgtxEjWb\r\n+olok9kkyEz04ocUQStdFNlCVidNEKrRMkbKGxFGcERTCSBjxD8qQFDiZGRxDzCA\r\ngDH/4zBk+hWN9zkfMMPYgAADSAAAAABF81dKT3awcRDMFk5LczTpLrtN0NiTzGh2\r\n6C7mQvIv/6mkflMi55NOFMgyU5bOlEEjyoZkD7jNvL3yml/4Me/v8MgoXdfLzdSV\r\n+hR5j1kObQYASDDKCEZcsCOQ2M0tSrgAEr/clltvRXYPQFCxW6yWImA2jKaVenOM\r\nXnsRseNqCssJbaGciUv/40Bk1BV1wz1vJSZugAADSAAAAAAXmS+JaSkkZywcIf0W\r\na5Wx285aCArrjhiL4scPEN+1jhQ36c5mPlJbc2584yctOlKJpl5T715Y69XGOvh4\r\n+sPC4sQJBBbZaGVDlFwwPLXW20MyIqX0u5TSMRa/Jhh5J3D/gQquCUXKoa6jXYWQ\r\nL8irMWtS+eZQy1BtKXTfKdUgARBTmY5LAbjwRy1iqeWmAiSltyWOW7xIkmXx2RsR\r\n9KpIR0e5DgbSdjcrgPXxxnAiHihlWZ0UrW6nMKNP/+NAZOMWlfc9bzDD8oAAA0gA\r\nAAAAdefrWFhjd5GWT5w/MGFiCObRMUOK176/SuvYEgtvnLi/i9iuJyCCJyio2fvY\r\ngVAhmz5GTHfGIEPoQQJg5d72Q9Vadu7RhdxhhT+3xe7kPyZO3lYxAqijIIKb2zGG\r\nf+b3dx3Zu+f96yf3Z5e/5yEG0gZ6MnJ35L3lukgZNp46JhAo5tgqVPUhUbggEWnc\r\nsu23iVeR8GAq7MqjY2eyLbaPnCAO0mt0TK4oY1qV/ddtqtvLZu3BVhpK9ztPI//j\r\nQGTpFrn3QX89hl6AAANIAAAAAG3frpSw3zLl02wHpzOa6coTXtlVy+yl+PZECFlF\r\ntPKRmO1YfM17PHKaaj67lV3qNaDO6rXwdtsSi6VVkNLsiWQ5VpJmKdUEv2UOqvxL\r\np15BV0F82SssRej4h48HO2+0ezm3ql+oXB8qlmG/iRX27tjm4xstk8BmxqBTObW1\r\nBxveL61Xeb+3zulNZpj/cK3hs3vreqeaBnUvrqsSm3taeI9ex6S2va+76hbgPjhy\r\nenJCCDdZLSbZRqTTcbv/41Bk7hv2A0Fvp7wAgAADSAFAAAAksQbY4Zd7GRlbD4YJ\r\nLbGNWmBDGeAkweIGTsmjFmQIgYEG1Lhd0/CkE6owU6EBGQFEWnLuSZWESZLfreBL\r\nBbxRpdKlJAFTIkJpp+L6iCjipWgqZRlTBQoQisjf577SWgqCu5wZ6By3kZhtliP8\r\nCuCVRkRJqQShtIZZWj6+lPTReRpGJry5d6YjCJ114Hp4ff9ukIToj0WfuJPvDjst\r\n/HGozUepoKl62mNINN2Zcux0pTlQWMJmjmItEyoDTq8cd3ou/DNXdfSBFmRBUC03\r\nvbV5XmZfT8Z3BaV8prvI0KdoIVQ1e28Z59+qxQXhKaOrDsD/42Bk/ipKCzV/zWQA\r\nAAADSAGAAAASSZ+pelS3WHOh9JDz6TkszpLc5Wt0NyUTD9w25bqu9KIIa5JbsttU\r\nNy040RiNiJxqMSWLP5FKjXpmEtKh2WSyilMssRKX9sWHkzmbVt57+b8TVehq2e0a\r\nLcjmskVSaLJbFhukI6pKn1ZTGkeylcASgVKXqb6uEa2RhZxQ1nLIy8BfBy2nhgEo\r\nhxQGCjC66DaRjTHYmUygolI5LtXhIJhqtKulzJVpgMCawxFlKC0Ubo/0+wZqCmwy\r\nB/p+/L2DteWXPPGlHKHXL/PEvu04TXVtMEa44jX3fh93AkLZGWrCy5SLWZHVl0tb\r\nrm04vSpbUhztJjDbO3eXIwaaazDbdWCMrao1JUuKqsORqGXBbs712AmQrsjFC78j\r\nfx2JNQ0/y9Uj0ymd/+NwZM8pKgs/L8xgAAAAA0gBgAAAZPm2JnbuupBL9rBLCNwb\r\n6C6WJR35blylvfG4aUAnJfKYvQSSHLEbl/aiZESQ1UDp6aaiFiW7v8/KllNXkpvv\r\nrP0c5KJRK3AvyuklEXnL13KGH4ilFG3M7FJPO8lFLI6s9Up56ff132sMAd9W+AoF\r\naCyeAE5Gg0asdqnqrZeXdmdlWEVmucqTCrVZkqwHdf263RLGumeiClSUqBVREhTc\r\nmGUXEcYjBiKdaJi8QU+QB5hjCwwYXKYqiSnksdd4aCweHnXlj7Nchx00y3nZ4mW6\r\n7vvwNGw4tBdLyKAVYU4a6ofsJetTWxIZKsOsCultMW6sfZo/cUfwxgSIN3Fov1AK\r\n+1Spxu2tudfhSL8RiXz8NuO7cuf6LdhqIQA0h1WQLX7fl+F52YcfpPuQyl1HkkdJ\r\nEoEcf8oSgNWAeaWqwPVAEUnIlLm1Vy2BK1U1lv4EjTyw9KH+YmsOzlz/43Bk3Sky\r\nC2WPzOSAAAADSAGAAAB4s+D6QI7kObr2+ZODAY0CoQ7MOskf2UQxQ1uWsVbIKibR\r\nnafqCqOlk+Xcv+zbnKaq/7sOQ60MSGZgNobX055E5b33pvfu2+tRh8fhiB5FOOu9\r\ny6Hen3YlFzLHtWM001nfl121cjrlNef6lrVq13dAiu1aRSkuVXv1K+CIZodpxEIj\r\nBjQhrbco1hKJxaUihVnC1SSRggcmKO87LYpI6C6kM2AtOZEyuRvQpY2yhqrXCbR4\r\n3Sg12Ich6DaWrB1+M7rU9NQbv/uxK5RDONWpFrOe705TdqSfOmnaWW0/b1ntDQzl\r\nnl3HDuF2ft5bmLFm1FIrYtvJZr1rEPz0Nbv3MbOdnG39nPH94ax7rWGH5fhv6+df\r\nKrhI72Ny5Lso1Des8Ke9VqXqK1+uYVs+5f///8////3/4/vf1beeOtZZ6ysYa+zz\r\nV3m8/z1b5U3QXs8ruNulu2O73TZWM//jUGTrHaH/bX/tYACAAANIAcAAAHdxujg0\r\n/r6Eo7W79WxemxU4BERYYMotIq8YQ0DtTWNS/YYFANiUsyoQIJgM0sibZKA+sFpH\r\nF0BY6fJoGV7CpU5N/QIGDKNy7mD62MpNNr2yxKbEzo0fZpvdUx68kl2ob/VykbJF\r\nHC807BwoQesZlUstyL/83DjpinI1OZ9o6jqhEhAkXByW6kcPBcNQ0T1bN78lnb7W\r\n/xvls///77eNusSrLIomm4lv9v7wp9KObhjSRJ9dtwuTM5qrJSrXEhNCE3KzJsUj\r\n6vDJnAfuTKXg/BwCbEmjKi6fXrYtfTiXgyoDMqnCNKJiYTrMh5iS7VNKAv/jQGTu\r\nFwn/aWthJm6AAANIAAAAAOnM9R0lUN9tuVsMtkLC6p7G0kM52zA603Ujj01rXycP\r\nsE//KOtImlWrlIhZSMJLRmUKWJSaKI1DyVjvRQ2k9uOZ02naUlThaaMljjxihyIp\r\nCjjxgfZ0R6tcz/H31H9f/FmjtuXNGpfZLNYrDRkxFipR5SUCoXHXrE5VcXEqS9gw\r\nE66lGmm/vlobgBDlmRpE+OF63DowFiIFwhFZZc4bIxgedSKy+4IDQgfUJDxB0Sao\r\nVYYKoUUiEzKEloP/40Bk8BZd92N7PSiOgAADSAAAAABSVQ5O1ZvWNXUOhmdUFKxc\r\nyVjkm6i1m3BWty8jbcc6yFlNg4WOacVxdVuMZSzaf4x/8chmzhtS8Zxli9dGDLai\r\nJqyxMIkiZZdqT8UWlPJ1K/LpX7jtSyNed5fTqWInvFUSGS5xJaLSzV5ONWgSOBqB\r\nKZbIk2Kx+ha/lBZJ9TEkiZTiQakzDK6ceYBEoQsGh6CSAtHEcRzqWmo7snVi2cML\r\njJIifjNLHVwXeArL2oudzY+hIVJJ9USuhFG0/+NAZPgXGedhfxnpIoAAA0gAAAAA\r\ngSbGvNFesIlbWswPogswjPOWLSesuhjSU4/xnspM3NZakRuTOEShoeKjqFEiIrYW\r\nVyt8MZVhH+P+c8u+ImOQOSkjhyb4InOdjEk3lzq35l1ruzV3x2zf89xMUkxPDZec\r\nu/TzTd5rQQkZa13D1CMSapNn8wdT6WDqxTAkqZLiJas3SzOtkocz+OONwTxJPRmO\r\nsQ8ipZnedlUgFNUdrVLWWQgiWkZWncPKQ3sO1FtCTVdWGyxqIURELJjR6P/jQGT6\r\nFs4HVX8xJo6AAANIAAAAAACMl5Ul7uSJJQQKYS5I5SEPWVLMb6v1COQ+xouQxwoE\r\noNArQhmWotsNFbFdmyLur+r+RaZxoq2pRsljyIskYKlHGCLlCzLoPOMGKdTU6tDp\r\n1PMRMjXi6XUouDGIbW4SKeIUepehQglh0xyCCaMtluNqGOlVxiAUbcWkij1znW7k\r\nNIPZiso2PJOEYloC4ybOaQY3CoLiZK6sdP16uxyoB1KVYb3XxWiXehIEAwsPpQLJ\r\nodyl5YupIpEvggn/4zBk/hbWA09/MMi0AAADSAAAAACqw4iVMqm1Sh+aJJsilvQu\r\nahHwh5JooSTTtGNPGWnoASMCIdRttNppzi3O0LFzxusrIf6lOd1JWLNyJXYduf0l\r\naIwGdOFs4xVxqm61z/NPHVWxefGy0Y9RrWicSxSJIKKeWpq+/4neI4cNmKRdmysL\r\nSw9xBlXZAyaOSWyOu7RfeWqdVkliUUj/40Bkzhdp+01/MSaugAADSAAAAACUnHgT\r\n0x8YUXJnLHli25C6qRsCSUjgkkC4kRBYEULLy2IpdRAXwfBU8WTECCIY1A88+sRt\r\nIUL+o0QlAmZodgbKKSNKwga3SGLdkLRWFxVJAebI0ucGjArOEEoRjRYsXo4weqIO\r\nd3W/WC5bHkwfZZIiHMOOOgkSBAIjIZzTxffN/jRkxpD1wiGa7yh7kqHT5g4WXNth\r\nAuWM6S2ge0Go2P3pzpvu32obZZWWIRPkb8SrvTDL8FMCFr1JFLKS/+NAZM0XKgdN\r\nfzDItIAAA0gAAAAAhOH5wzw1tfEYlJrIkKyGkEopxZbJiZjXxVJFrppUtjMRebKz\r\nXKrIjeeNy4814IZtH3qlJ0p/3xBOJmyeM29/5pOas2Ek0BYQSHMkTMTUTh6T2y4m\r\n0aRXUfw5mv81zuRLlj9NRRrRxIcop0ESkGbZTTxywLMQirb/zn9M5v5TlQ7wE5AE\r\na2/39auSzVKepKmIo1hNQf/hFEmYqgEilZxsJNx3OLB7sZ7QnGDAT86PK1YflVYv\r\nPcbrSOBB9P/jQGTOFYH/RWsxJmyAAANIAAAAAM2iZLSTXQCV4ZBYUpFwkafaqMgb\r\nXOoU2KaIlehNqguzJpqcE6RpIKOyRNGV5E0kBu8jGcKXrw9vq/kJRqX8SpocYVNi\r\nRJRRykW5751ULfNt+HvajyCbN5jWqTVVcnhtRLTPJujMbkUmVj92Zv7SevXh/MQz\r\neuntBbGmI4QW1MxV/LvJ9wbFBCZplupWasvOf4idlTEiYiMjZSktZY30q5aYmKkS\r\nSfVOCLzvnjJctPrYSODhly0c1tWqLbz/40Bk3RZ6A0FvMSaOgAADSAAAAABetdo1\r\nlaD/VbYvocbtrmLNQOITcEUIOfSpcw2KR6rPHEr5hpVGnJ47fu2fVYdsIrMHsRJh\r\nRMEAh3IuZzYSQzCPmf9P1qzG5VdjW1vmNctMPQ87T2dNFzsMz1iSev5rMi733G3l\r\nd4i6h7IGkEQUzRIrPu9seHZZcs2k05FFPWph5osiJp5VXdSZuBIQ7+WRNtyKV38v\r\niabhKC3X0KNuI5RCGBcjmC0e2zlHUpjonJSdEuQzJxenaZT3WGvI/+NAZOQWIglD\r\nfzDJvgAAA0gAAAAAkpbRsvtFRxURKnCRU8pMx7TQvvwKIls+sUHZTspb5fAh64cO\r\n2cyDV6wUMTmJ0Gnu1j3Lki9AgoOBdRSiR9jyxqKzsQ9RFkJfckCeKpSXlCnSnKSj\r\nLFFPsu974vT+PTfFKghHeohRbZdGIHxFkQ5sVQjZLIiJJDos6onJ3ULKMTMJOyRt\r\nuys0yiMBmeqvkfQBcJkhtglLSKhw8JEbL3aNIliIssrabkYEiJCiVEZoAwWLDAaF\r\ndNDZKHUhOv/jQGTuFfXzRW8xA+aAAANIAAAAAEuyk4iabqCjpI7Y8EBhBSzHMjS5\r\nOkvu/OBiKGIIlXDGzmWo5BIAoFIqOYrf3pK/fRo6e+TNO8PMqxnts7UbRyb04k7j\r\niaCA5pevRXR2pLNmzlvBIk7NPVyRKUJlqyiTdHQiias18yJwmkihE16H3aYQnMka\r\ns9XeJSoq6kIAeoxVyN00eX6OQAJ9dKVEbVl626m4+uLj14RGkAvr3lkFyS1B55AZ\r\nL1LxaiSyU0sUP3q9iKCFxdAdb2UXPnr/40Bk+RbqB0d/JSZOgAADSAAAAADXu/C2\r\ntm7B89auGaFFE6JS1R8/R56N7oSkGx8wty5uwIrMIm0E5TlMjDszYnWW6+5nRsoo\r\no769bzpSRXajJNUuscZOJuv0nB/n9OFPIFfNJTKuZqC6qQlTh1vWKti2G4KBxKyG\r\n1cUG5N23ETBm03JHZTSNbCX4lED4tLI8AUJRaOZeQozIinJfQzpZG1RSshXwCT6w\r\nrVR4vQyYfMNIkRx7MJ/eB8vtlD2XoPs+vfPcCrRzMVWrU4BRDVUn/+MwZPwVNf9D\r\nbzDD5IAAA0gAAAAABWZZfXhLbPhJVQk8d/TRQS7iCKit8hJ55Q0cQQKoh2tJbyNL\r\nnom1aJmmbkninomu0SiChto7HS+o+yDlECXGCpqv1VnVpeqvBVNCSjGLUq8SvLek\r\nCNEnRdjRyubTQziqj6gxIG2VkjctZcKfShLKDI3wmplMeykszVRbE3Me71706kNY\r\nZF9j/+NAZNkWYgk/bzDIxAAAA0gAAAAAmaGWs8mIrArVArXyl7M9XorfO8aoaybc\r\nrgwsruqsXa/BmR9NubbyBYYMmCJTMdkdT2lnMqNRPjnUQ4X2bVzT1thyfiSCBpIs\r\n/BSaqhSzz8Oib3OWhlaWpZZTumzp7dTu4hSkILrO26GTnfy0sve9Uft3ioeWUnup\r\nu14X3LgqGiWI2+qTpV/I3NLszGZD5Pr5SSsKkZYwIbvtsck3ipDKQTkbxdIzyRag\r\n6iY+MvK3EExJBnZksQVPWScWzP/jQGThF0IBP289JsSAAANIAAAAAEvGjB/Vl1Yd\r\nLy5VcXjrDI0I4Y8PxbTr0JdesC5xMhqbUPmvUunUBaPXFRxrVXhBnJlpEXKS2o+a\r\nRpByF4W8wxZApBcuJFUxI2nS1W5S+VDWwkg6SGJWGKdTXt0RPfpKbFip0hzYafRm\r\nmdpWqp3FaqCTjklEvgYU/C2RcQfAyYxoczIgBE8mNdum+OQ5jnNg4cqlFBTB1HHH\r\nJnHFKsDhadiH4p3qOuxPWVYbWiWLFz3LTBCjQY0K7HE7m/r/40Bk4hbuC0FvMMjU\r\nAAADSAAAAABKqGNYVjSdTlB226xJEhN7xvfTP39p7vFentApJDDECIBdRFB7EvJB\r\n4xEwq4RbpPZaO7ZvLYineXzkaWCpYiEoDvWgraRTi55tWm/HGpzBx7k46UOq1WAc\r\nDwKmxQ4+yyZ/PWVklNTNp9bKEu3qWRUjCWGlyCHuGBGhOpsZDNF4pGqFESLRe/cs\r\nrk3boQT1aDS4QE0irqNEUpAqWlR9B0BYVq4XHdcH4SVR+SnuOILczYe1iFzZUYVm\r\n54JK/+NAZOUVSfs9bzzDxoAAA0gAAAAA3CJZ4HBrbhYSiSzSKPwtRw7vpLdgtfpP\r\nVoN6qi4O04jqBGW2zaIyGqEZV+B1iJh71r53nk4JOzH6xe09HnTrVqcXU4dOARhm\r\nSc1pDxTooVSIiG4k1M0rpo645H2Ayz1N1OVnAEKxbyClpe2EIDNOJKXWy7uT1E58\r\nv+JaXiiPICSuYE6HVyC0PbMCa4wLSxweztIUojwyNoboeoaKI9XV8rqkTnUl4pKT\r\nIqn7Pc9HFWypxp2VJfG7jB+cOP/jMGT1FJWPOWsww7qAAANIAAAAANrTmY3WrbW3\r\nwIN8DnESZJq5m2XZ520afCF8gEKRSPbFsrbeo+4sKPCtZi+vxFSmWQ3SchJHUn+R\r\n1FNVGn4V9osWQGplncl6TuRZkqVC3N9WZgdG46sVkHkUyhWVEEPmXLdtd4sZpB76\r\nzBGMxYEI5qydU2fL5bSsnpXMtVL22Tqx8pOU6Yf1zv/jQGTXFUn/PX8ww+KAAANI\r\nAAAAADNbvrYVxmSEMrFlEdpjtSKjviCOUqFqyrUJXQQPC1CH9BA6PbwlDtiEJ/zc\r\nej4zJZHLBhd9uUp1CnJC0+ZiOhYS6rLnXCQHsaqpYOjqgknI9mRRA6Ulw96vWo2L\r\nfdeVH6IaZDOYPUXR31qJ9cYtpfbq8OAx0FXcgSme5AlIzQ/zyGluCxxANMRSm6Is\r\nXzXNHKuIwAMohwGJShDXECEQ9wzKpBAjbRyRyXdyclMXXDoeEOE8CQyPieXFMZv/\r\n40Bk5xmWAz9vMYOegAADSAAAAABHsCg1sSsQHFpJaVLo5pWzPXs/BWhkecc2aZ48\r\nLIUiIIOQLoY5JEGZMp6Gjh7UanCKwLnwQlYVgJd4XmVONe7mTOF5ursuvFpIMVso\r\nlbpu0/8BU/smJlO6uW/y0yCmBCgeKqMZjL1XRyc3YzrfYU6bGhtbIEsDWoblGXZx\r\nq0oYGG1Gq0MKTIJWEEJqlhAziRTkltu8XV5IMV7OpU1OzxGI608U6cPEopX2po26\r\nP3B5NDlX+2UhMVXeZZ49/+NAZNUUkfM/bzDDuIAAA0gAAAAAZIMDKxiGrctrdGka\r\nIBjCjhBNAmQYCoF7aNIJnHRGi4wQBpog3jdYhLVRad6aUkiYdxSVTdoBtpkuP8be\r\n+HSwycWhievu6uHUsvEqKaD/KRNIy/pMSlKAkY1IlSs26en0iTNW7RUIi45n5ECJ\r\nkGE5KpY7B4nL55/ypQMS7qy267+KjMFSpejYFy+Vis9AnRxsqGyUhQU5tcTzJyxW\r\nqc6kOMXVSsdSDlBaLzjMTFqHrAKNpI2g9pmT8NN2wP/jQGTrFPnzP388w7iAAANI\r\nAAAAAPXtEpI4w1UH2dTXaHZodGbZhNsdUv2wp91CzJTMInanL0VMGMgXT8ZSc0yK\r\nvZTcumfI+oyA3SBHHNWyaj0ylPDNO4J8lz+Edxw5HSZ3ls5KhLmyiDG2RJrcnk+S\r\nFbcgIokmo7G7eOZCSIbRDTg0UJRsGVzb8OTEkgrhIOorcWcUFBglcXIjJEaQIiAS\r\nCsH0UkHlEkTXIGCS5kYfKoGxS2ID0V5TT362HprMaETEiOIHdySWiKh3erQT33b/\r\n4zBk/hP130FvMMO4gAADSAAAAADQj3IRCrTnSF3d3uwem7fM3kIadJj099n7kIXc\r\nFIRnMqCaCztfXoYIALXWmxKPMo75pGc9ZuaB80jXgtAghN3cPuSiBFBiAQOPBYxh\r\nEoqoAjSNpx22S3xXYfOCTSzS6ArjkRFo7rCechOPzFIUNlSkD5YWJbsX167sccRG\r\njHxrHrqG0j7dfKz/40Bk5RVt6z1/JMPIgAADSAAAAAC48q4j05pSs9VLipEanja0\r\nsmITKkR8Tl9XlI2vAxKdlqWJDqN6i15lMak+LaBI8dcTEBrVTbZrSOchCaE8Fy62\r\nUHuTTOW/NMxjilrIYbJySKVequiLRTNlA0PxlTb6MrUxu3L7afRjGHFUggQ1cNpS\r\nyU3U5yLPquAuLZhIgSQpKOpAzF5AidBjxjIgcadstkl6KluYNEThRAafkE7Okar5\r\nD49LJYEoOScGZ6WlRaFZhZI3y4d6JQ+Xj+eP/+NAZPQYIgtBfzEj2AAAA0gAAAAA\r\nQIZVDQu+IKNtDw4ggQnQdUN604K3AkZcXsJETnJkMIoALnLhFRWvhBkWSTJ645q9\r\nJHLKg4XD6bnPVt/DRKBZEqaaXatRpTHLw52MvM9+MtD1sxXltfskk1NuZn1+//bZ\r\n3cnJ/aW0r95nPmbGfG3330ZRWxkLWSLRS8fIHSUMniNVpgIx+92627eLLXSuvvNg\r\nyWmDhROqLTxkgnL8bsJbJmp4XoWYrxl2E5cyE9RK6fqScupYicQqwl5mF//jQGTu\r\nFm37QX8xJqKAAANIAAAAAFdFVHGhL1/NNJjExSwOra6+KXhZ4svEecn0cRpKCtY3\r\nHznbDe5h1+5tWWc87ac+Bpz/LGoUQ9HcMRxQwJSZ5d7VdQ6GgV9XMVi8npkZlZUC\r\n6BIXzVWMo45KoannOf5UYhaTQAMzMetieiVbMIYgNkzFNbJbvWW/1LQ/KT6ZKRwh\r\nP6lUeC8sRFSYoBgvlyFwwuJKhcOh4Tl0F4asvIVT9+sSZDWtPHbrjgiLeiLWF9RR\r\n1ecmy4+RQql9m1b/4zBk9RS970FvMMPUgAADSAAAAADAO4aKrEsXHJjESFas53mf\r\n9iqZu2Vu412LT91jHNLx/4J+yr2W31h9ydIapvE8K4mGGgXS8zbMrtZu+bUnH64g\r\n0hjQmO8gZkdDhVS2kLUwVXFe9xIfhuDT0oE18JJWNSSOSV1FWEyUxEDgWBLQMQYZ\r\nAdEHaIlZNacQCtA0qmLybUVRNNcLB8H/40Bk1hU1+z9/MMPWgAADSAAAAABBoPLB\r\nm11VUu8jtgBJGwRDRseLliVGQmtSBTLHkQkC6EVrFociKNfYjCyRVou40uieGE0X\r\nItNmIopw9Z23Gjm5sUxm5qOWckyKWBz5gve8zK2p9MQHtONSgtDjsJvI32XCYc4a\r\nG0OExnzQyQ18/hkjK+zlWrVArgkMJLiPcQWnAiJSJua227xYzBEddVkRRNeKTxaO\r\nugXnxz5MNh4FJ4q0JWgy0sjQOI18JGS0BokNTnrbUuemUPF0pOpV/+NAZOcVMe87\r\nHyTDyIAAA0gAAAAAMlQKZq+tCUPzehQn0eK14YwOve/LtGzUIiz3QYraAh4GnlKG\r\nHF4RRfBJL0qGfRHeI0Dm1QYzJ2yeIKFY9cal+rNgoKJEY6djwjQ7cELYsT1+LhrW\r\nttoKNu/mS13irAWxmYtauiY4arYQQq3klttucdxXmHFyb54zU4i/YlGqfaOyRjjU\r\n0wcRhsciLD6pGqSNg5OC50jYEliN4yJ7I71QQjK5Z4sFWlsg8IiQCm2mwMQSJcoq\r\nQ5EgUTBjDv/jMGT4FHXvQX8xI3yAAANIAAAAAEStRPcCQsx21KdkoxMlLF4kUa0H\r\ntjQozN08QRPjf6Ke0U4zOVkWi2X8jHaXfz3Q1TTWJzCcFr9WGJUROPUQUA3W1B24\r\nsm1x+8w6t7rgJkVTRq+lMDSNq22yW7RSx13WENMrTcP7g4HpEufa+nK6/osLLBfO\r\nw8Lp3tdK/yvRAwO/UnjJ2Zl0Xv/jQGTbFL1pP289JkyAAANIAAAAAPRHYjlweDyM\r\nkWRszUEhOWAAgZqtQEkthphVdTOvsKYlFpGlD4oxFuc5qfro2mMXbuVQFBJC52uj\r\nbpSsUFZOujbSYbtlc2omTzYmKAwqjRzXRk5I6fhBbBaCIiUDA7klru5OBtBAz7jo\r\nIIQiJa7vo7lbkiklDxE0IxFffTMInMIAmZAjAJUQEcfckictp4WLMETNE4u1ep3q\r\nOMSfY3WYcdnztzZUqq2VqVDl1XBgrxsOV3jbHnRKviMyFp7/40Bk8Bch60V/MSO6\r\ngAADSAAAAAA2dK9KIBUnWqEY/Lg5Rl2ukQ9TSHVZEC54SCXWIq4jMa6roQDraEBn\r\nqqiizdrFyhcoMpoiVEREUTqqc4JoIrDUnG5W0aSUpEpkkhU4sfxpZrl1Q1Jsvk0i\r\nqyMq5UgeiWeKWUFiYQk+EA8Qe6ZogdEUsCl+rxX8H6iS6oJoamQEg+NY28gpF6uD\r\n5tRScCqOOg8ErB8IEZpOhGoiipQiEY6UkadudWyWLTKtiqhE42SmiDimCE1G1E6A\r\nUJCD/+NAZPIaLfNBbz0j2IAAA0gAAAAAdEjaHbDU8MMqnXsSWOsExqpFRSqYsPqh\r\nVHEUomIgyLAEYl1lMEJGtRQonRFzQOAJ0zTLPE6/TyUJ20VfCb6SNjYcu6DS24dS\r\n395k7JDTW0yObpYkbUIXcutjxFCEsMCo4XAcIYihyQlUhIs06UjopNsrMHLNQ7LN\r\n7e6vKXWvjuKu9oHSiOwtdTyMcdk1WNXgfSqVERHxiZKksUwsHRDVIlw+AeNxy9Gk\r\n1ebNm8ZYLhlw/OOwPvqimXHj8v/jQGTbFjoHQW8kyMYAAANIAAAAAKQktv3+Zuyt\r\nacUDJ1RC0KE0LIjJguI0I+IxoGXJsnWEENTjlqkZEjWSUZUMftviozE7B7LSrbLa\r\nCvJnEBBGcqQdmT8UiRqPM4Ij0y0Y0xsdjC9jUWcieYhUU61eU4ugVGg/Z2GqI2Uj\r\n72IO3oIRu4xzsV3OmgQs3T3jHdR9gLBGGcMsI2c3BNiJEOimMEa1lIZnUgukEDJr\r\nm42ndmIq5MR4kZDVionGQbMBl5O0fENrKHIpmoocF1QsoXH/40Bk5BeeCztfMSOu\r\nAAADSAAAAAB00PkdLll0TrRk4kRZRldBFtsgWQSabLT7RAUmk0mwIFWNje2nUJI5\r\no9l4x1HkWVGTFNqtrVFGMqStypBztCCg3QqlCF6iWwLGNEcb0FsLC6um1SAzg8wy\r\nE47lWIKwhruPDDwxieHBRhjY2PjJG9GkhbGsblhHRajDOLoM5CDFHMVEKEQ6pCAi\r\n6t2WTbdBsOu1FAPMWkRMCoIFrTHxfINJNkQjRI24KnzMnTc2SpIUmMAcxLJnFD5N\r\npISk/+NAZOIVdgs/byUjfgAAA0gAAAAAZYNkQkPG0VjRIREcIMyc8pGVi8JeULYz\r\nV1CLEDBgDJhE4RaZae1X9QRD4aLm3wSlBKPHklGuYcivh6Hhw5go5xSqLoivRAo8\r\nORFKhWzohA2Uq/hIh6d7ZKe3d1+t9oqiILbcZqyVUGXCy7VyMsbzcO9WuQZBARqp\r\nWroQEok2m4nNex5yGAPJ7bJHilciNj4ZgGHgeTNIvAwmzrQjoPeKJMUCgmpYrEyQ\r\nsUlq71W1B+LCNjWQorMDJM4VpP/jQGTxFdH3QW8kyMSAAANIAAAAAFGiSRQcpPXN\r\no0nmzhrHoFSNIsAgjXYIUI9TbMZdf/+8cnrll0hWTQZPsGWVJwlAtDO9ZASID5HE\r\n2yXE4bfILZeJIHzVWSj1mT4tx4yJJmMq3rUuk2rhEjamasitG/JKtGoL17m7vIY/\r\nuztPLdnp325UyarRWiWexehcImfSnN5R0gW0AiK6o4y5JDMbtQUwiXAOKCFECQmN\r\nggoXqkTAnYLzeGMgMjevQGEQ0ZYPLM9IDqACnFEJSaJxG0j/40Bk/Rh+Cz9/JSau\r\nAAADSAAAAAAxNgpyoyUQnWDhO5gUZRIjF06P2z22MZcyw+LGikg+Y7PD59bKt9on\r\npxwLGc9C6pnfIqXijVM7CzFjyCWkEzn+vKZaiB9aj73XVJO0bpLxDEUGdlvHlkNH\r\nRDY2VWP8yfL7P/bcM93kGR5Ej2bQQn6x7Q/rJaMQE7WTjabsaK2+nrjM8L8/gLgu\r\nyfH8xIFgW8kYIKWxPIuEw9yXD2M+Q+jeyq9qUt2Vis9VjPBjwe6RT6AkFy/shqen\r\n2t0Z/+MwZPQVkgM/byTD2oAAA0gAAAAAFyf74f6EIp4fq21GelXNrepxujLnVU2X\r\n1Ve8eHJCLAoA6EYSFWwSD3Y4TxQIVRFgLQ/Gg+kble2zom2OqvrC50F4W4rVWPTe\r\nFuzp01Vu61h1N6FZNqhJeAwXvUQVNXSddV3c2+11VmbF6Q7SFUazCwjkVG6V0ZOO\r\nFuFshFhtWXSIgxF+FfGI/+NQZM4digs9bz2J2gAAA0gAAAAAh+cDWVEIsOrGCQ/n\r\nUEqLIigeHMi3JRQ2cFkm5I0cFbQgEXHG5G244xKW4Hk5h5yMhkIEyBUPHqChYR0s\r\nGSQGGNUBIhOAbZPC9Jt7cTpEaQFSCLK3iZmEBA2hiPdA8iBokJnYuxQOQtEgmZgr\r\nIXRSjSyj1UakfqZNJBjbiYrSiaJGVSSdI2W0trI5XuPdRW5/P/O79Us8x69L+tSz\r\nKeQVMFUlcUjMf3k1/3xtLvG2XpsevL/zVHm567U375vspKKopcy7+g+s+y/zpwGq\r\nkxIgiSV8qRRzK2sqfYXhBEflxbCs1YIhPA01AufJS3Cq6RW4/+NAZNEVjgNDfyUm\r\nToAAA0gAAAAAz9lgrBiYLI0KiN43KdanKRDafHlw/RRSjLJi1Gvyy07w+RZy6GPT\r\n9u8x0vWy67Taw2+7tHnd24rZ2H9e5qsOSQYK1E0qqp10v3O/t8wzLzV4ySG0ZWmg\r\naQ7Tb3wX8h2R9DlHzyB+G5W4dUUs5V2h9wbV/q17DWLMksdfUqyQOzDkU9lxIRoK\r\nwogxVpQgIpqUtbcki7Z0mtPlsXwiMNQgNHlTY0TRJkfgyfI0YkedWHJvZDZgiOBc\r\ndJSTuP/jQGTfFdoLPXsww+YAAANIAAAAAE5ZpYoXqaNiIEm2icLtlUMaQC6YgHi6\r\nAYptyB05PSQwMshdIuyjXtCYZsYMMSLchyN1OGFpiyEqvBV2D65s6Awqqi/S66Z0\r\nJeEgMYyCosfjiQpMqmwOxZGRXhCn75MlMoYu4gyM4CBkCc/JgqjJVM2RWa3QYaBJ\r\nSn45IpUwJHmcskltdiUUmDCEjJ3ngCkB4wbTfiITNjagIhmCZ402Qo4cwQOakbiR\r\nsChlCiOE8BDBaK8mmydEgn1iqNr/40Bk6xVh6z1vMSNugAADSAAAAAARQsUkyrJs\r\n8FpImkQUhBzi8TLDTRpdSKNabptQXMlLOPA1/L8Tgdvc0yTnm0XKM50IQUhCoP0o\r\nyC7qBqimwCJalDqqZvGGSkJEWegEpE4TXR8zauRuRQEGJRcTP9CEpqZ8mumcEO8t\r\nquyQpZclmttzFv0WIB9ESjTxMsRyEqZg0hQNqj51c0cPiB8lcIx4hNq3PByXRBhg\r\nfTmG0j7ChRxho2QbQUu4GmjDRV0DEZldBSKSJMXgXjHnEfoF/+MwZPsU8bc/byTD\r\n1IAAA0gAAAAAbq6FG7SX8y/9zNppgFzEN1JKasSCMB+EZQw5rM2HKpo25BLIP9+Q\r\nhWRGmo54IllQahLfG3PGNeWbaxrLT1pKWWIpUhiin1Epmo6gKaF4WxeYCf1WlhAR\r\nqdyW665yUKiG3devKEBSBAriWI6swL5PZuWmnYVi5pHGds2gXuNt4vhWYYwPm5Cq\r\n/+NAZNoU2dc9HyTDvIAAA0gAAAAAns/QnvjwtR3SERWaVKSAT3hIcPBDLZweDmfs\r\nTAZlxQB8XhIQwPoQjsRHZ+8sU2VnTpPLa/FHkgmHkJcBAKDARBOCAJwqHRDecpGS\r\nDBuCk83VfZK+xXzgzWLKv7PtuNmcZIJjMuL9xxv2mX4T9qnTTOpX22scrk06963+\r\nZpF1pzp+nTB170/Om78515nbTLTH6+1Sk3bpuU3MtPzMWrtVsiILbbcUkqWjiEh1\r\nWk1HMID0ou1UZBWmg/HTCP/jQGTuGi4DQW+mMACAAANIAUAAAIMENN5UBAGU2KZG\r\nskuioS9w2QGdxnWWPKCp2K2pohCjIVCKB0DQYtKg6pji7lFIEeRNZlea7HFBTlkC\r\nW2wOmkJBrE1OyAQwN0YCgxnqNSSbJXQYOWvTQR2HitqxpsTwyhnypWOxhbcTdfQG\r\nije19Xjjw2HAtWG6OgnTSMEXYr6zchuKMqdNqTWYHcN+1TpDueWjac7jrS1vn3cu\r\nlk1Hj/1XPWq/7GYap6sTltFHYcaWABKQAwFcO41BlbT/43Bk1ykeCT8vzOAAAAAD\r\nSAGAAAD3Uht13udGvAjzOE+0tmLc5LOQLS3nuajUoWxT+Eihu5jnuhySMByEqETH\r\nFQofFt421+fl9vtPOWKur0cllPQyDT8Q/fp7WN+aln538ZXS25RfqQ/D/aLV2fv4\r\ncm6shpWrxSGnyZW6S6FnwC8EsicP4Uh6o0QnSy5bNxxFICMunVbQQRkuVSEAqKAg\r\nSMUsJSLvNxM4MIYGlzYtF1WrHJoXmTCTWVrKshpTzKJmAIzAAsQvT1Y7pH2y2xf0\r\no2bWFyAMJK0QhEAUfysUoUzEkJwq3Qy1tFBBJMDS1XQHHFanPUUcdCK2mGl6nuj2\r\nj4/Em6nOl++7M5M/rdmRtsshpy916OjNslXKoHOs8bvUYlFyQCM4iRclG4vNS5X7\r\nEUgGVX3ceJuTWWeptqrpCjB5apipBn6XrXl0yF0lqsne5WV1X8dB31nUkTb9ibBm\r\nky9kT/ym40B+W0ZBkP/jcGTmK4YLU3/M4AAAAANIAYAAAKgC515OK3rEYrBUzhIs\r\nsu6HSkSGXkAyoOrKGDt0znofj+dM0lozlNqu7F161mV0+Va5YpLEAw4pY5Nr4cT2\r\nfli77O65MCT9FFcrb9v4zByU6G2ij5uWzuS3HmjVDAUMbw5DVfTZoJa3F5LDknkc\r\nTeaVyuU3rNNV7VVUqaf8It2pNLjIBEUlnGBPgyIWuUDIabKQkynB9SJ+15pHA5jy\r\n7TsER6O2zhCetvyzAuyGLe7Z7XqrV1IHDL41ufd5ddlbRdN6v3s7VqZh/fydd/sr\r\nalLWu1Kxby04V4z92Zta+tLspZfZ/XnXclrLTlqOzSkP9bbP2h6anTMbLmtMfbrN\r\nNfu9tfi/etzlYJ629ajFoYK/Ma1FGe829G49P/F3MWZQ33ntWPpOshQ0q3PfHFem\r\nf8DVQREKPfWla4jARSBAEHIwUAO8UMtk4gDBcUJm1hQjDaTBUICcVrEs/+NAZOEX\r\nHgthe+SwAAAAA0gBwAAAbo6gshsgXWC4fEJkMnwVQIHtkKhKhZM+X1ZqaqFgVGQy\r\nxRM1SYprZHNRE7w7zQgo8CCT9o1kwYMlYPRxBiAw8BiJJ0iUzMmPZmRolZaSlDUM\r\nOFDCLVRRgQowI2ssFSqSxpW5ORYejeDjYIVGjOpuRo0NfLOZhuwxsEYC3Ia/TCqw\r\nNFXGMhLYXrCUnLK2gaNGw4iORyoEvoQMGBGOQccRBRhCoAWYwTBWQBsB1BsjiBbJ\r\neloiYTY0xn3YjP/jQGTjFVX/XX4kw9CAAANIAAAAAEHem8FJkkyMAI8JKAUVQKoB\r\nDnyWbgpxi3FkRM8iOD3JM/TTYNuUF2IQRWHQspJyCwfRRIhaR9URAsTSHFB8qhyC\r\n1GaCilU2lq7pWaJqPaLj2Zit6KeGtYlV/V1VeL44uGyUeyVSVJhoZmlLX0HlWqCC\r\nbVlB83tN1tda2UTURNLFC0Wus1MiqwNVMuCE7LHLHLfvU1vIiaIQUFJELhUUCamQ\r\nFJz6gnAlJ5gi5UneuRzWJV4PIGF5Q65xpd7/40Bk8xg2B09vYMiIgAADSAAAAABV\r\nKTEUhHFxlCgklNGULoJsdCpaB5dmL0SYlYk+qjlzYUkqsyRdkjQlBPqBWHQx02So\r\nURcYJYUFJJIJISUac2R3pfOottdki1ZpuY7y9zSVeTFZLpnkagDRE2aRyJdmhI97\r\nklp+0BMykZT2ZDY0ahUZmUjxNIEKsdbY6+ZTbyyusYHVpAEScTajKk261liz8PwP\r\nD4uKUPHMSglkd7heqiPCmytBXnXCFEZQTYBMPENLQNiY+uYimvbDxCgJ/+NAZOwW\r\nRgtLLyTD9AAAA0gAAAAAUlRRJG02FCIXRKOJFFdLMSqSUUVXvjUr1m18pEmkM3K1\r\nJyV2McRUr7iQQTeovUcScx9iPsHFWycbtNFNe7jS+S25syNWfNyKPixhN65ROxiB\r\nGrmJOx47TFSbCSSqTMnN+YX1VVM9fe/5mJ1ubDZ6WBWjQCHAllWVMASunI3Hf2Ok\r\nqdSIHAaA865ktARjQMj4gJXoTJAJtCbaZgFjI9C0IeRIC/ooxNDIkZnB6jExRNkV\r\nmyG2JyPlhFZKwP/jMGT0FenrQX8xJn6AAANIAAAAAO6wQjqCOQW6d2h0odac5Wke\r\nak4gJhOhYiIyyBFiDtFgAnmmkCcGEILpE+1evjHX/jTm2z5Pto7YYMlm6FhakYZB\r\nBB77INHhod4l0IviMSf2UenK/ONrdmirPTzv91DGIhfmHffFu+EGINt52c8PHqcA\r\nISZMkiluYtTWB5i4nyQMglZQE3KExv/jQGTLFl4DQW8lJm6AAANIAAAAAInTEiqx\r\nAoXFORMoVyqE+aIUkw+7C9NxQvvtKtGzaw+HyIhEnKF2kQJhiRYEZZtTQkK1mkpT\r\nckSlbWkg6qet4sRJg8XFBKS3W2xSJE9ZBhhyQE3kzLaGKMKDlRKglUCDBhAdaWJy\r\nHgIIDQc1DixnAXIBQOOEGoXHWQQaMQIw2yxqwajR+EbRmfjMcdOKi5hgRms5THuj\r\nhjcaljiYjZUQIYaUjcdtUSvl4vPPow/Uk6MVEkq6uEgflzL1z9b/40Bk0xZ19z9v\r\nJSN+gAADSAAAAADZopL4TuJMQTOM9u+fPMHxto8olreuMWpJTUlo+1SfL0Aue2ph\r\nJjwKvyiQKaav6k0yb+RTpZS8eitYt3LvRhfPmmyGNpNsJkUZQeCN4lnNbKgnZtTW\r\nKys65lUoUBXxcFGguBjDLjrX3bc78FKushiVmjEeN4gys1tGLPDf0VTpXzq/dOdY\r\nmqkAE+7mutt3NbO1B5ZHCZD4YnpIOHV6Z9ewcqLuPo+WiLZLEfvWjW2QoSlfqC5x\r\nwrpTSOA5/+NAZNoUlas7bzDDxoAAA0gAAAAAMlDKZhkSigJR67eFbhyUnvxx1zlK\r\ntZ7S/HPs4uLCa0La89xG3cdvyShZnJpm46N1ZboQSN0/UEk4KOipZRG8cZfUKllF\r\nvQ4eBREMchZtrwpNs0pnqWp3OXJWmpjMCJFyW1bo6dh6IevLnxhJmPjImTw0BriB\r\nhpa1AjC7jNc7v3CLD9Ju3uadKBUKhGxH951lC1WvD0KVVRdXiLpikrZrWlS+jyt0\r\nWjysGPTdMt8ObO5oZvCcVNIHUxMJEf/jQGTwFYH3P28ww+KAAANIAAAAAA+COBcf\r\nRLAeAHd8DjB4I7xOWzSpySB2HRYSzM/eMHSYQz8/OFFHUMzg8sOPExedqC0SK0vr\r\nVKW2+zNll73+k0vaBZ0wvf7VoBwDxfcwseDgasRfJ2ZvTQwPH2HaV+96MGDB5AJY\r\nnIFnRHLjL52B83WGA9ltCSooT8jiRRQVz8Gidh0uFUtvtrHQFmzPr+zlzVmFYPhZ\r\njQ2eG8iH5NqOyMm5FYciUjxNw7gBQZmabkjjibSuLmOcbLZwRwH/40Bk/x2CC0Fv\r\nPY++AAADSAAAAACulUkMaJJw1EYtWorUvMQNoJWKW16teXI7MaU92cURIiUS4aap\r\nh/iuoiVmkIiFBKqJ28ImmZRURIl44RL0hkVh27cwQyIW5WNtilhhiMJwRLSgtM49\r\nRC0xBmcSDPyd1s5ue9jKOyYRiF1StXnpLNzfvN0vaz+GxGv2XDNLqNkijKzJgzCM\r\ntL2R6d5NJe8oOzyfMMk6kvOWdTfPOPL+kp29WyaUASL6mo3/7rS8CDXsAkCKYTSk\r\nStohImwu/+NAZM4WmgVDbzEmngAAA0gAAAAAFBESj6FZlRGeD4wzMiTVBI8GWSy6\r\nQiEp5M2iA9iKEwSqxQZadt4y28leJRcmI1XNkyI0iItWabqYzhy5y8dkfpf5cdlH\r\nVsgWtqU7j98WLYRGrlityn7u1PDaabYna8YQdOFRvNXzdd5VFKc2JSXhCcq3ad5T\r\nqD5MfLzcta83wv7454Rurv1t26H3WnxusjV7OUsry1+TBy6tlgJgQgQkoiEgjFws\r\nFgLsGfOXXJ/xkQZ6HOwv/AxA1CJrKv/jQGTUFjX3P26kpACAAANIAUAAAB3+ABgq\r\nPEXSa9f//L4FkmkDzkSdpTKAv//guLGAi2iaTLoeuuyw3///AV7AziKSqZ6pQ8Kx\r\nZZlWlX///46MXVgEv0oKuBolx/rb6vzSxL////0Y24lAETEQrahgANCZBarRJyna\r\nxmna//////+HH7BpzSWLl/VUVVGQsLZK/ztO9ca1I6aOu7TUMZ1///////+oC3ri\r\nvenBE3gUyjiBBWtSlhjWH6rU26XDHHWpVGpmW87/////////+uv/42Bk3SCp4ylv\r\nzWQAAAADSAGAAAB/oIXvLJS50Ps3eVoTuPy5UkpVOWpPxK6sM1r//Mv7+WWqa1rK\r\nZq2cVUxBTUUzLjk5LjVVVVVVVVVVVVVVVVVVVVVVVUxBTUUzLjk5LjVVVVVVVVVV\r\nVVVVVVVVVVVVVVVVVVVVVVVVVVVVVVVVVVVVVVVVVVVVVVVVVVVVVVVVVVVVVVVV\r\nVVVVVVVVVVVVVVVVVVVVVVVVVVVVVVVVVVVVVVVVVVVVVVVVVVVVVVVVVVVVVVVV\r\nVVVVVVVVVVVVVVVVVVVVVVVVVVVVVVVVVVVVVVVVVVVVVVVVVVVVVVVVVVVVVVVV\r\nVVVVVVVVVVVVVVVVVVVVVVVVVVVVVVVVVVVVVVVVVVVVVVVVVVVVVVVVVVVVVVVV\r\nVVVVVVVVVVVVVVVVVVVV/+MQZOAAAAGkAOAAAAAAA0gBwAAAVVVVVVVVVVVVVVVV\r\nVVVVVVVVVVVVVVVVVVVVVVVVVQ==', '', '1074487974525190145', '1075200406356799490', '初步诊断', '温馨医嘱', '2,3,4', '[]', '0.00', '3', '2018-12-17 18:42:03', '2018-12-20 18:04:37', '0');
INSERT INTO `ser_inquiry` VALUES ('1074837789088018433', '小黑', '0', '6', '13474370876', null, '3', '4', '咳嗽', null, null, '1073503060334030850', '1075200406356799490', null, null, null, null, null, '2', '2018-12-18 09:24:33', '2018-12-18 09:24:33', '0');
INSERT INTO `ser_inquiry` VALUES ('1074839493674135553', '小小', '0', '3', '13474370876', null, '2', '2', '发烧', null, null, '1073503060334030850', '1075200406356799490', null, null, null, null, null, '2', '2018-12-18 09:31:20', '2018-12-18 09:31:20', '0');
INSERT INTO `ser_inquiry` VALUES ('1074846751006916609', '猪小弟', '0', '1', '13636369696', null, '1', '2', '嗜睡', null, '', '1073503060334030850', '1075200406356799490', null, null, null, null, null, '2', '2018-12-18 10:00:10', '2018-12-18 10:00:10', '0');
INSERT INTO `ser_inquiry` VALUES ('1074846886646517761', '猪小弟', '0', '1', '13636369696', null, '1', '2', '嗜睡', '//NIxAAccvpMAUYoAP/2iMPABDLtjIcgQQx7u7I04mHw+6B8Ph858hDneQhCSEbOehznPkIQ56EI\nRjhwOCjHD4fcQAMAxdA4HA4RSChCEIynDgcJOc56nqc53Q5zv876EJkIQjf/yN//53yEJOIAgsH3\ng+D7/rBA51h/OCcPqfj/w4cUgalYlpsqtQnJbNLx//NIxBEdIdaQAY9AAFSLWR5lvTVLNMN8Vb3D\nzIEKini47LyJH28q70fLDmSyzuIOGPBxoNBQ8clSuiKUiu9+WSKlCgsIDTE6G6uGmvbahmswXVLq\nMBBZugRDwydOpQfuQI6QTEpteLiUaZRkJZYEcTX//1Pwhp3C9Jwkj0cVbC3ee00f3tCtehiGrHD0\nKjiR//NIxB8iCv6AAc9AAcIoNCRVHcYPQeUZV0PMJs6FSpKtmSGD5pghHEf0HwiiEH0liVyxKIoP\nSOIEp4sKi46zHGOTSDFg4YxX/Vvx1/X8T1Hdcz//9/1/tP/X/SfK1m2Kby/93z33pDXpO/8n5Za7\nprsbqyOe9SqZmZ07OR6CgpAJTHhoIqij1MYr5HruUzPO//NIxBkha1aAAGJKvfYM7SimNmuJ0U4L\noaRKbuJ4l1MxtqaOcayovcXNqbNYkIICwwPBQCMrkDCA4eV4oOAUgqrFJKgsZLvZBBHVy6EWk///\n60Xfoze3VEyynMxXdjkQrM6NIR91MwomLNW7fwD/GxJ35n/QZsRsHE3/9Qh0CBG0CYnlpMHYXRxl\nfY35mM1l//NIxBYece6MAFmSmCCdl11n24IAUj/s1HeoSkpkV5WXmphZqcPNRTITxR/PYlO3Obqg\nm+SkcYJ2nPnrG1PJfKnD1Ca4q9q2PL0VSO+gWUTrmAtQqNZKF1Dml3uNiRoKBmBCuoQvQ4yJaWn0\nmkkFOFX//tCJQcMjM4nKc7rd3fLjZ+vD3Xa+0FpzvRUuGV7y//NIxB8g82aQADGQvQPhhIw0adZC\nnLpE01FtR056JQeKkMVIinIceaUYIBIsFyuKlH45hmdnXZKiq+OtrWOYZVqF+f/iZi6qvi1b54n5\nWUiVYaMHtK3MxCvUTUWvEQvCoxUwW5KLby873ORS1JbKe7HF/ZxONyYE0JiXjoz7KMesSqd3V7m/\n4liirP6QRROS//NIxB4byc6MADmMlAgjK+p7Nw3YPIo3UQQ5an7JnFHp0eWtsOKnbQVPIHheG7h/\nnP6QwYpJYOCYRNbY36SRlmihfreIUBIJBoJCJjgMMw+jay0qzJVlkPa4cpdTBqr//uBHKNE0NOPl\nEl2EZcow3zHeP3x810reCaCRdrpQdmwYRIFRB0FDw8ZtXZFRVWap//NIxDEaec6MADGMlKKcuzGV\nRUIlGLVDaYghsyW6kdlkyr3jAC0NUxTatZO639aLHrchKy4LCW1+St0TaL5eUxjj/U0WL///RCQg\n04akhRWAgcoO6EcPzOjI0yJjISFEyhSGvRzElkyCOstrPNMRZW/EcuSEPuJIu8Gm3jmJ5ZYkzkUX\nRmjhoaSkmkYFRLW5//NIxEocma6IAEjMlCLuTQGh3/TJAGpgiS9RIBkhQ3ipIu2ReGC7mMI2C7WI\nTUVAhIkEGMLK/9zkGiUABOKB6KIo1PWZ3ZOFoDOCkGjBlIzd9BLhnFvQNASHBULseA+E7awUR02E\nWikcWHgUFCMcBZXoM9RTObyI6Ze9EeT067oj2+z/t+l1prr0dq1fo56E//NIxFocfBKEAEjE3Gr7\n6Oz23TO1q1cpLvlo6ZVlNOaiBg7Rb5md5OW+AkhFjUSG2T26Ot/44QkBEIisFKn1HJk4jM6IRMaN\nzS2VXOgjQO4kjIJOYzAmUEdVRzaC3EzroZFcsvRt+jbWLZLL+vba/t/160Omnu6aK9kaUzp63szP\nIh0TLZNzNIzLRfI7kcsX//NIxGsbw+6EAGDE3W5BVEP/3cQQH1QWRA+NjtyLEyz8odrWbyVoqbPu\nY/2j0fOW+5DR8n03dMlT/XLvU0pfdxs7lIdqmL0QlQbK5jpkREQyMyk0nXNskv3ynX7+u9tU6NX9\nKOqs9U51VqVsyte0dt2Zhk+v0c7Ftigq+66DeC7Nav/ncpeznJIqFouKP2/Z//NIxH8cG06EAEmE\nvbF39o/od1jmYfOxTyOmUKsdMIIIzcErIGVsszaiASHDQDtBJvWCzaEewjwWxzqZFmWVXZcy9WT/\nTTWlekj/qvWtdN+zOffnd0ZbocqAletXqyMybu8/uj9mRjFV92tjzCbMAt+1/+cw1QuRGTqV9oTF\nIHRxzAgQCgahnvSVczX1Qgv5//NIxJEcm+6AAHjE3aD6aGwiyR2EwyzRyHEByYZ/d+e8oLSOQiUB\nofIBdp5YXWkWoVIWmtgErUsU0WMt+OgNxsE6jQVMoNwIdcdMDntO3E3ISTjAks3UoCDF//3tFwbI\nTZgVtGxfCpdgOS3k3/Xz70D/3dqjGyN2ymMKMZK7l6zSAw9Cyzq91eTE7ewcBEII//NIxKEaoZ6E\nAHjGlHLZr14dFxQSJIwqMcoMHxfEtSIu9TFrrIX5popGjjIHnReZlTAVaKoQ9j1vHl3qtuO43KOI\nDYsGVf/6sjKBENnFiWYpaWJlOWR5GqPmRK3djO/76St+JJqcwnqUdhg8fjhUYFQ7DlZEcdQdsWMs\ngQSCGACDhzMdghjWZ1XRN+dlO1v///NIxLkbkZKEAEmMlOuv/9en/q9WMmnboyJWWjqnR0+/XVLp\n3LBcqvcEGtY5FyWZmdbBoXCIAcmqF44kUprYWlDX1DxSnDpQ8EpDNSl7+vnOMIQTVhc2kjDLxsuT\nKg41omMD4BkImEYImlmCB4jM3STa4juOST76q0h2Ug25zEGCIc5HYAHQqOTs1v9L/Rn+//NIxM0a\n85aIAEoEvMbt6szrTtkR8joZzVd5kQ5DKuV9aOjo7Jn6KsERUdGXULvuGEYT7EVqmZnWQLmZMPHA\nMCcdplqsurtOy4wfvUeiaelxxe4uJzV6xutbdyNtdSjqc5ZPUJ8uUNoYSqViSdq14lPiWH4kpuLb\nhgjXtTVCjIa45gOXoq9E+jfhIcltHLut//NIxOQiW86AAGJE3fCZAzKnlgzk8oXSM/+f//lZ35bk\nfp75GvmXyGSbb0vhJTkM0hpb1dmMuDmfn6ER8QzcRIYUeyB4B8dN8GqZmWtSGgknDS9S4JBwhCaO\n5TLIyS0WT14bMVcijusramWi45efcYXcsSIVn0NxcSVDemo0I3CylZStiEOxwVkNi5951L0R//NI\nxN0lk+Z8AGMG3fRa5ScRR77kaySdw4RjMZg5mb4MjIr3Yc8uLn55dvd0L//pkXsdemlnckMiJNkW\nuJrzc/ENqxZvc+TQm16x2n8j5MVY8hzakVGsBUs0h4sC//rdggl2G44nElmZGRlt7QgIk1SRC1qJ\nd/Pd2QvxyCz3oNuElodOKqsEMVagxqC4xRFV//NIxMklhAp8AGMG3bYB8UmL1djMZsUwJ0dFFg2F\nVhGpnGCN7S5nT7kXEiJ//Ck9Lwv/bMvv/UKZsebj1BsyxZYjrHS8hCntyEVJQ6i7M36TCM16oVmh\nc7YiIWCzwzfYZSr/mR7H8EsLWSDSRyT4JijdPw+PD+43Nxv83x47329cw+TkpVuvrfMuavacW+TW\n//NIxLYh0z6AAHpGvWz3zzuZjPmZUOitR1UknsRLuy069P/d9v/tW6rX7ucpjOy5GV3Yjs7qehZG\nZ9JEZ36nO9XtV+r0IzwRKEJMkjHZhE81mZz+Hg6EECpKJySuEov25U+36MbNOtHrr4+wrtr9PNyb\nUyJyJSOJHEvEr0us3WxKUwjS9dlbJ/hBHKqOdLa8//NIxLEcbAKMAFmE3Q+OelhndS7Z/37/Mwf5\nfn5a5fer2KR/OPw0owOIbe6IcMg4ojhY5mSjZYRJkzNleHw/1ZjilzXsfuKEsag479BjA11E//8i\nZQkWck5/MiXgSx38EVBXnPry5LLPn78aPfwu/8WQ2VolmdvVTRSOV0Qoo4MCBMCc6Gc7MYplKJIZ\nCSzk//NIxMIgxAaEAGGG3TO7VVju3Lta679vpv9apsx2/MXP6MvVb2Ij9mLIg7lwMlbheLWYldrR\nmiqQzFRKF0nnEf/8v48pLS3CwmzFgF5ByEFmqVEomz6aswqJ3+Na5nvKdZ39VCDV+rWTna00rjgM\n5Tzma3r3UvubpRuVpvCdzWlaa1OLCHM/41o5JNEchYjt//NIxMIcgxKIAHmEuDzhePIqYo/QQWBT\nI1pZI4ebrTJKlBZDhaWwocSq//3VSMhfiVi5XhKyMroSoZX9Yhvkk5TlWbh5WlIS9bcfqfM5V9yb\nIKIkTaiy04pR+hzILDaTum7OViJdbdzh1d4cMRjtcpmtW89md/M+jPOq/v3W9J7rQ5ya0PvVkc5l\n9qPTV095//NIxNMbCZaEAHmMlMhld7WcyGFKJmHKVVd6FzMx3R12ky0OJfEFYv/LGsvk8MkpVZFV\nCvP7bfDF0el3IL1JDJmDYs9yNiaOovh2YvSXaW54oupSGPxWrZwhC6iM2MA3esQZbV6mfUbJu2up\nLzeVVnIry+GTxEn6z8r1DXy98xL32z56qIn7VrcTzdNhXTlP//NIxOkgM/6AAHmE3f18l+AAwI4g\nVqEJ/yJ1XeWEDrRlJPx96lKzrXBvbuo4YfOAVf5qCCGZuQBkTUaeKMOKFjIRT2EUmHRaFaMhMOxg\nwzqaU9hpPycMXiSeo1EpDqyrfNz2XNQVuUg9et1YRCi0sVEIZedaeMuR0+OUljlJtQ9gfc8kTSi1\ncctDT01al7wH//NIxOsiyj6AAHpWuXU1sEmq9kpaaaLq/8Dcc2gKAQcYYRocbgnTjPF6ZMkR0+Hm\nLLo9Usux/GWsvmrDln6J413GM3stht3HLvtNJdPls0O4AInJ4lc4hnrPpUbmwejrb8fO7JpcXrSm\noaFDh6lFZIhziq5U1c8U3Iy+bOXWZlWa9B8S7OqlWquNljBzh4U6//NIxOIaWY6MAFjMlAwoospi\nynmWPmj9GeoWjohag6IGWP1XZ2JqcexlmjZ3heS4qmla2eVqtqhKIdhWx/XRav/8tafoePahife6\nmeCTVKSyIXQiaMzqSNTNm6z4qGvd+Sh3nvMw1Z4er6Ld4OcCknZxsbIjiKlco5nUcpFRIsXT9HP9\nj2ald69LP9zKxERH//NIxPsqk/50AHsQ3apLacyqOkZQVCxZaNwhaaTVKKvPuUoPPvWRiFTJy08K\nRCRTmZ3dIEAFwNvuFYtnwbk86oTopBcmoMq1Ip7Ura2K+ZqLSIKiaZW3vA+jA1sQUK8xm90VD6tK\nLVAMQLUNiiRsXqQhBG3MqeFGhqUUG25oOn2oLx0qX7loJjgJqeTnYq07//NIxNMcuqaAAMGKuAwM\nC6z6nnVvLMH6TCr/4xBAnACQYx2LpYOM/VeDfMZ+r487niETr3jLKxoq/FG+gWQtNNm9WjKXZzup\nZJ8kWJfEfbAQGMJoQIhLg2cidaXMvbSWYiZxjFOgadWQgBftmR57/+Z/hosp22sfd/v79lyth39b\nLFRTKN9tf6Nbu3uesz0d//NIxOMbCYaAAGLGlKnOzmYudnY1ippVaj5tvW52icvw+t/HaPrM2az5\ns3T+a/+vuVTZUpF1/+NQSTAh4g4VSqJTsPMjJTOLzLDR+r3da5jaoxyY3be80pSSknzvEY95q7Su\nlvc7piI90I60K+u8bPeSwxCCDwVSsytWNMi1qlt7hs7+er+7LrMvXFm/fUnP//NIxPknnBZwAHpM\n3LU2qnohVb34f0Efx4Oe/7/NGsyP/h3d38y1j+FHkzPl2v/9QzdE9b0RM+qcy7B8DZLpNQ6UKmWy\n2NbD16dDXTf1bovT0MF2IzqD4hOFXHoL6VEVoa5scYGrjGMaHAYwq28VGdr0OnURVjHhqsw1pFpA\n7aQxRbrUoNsUbJNIj3qiEY5A//NIxN0eqWZ4AHvMlfSwkA7H5+wgLrNkTNX//9RBagycuMrbm0ic\nlDuy593lpKsdvWbuPal6ey6uokqvC2JNTJ4HQSlCpn9safrWSasnOi8t8D2fz55e0mFsfh9ZSZml\nwh/4vZozL3++3bL35exUzDetjl9oynif5d9iSst3eXaS58lJfe762Pms2vLb7/0v//NIxOUbiYaA\nAHrGlMU77/VbnZ+yXnafG7ZDP98w15/jU9Tjb2vXy8wttZamGUMCRbNhyIBJe5cwUidfeGPdLp61\nqVvHpEOtiQ5yU2fnU8ZwOtziEGVaKNJa1n+92eSbCsZFMol9POR+198W+LUiP4+ZG5mjYtCg51//\njXraI8cFfPENN69hPmtTGkh1f9/6//NIxPkk5A50AVgwAd/X30Pc9K9VkIUFEMORUGXIT4vpcXBS\nltG6fyiSJfvn71j/X//7nQhZO0eySs5CDQWLwHAuYtw9TC8H0X0nJ04bSUl+Lkosf63r6///1/v/\nCHucTL80FA4K/dFGo3NQKyZgORCG4vx+mihtpVKfxpIdWrdBYSUl+Jcp1f/qC1AYCero//NIxOg3\n1BaQAYx4AHpcpztLHDRi6fP2akZ9qlNQXVCAMpExqKxAmtRAm6pT0yiecvAtifkbn6JUXLNm0o9a\n7N0Uz0nctNlOgzbeX33uqPKqzf4z+/v3lSuX3tFeI3w/7dP/G/jC9zM8TO59a7/akd+t8wqN3dZB\n3+p7fet5TbXmGco99dnzL395Z8fM+fPr//NIxIskzAZ0Ac8wALtrevPf9yC1qv/9Sh6FakNzMB1p\n58ITDzSmmNcX3EKdpcqQqgWHnithx2m0DCKkDZyKzCI5U1kc5rPeTkB0vB60ILBtS1zBtg2F4CkM\nNt0RslJ+LaBrCebXwy3GayzTtBFN/+HQTk+jizkHMPd8amAGzPAssNowfBqGoHkPonbP0Cck//NI\nxHotbA5wAMJM3aKByJ6DmLMRei1oGnf0ZCOxgFjLqmFnTa/hn0icZl5OS+nSkk1uZbINj+0ap+8R\nhfXePTL7kIIRe7CALf/9VZhy3tCIyW6oZKHSh+POXdiERkcsCBIEVpQs+0yUbH6Ra9co9SKIYqLP\ni7IWTiGo+Dk3ImFkwS9MP+a66/3/5eO1muSl//NIxEcmM/Z4AMGM3a0t76rs8TM7GUfN2rLy5SYk\nthL+iinfHjPml1dP1KjP6aHj1mVtNlzRTd+3+1TFnBqtzX7bf3Oy9xTxfTjezd8m7yMf9mv0+v7d\nnyK/682vGAX/5hwk4K4GaFw4nXDnRL26LYNrN+HDT1sga7xUWm+73OYynJ3h+0KbSiBiyH3L+eUT\n//NIxDEgNA6AAHmG3e+fK7e5bTGmsrL28b58zIdftzSf+355UiJabJ7as+enfK/coZnsZnhy45zv\nkCyffj+VI6iKRM1/Q29sG+RmUdJrztzpnMtEkvb5ufzVAgit///BsgJRKhGyIERIbIkSIU0uVErA\nUjGbHE76ldSB5hcvIg5BRsLVMz+5qzGeZX4xr5/c//NIxDMbo/6IAEjE3bLm9nvQqr+RVbqxnv96\ndCSVRbDSUcrq6qdv7tRnT6TIWVpTb17LlM2jrVjK0rv6WtVmQqGVG6KcIqo+pf/mBlk0kgizIfr5\nusKOjKV/AgWXUwgWaKzzKEWZCFbYPHIhG/TKCVBfSM0COfnbcy9ysblS6/CpKxat//t7l/P5b//P\na/O0//NIxEcdG/6AAHjG3IyrzzUz9TyPLIiVrPO3+E8pGxVyOWUyzQil+dqkmf9yZOupF3bIE7Z9\nvcMwtQr8QML8fDGIyMGkKpPAMP5VKyQ/tkPQMNZtLaKSw6RUEqoTR6BMw7ggn2B9gnkhBxXxANxa\nnMFFiOXYX+9rnuY/j///T/13nJHMJqT9c3dFyv9fN/32//NIxFUb+SZ8AGsGca733W/5S1Q5frmH\n+E+wbP1Bp1j2BeImS15fhf/83QxdJoPsR1KJdldgwVFaZV8ZrXm1ODdyUyrhGLWxilL2Ago0JKSm\nZ9cQqdbJCydN7luu/uf+GNIPIQwg9CLdItdeXeFHqGLQKG6WKFjK4Sdx7RDVYWFBatIshQ0BPDZV\nrHIJokCA//NIxGgbsYZ8AHpGlFB5psAB563/+SQRxKkwBzjGQo2aBwMjQsJbQmX6z9hFKLsTy+Mg\nuo7h9yWh0KAIhpYAgIHwqpiQZYaaVKqpMr5llgrrIXmOkIuY5iDQhYTcfAdjjRgsym/QtbxpUG2C\nAXIJJHg0wBCgjtPNEr4gpA1RRBH/7kYBPy1P5dM6kPiSqBkU//NIxHwbAPJ8AHpGcKih36sO1fjn\n77fnzCkdqH1yMWpoDnLlFLcxObvpn0gdQqTFLg0FGuFVs2hhS1s6UKUa3mnKbdFDVabQLlRzLrU9\niiYWEKX7FWqXVWfcgSl3MaQFlP/rcFdKwEYEmJ+hQlgFQfFQgxptFHqzZ2NkWadJQTmQzMwJAMWJ\nzBqa2BhKFk55//NIxJMY+Tp8AHsGcDUwePE9imgKYHOHUnjNdTCs2PBlB6+gg9SxLoixY6wkfcEL\nzzDBHIXiqkFk1nblkoGkGz4bDC0vYROm2jFhwmZq//y9oQVTlEq8D0HyEc8cXWOqtdt815xL641M\ngsO5jsqWD7KbBKOoGGpKgQ6EQGeQ6bFi7U1ZNTxS7izFCxp6wjKE//NIxLIb0SZ4AHpGcJTyzpoY\nZ1B8zSqnkkw6lAQUgWcoYkLFaFjG0VMvGFpwkdaWKON1//xmU41yEdENhDxIsoTWuZJmPSBzfqUH\nyXG0Vn8OsCS+FmND7+c+FIvBOqNTOyp+wiBHMbRYZD7Vb/pPo7RAxSmPIlliiD7aGPgCqi2Ulam7\nTCmqQpSEJchpgVje//NIxMUZ2O54AHsGcFUmQiDhlCyJRf/2qGexCAJcnwZJfo5fkLMWdVpJSwXj\nykgWJB0gbQRRIFlVNXbq7FKZsUq7rCbTJ5MkbSpC1Gac0G0WJ2GFkCzWRMwfLZy8Wdy5unFWD+P/\nUMvpvJr25ptYfSzBGiodThv+kJqkzsX7IqHyivRc3p7ku1qdsSLP48Pf//NIxOAZYTJ8AHpMcMJY\nZKUEuDc10dHRlNVARIvB6MKKn4NGzAL//5RKQoFBKZgrFo3whpmulC5ewGHnCeZ2HjcrCnXSGJRX\nQqxHBzd0cFw3MkkrG24bIKJ3Gap3czc3R4OaPXu4rK9cYz6Kp+ndPJY98536Wtv6gRM1ga1rWaZN\nP+8P++edZVtv2XyLf42t//NIxP0ku7JsAHpG3RCsqKxg+42a9VbZF949+vrZTer+br9/U3512LaP\nDNtPOP2+y+Ru/Wdqbe+W/me9M2/dvS7i6/h8L7vSVup4Nf//qRALmkizEcndS3aSrA7CPylTqQ9g\n+sTEFTg8IQ4G+GR2EqEhmKvzpDNXTyArKzmjNcWqTy/W1zEdM9+NmGh5AohZ//NIxO0qHA5kAMPM\n3dU0vfvmKFrpyl65PQT1skYcqk1iOohiX7NSV5KDtW2l1ZrRXbRq57kfVQoqd1WaT/pxMOKEMkpk\nHQ/gx6kikoMESoqoDFzGInYgkA/ucYMDFCAwaBaEYRCDiWNbFPTK/8J8ugMgDqCnA0i4pcnYDcQk\nG0ztx4H9BbjoJO1IIuR2ubWd//NIxMcom+5gAMMG3ecbRGo3xH9s63DYoLVEjs7XvM0CsCzuPM4w\no8tauGnjn1t+7iwotZ7WzlmxfMWDvUWePPNmv1Leicd9768w+tPp/5xtzvis1sZpz2lWY5Zn02mt\nsfCm+tMT2+W6OdtQ9IEs3PL7lQt//F4kyD7z9piTlJdoswqTy2JEjSRbkNyYIXZ4//NIxKcsrBZc\nAHvM3CmKIv30m2My3Tyuff/fzE0XvbJBYGYra8LgK3ODF3yYFD8ZfabGg8OjR80IUWGb2Vf907La\n06WMMuHbTa2kCV67D0TMFr6/JMxI4kZWwX31nWYr//0CyKzF/p1p6nbPECysfefUSBzPvCqIHA3V\nAh0ihuo5z7lueSOUmL3hVHXkrVOk//NIxHcopAZkAMMG3XoI0M/cFhzGv8EuYlwYK0GYP3DBxdJU\nJjMIisYQX4i60GDcEgLfcOCYapKl//xwglkTBF1S4eQt5v3sVFO6Z281qdiYgXggKBAphLRUruVm\nJmWYNq9JPbSfaaDLotv1tqDIkkkoeszfmOW+NlR2b/zjFr2Wa/3r5ef9vzU2QCX/OdYi//NIxFch\no95sAMGG3fs/s7f4Rf+XW2V82dL9/VyBdmcyk/FPWYMDwR1X1MioFD2Q1sxMVkP+Bi3uXByZVf/8\n9eHBYKBRFwVmtKssMgh/pNMiYKn8LmTxsUxfJsES3afJqGytFI2nUk6mtK5SiRMQphucFpRjDXMJ\nNXl3OVeC6P7rSdjfM84x//mZfzb58Q9E//NIxFMf81poAMJGvavvel1lNs/lqcOfpm3sf+uUNefl\nyfM26vCKsucJXw+l3BhSjX34N87tepvarf/uNYOYEGDlA/ngZJHJQujJI6FliFHFpWTRr34i65Fp\n5PniInaukjVGCaMbEDU3Y03UVHYxsztJx0da4+NQralFwTKNWu+5zDKFBi1sVJnmqDD2YrSq//NI\nxFYcETZoAHsMcLkxYVJWxRyBGsxbKhFws1QzLj0DHueq49dlVf/8qc02cwB6BlGKjjngFco0UhAI\nyIgURWFJhskGyMwxCIXRT1VFuqHJJadDsbOv8n05gbFOY72aY6n0Z6VWl2ZXq9JGvt9UX1bo+rZW\nuynRhYV5z2tdxCtO7f8p8OjHouVX8z93976///NIxGgdyppsAHmEucBHD9r85t32mfPfdQh+S6r/\n+xVkiFDVhlCxlZ4VEGVTsznRle5HJBuXxnSBUYOJz6DIbuXpx8zfI+rTZtddeXb5a7vuTt24bbd7\n+Yyk2m3bOvId2Z9ZpnNvmaia7beQdvczPqVpdHKFEnQ657UKQdUd6IxEzqdg3OZ12JLDN3IkMMG6\n//NIxHMg8x5oAMMEvV1qE/q4H+ysrNyVGd1yg7qG/8JtbgmybMgs8YfC29gsMJzjZbWYOwaAkIw6\noD8MDwwSUcLKIzlpdkHiNuWzQqqatXdF+azVCjVuY9Lr+Ki9nmaS+CKdRl7/0pb5ZL3nEM/BPoXD\ntpfC6cMvpfxLceNSTev8PlefvoXeZUo32fd+5WnN//NIxHIgU7psAHoG3YjraLKXkcGfyWu+a+7o\nZGr/3haDUgZBYBGEiX58kS+K5GP5pXyJPMLUYbZ4X2EYaxgvDmW4RopNKhJ7jLsiLtrmnRKhPv6m\nYeZ6i7dpp6t7p+45kVS+XM//+IX7keII4XwjuymR59iuhyt5Lf/mVI8048Q5yLCM2KlQSiwijpFc\nAU/U//NIxHMhc6ZwAHoG3cyDsns8LrwRHsRg53/i0dZIID7/6qwQFKGmLMKQnjrhuSbO1TTXgyqD\nkXFGBgmOmx1hCNp/KfTLKnFE7f8pV+Lkxn3/Ltky/9fL1/navmvNNMTMU/m/S1atuiMchEp+trS9\n6ISe5pjfbdMvsV3p7JsndUfeVUtfV8zN6KzkXRG2ch0p//NIxHAdJBJ0AHmE3NVMWgpa7sZDfE6i\nMwT8TwIFAohAkUhoasRAKKk1VkGnGGSLwlNCmvLfcPlOr6enMaaV6RSlQEqW9pHnfOq1usJvoAJw\nGDO5i1zSy5kIjBMlIWEbGruReHT4jZeaICqX79znM5D0si7HPWzStCZsjvmIgCv/6bNBoE5I2DCE\n1OoMAiFR//NIxH4beTZ0AJJMcCigUB0wSsKpASiSWcTKmkKQG82Bs276gsvCLmlmp0cjqy9VlYWD\njUXQSVGvpiOYe8VJChdw0cm+NbKTAUjGFY48juU4WMPQ1a6hwFWlzxukjsZFF2sihY85pP+52OFV\ngF7gAv/4S6OMuZQDhXRxkgl3VDmCL6peyoLzbra3ktC1PYuC//NIxJMcqU5wAHpMcAOw/9zbNMqk\nKKcsmOuYrIZEzLTHohJMQVKG22UW0kgAQUalACbAaZE8WTNLypVSIVZoSvnMUeEym69ingXNLR56\nwVCj6pp1D9iHAeSWPFb/+05dLElPNVKxJx3ygbOCEPc3JZF5p4VJotadtfl9m5e1vuqpKzkLkI8d\nGky1EkEiJLWA//NIxKMbsU5wAHsMcIm+J9OKd216LJkiIMMSWUwWYl7Xba0FOY8wYfdfrC5xb0Db\nZ5Ru/K3dF/8RF7lpY/ygrf/htUxKBNYCoHS2TIlCCIaRFx4hKJRmsapZRSStEKacvEhXTNsFo2US\nmfiZjAVoNkzBA7NboNyVmigsiatXtSqHzUnOLCjI3IWbxcUpo9vK//NIxLcZqWJwAHpMlFL3gZFS\n49xrRMMNsaMQwyVbiuZKEH4ul3S0AIXF2IHtWv//sf4h4fQ9CXftChXS82F2B9JpGjbFY5KEhNFT\nGKuPKwkeSVqSOMFDDJLiR325ti4z1Em0hk2hLzUhDr17u0eqOpR2dVkZGau/evsTbpVDs6mdGPMa\n9vzv3SvXS1POYhzF//NIxNMcKWZsAHpSlG7PaqK7L1QiboyOIOaa2LRA2atqr/Nb6bU0iCtPs//i\nRThwGUCcG2nGBZP6qoRsAVXCs7fZf+EzK6i6t1ulK+d5VfZxi/bayyrDkEEKzqqFqpHqOCHkwpDI\n6Ix5zHGDRZdTULmGzaozG6VS7IiXV1Ovpe+jX62Z6nWfQ/7Iqvs66Jqd//NIxOUf+1ZwAHpEvUKt\nf4E2PML+pMasZ7cE3KHwxtacxXP/tt/XZepLm18J/+JIhf08PFXncdanZ1AuTh0+JQQJ2DKeuggR\nYw9Mh6bTLaBYwjkoq3OMjwRMomJfUCYHSdUZHEMLKyqJmIaa+X8XGScfbm6ZOuPM48WhuLv13MaG\napxEItbmZBxstxEpQ9aX//NIxOghMr5sAHsOuYd1nzkcIAZS4HnBYtwoTNtCwjF6YYB9//zERDec\nJMGElayw3VejLWIadfwKAgkkRxHmrOHB7LBzeQQLFyejtFzB5h0mgTpSVORt0TtIDCG1Zy1zpJPE\nnlysOrzjff1PnmWcOw+cM4Z/5H5XrXz+dbzOEWeX7mf86WXfo2ekV3m3zWS5//NIxOYecYZwAHpM\nlNc3cR6sSedcXRZuczYtoT4VqvBwBiCyVniybqr/3h2JQNQAeEtVTxhOpwV6dVIcIY1FnyctaZYW\nMORL/5HsOa8fHMJmtO31rKRhhbc+RNwlL7x1RtQJrOvLHsn6TtrX7DzQPFBkrmFBF8man6yl5Hmd\nsK9v32J9T7bz7/PyfNRF4zRm//NIxO8hy9ZwAHmG3TjLS3yjlmV5nUN1lt2MyOwKMpoGbFBVJS0w\n3CN7x1uL5F7s5BwWUCr/+uDZQuQFoOsett7h9YyjLCuoT3EsURJVVS2tzi2MTQyuovU9fTci1vih\neM5bGJH4ZFDyhAMWFhQCuvbUB07Cd9ZsdKmyB0TgwURNttHHKni1RQBRq7GKRmTj//NIxOojs4ps\nAHsGvePIPHvteecUXqd3J11nwjX///4ns4gyAiK8TytSZXQVZl8qKQTtokSIxCaQwXX6qiuMra16\nEiBSx5UTQbkaJUaqUy0kj66CTCcWa8dz3CUMq/t5KppZfutjeRZFOqHmpVLWo3bM86MUIgYRIgsG\nh8tnsvddHs7Oiyt6OtpjV8hWqxSl//NIxN4amSZ4AHpMcCqlSfYzqVxiOPTmRHRTOivMZHZyjWq4\n2u1hbgsq/9Z44tp/K8yVo/iVKI5W2Iq2yCvMJKiGoG0kKlkm1yC9ifJ2y6HpMKrIaJVy6ixnZroE\nz5SEUC+sxy3QmohUpti/sJXKcIs/I3Dd6XERmXpZ/l32LWHeEvCY96R/DLjdyIpTMiPl//NIxPYj\ny/ZwAMJK3Dw2amZp9ux/mfNdjvlzxSkhOpObyNH6a3r+uZ+V+uhlqZ4itxdoapmd7TcXnglAmVgi\nhdIKJyoCNsF0SlGVJpEK6U3OcixmKTUUKaSFjvwNPHJpmzrU+m9CV5Dnl1nKSfloG+VQoJHwdCha\nERFaETbX1UVpEJAUPHGlzVkgVFCxZZ6M//NIxOkjE/ZsAHpG3SKbqEFHOPFmBgYlCYiYOllHGvrh\nDmpyKME1Nf/8pMzGkHChChO8uxfUKu7iCQGRGGTEiVtstEkFRJjftGhuSSFWEKUs1OLMUUaH9NYi\nPh/Y7eTQxvSKbTfmxP7jK1CPQrGbOaPTEn7+c/nnCPeWbHXcjU3YysTO8aOekuavnwqV5TLe//NI\nxN8dmWp0AGJMlF4yefrf72qX3nTP//LJCO5/4vIW15+lquX/q9FiGv/4c4hMMJ4AqHqOotynT509\nCIzm3N5PyY8pRENIZuPYgXIdibSKqPRqrniYPTYFaeixRCSZA4Rw2CPrReVaZzKWvKzJebC+TZit\nNTxnsze5oV8rnIfCl8/pOWRSleEx3/lTbPz5//NIxOshg45sAHpGvXSPexFKFfWkcVSM91wf8y/2\np2y58KkZMDPXbmvkIioOQIPNnbBgiNzTuYQDmZ3V4LOmxiJx4qNa4/v7a6IJEJHdc6b7l06d2msV\nEJuYkYPQtCC9fKm6M+1vd/TbeecwtovxevkZH3zev7Pf/+q/U97V3Tqt+/36den2l9tfT6vb59vV\n//NIxOgkRBZsAHpG3HS3pIQQECEIRkIIBwOAIBBREkAAYf/LFugQ0Q0gzicgOBOmQqFe0sjOq9qO\nAWHZKpo1mzDDakFor7sUaBdJVV9W0QFiKLDPVTXk7EKhLsmWUtnV6Vbgx/C29WnCMkX2Gswoxemr\n53mqXW1mNdrpeEhmqq2bbaB/NaRU/XERN6c33d9M//NIxNoa8/J4AGGK3d1ct28DRW6WaX74WanX\naZx1/dvXzOq2/OHJCiCJyixYmRDFQAIsC4AxIPB0B4LQUhMAsQIw97T/5b36uBNp2K4srYhxzqBy\naVpPVexYRsMl0aJTI7JlWmcRNojZErKcpOLg5a6TTj2TswmUdiyPECGqX+xhPwp6doLycfHPbS+U\neu/I//NIxPEpPAZsAHpQ3WedauoRbyupGcjaezofIrm11R19nmtZU35ns97zMmkzOvdL2yn/sqOu\n9+hSsdSlcKQQDGDICuImVMqq//wkzHFvteClDxLU5QoTiE62IImElUJhDOSgygxSKjoS6yTUk9ge\nv0KTkonYVp8l0KMMqkz/5nGZnny1Xn360tG7ev/H1tb8//NIxM8hk+ZwAHpE3b8/5CnPiYqdWIiU\nsWSPfas6+RKMXJSVblB1NDkspVzad4doqSPDoh1gsFELDQxIiPil//bGsFSW86CaD+L/3xCSMhAs\nSEAUO9IohkOGT0S4lOvnhdCSXoYLlTFTLSfE1GWiniJ5MgPLR02qXGTM7hlu07Lv1ZvopwEXknEV\noHuUFhUc//NIxMsead5wAHpMlCx/el4aZPVMS4reMl2GAGs5JjAGgeZID/Y9LA3TaWUaCjyjywaP\nmmy6FJ1K//fYL0fS8fp+k3gNiENRup5DEsLTCMmIigbFYhVTbJz8yyrbUNB1A2xyORb2K5jkrTmg\nSikStzhBBPUCC3qSTrG5wz18nc7j5/NlcERHPGNtelVluqu///NIxNQfGX5sAHpMlGW7tu2q9FfY\nq2IjXLvdnMqnMOpYp5AsSFA6LHUOKxRlJEmIQVFhjmq5LHQ52de6udkZ1VXRiERmPV2HphpTlf/7\nwbwR+kvXBfIZ3tcKCxCUNYRgCERG84+aXM368Zny+rc1oV1/c3bk7cMEV4WF8xuz9Pr39viinOV2\nGKJwbEWUxGOy//NIxNolW+5sAHpK3buiJr/2dC+nz9GbX/ptvav3s5VvojdEc2gfkQGwVA+Lplyz\n2GkAECPYYF4mh6TOcWS0q6RQ//lkQge5vhhEwDFCBidFgItDWCAFBCBAK4ZKAboZMVKeCu1Aa3FJ\nMT3uUJQmItubnNOzvWJiZrOsxcyOUf+98atBpPiTM1/5/eFvHRyV//NIxMceOwZ4AHsEuGZkZSlO\n9L2Tv1ViLben7Xm/6JvV/t1/2d5afdKrUYtyurK1Qm+fQoE1iuNYuKpjlNf2KVX//eOnGZurYj4/\nIJEEaFdVBNDqhKVSLR+zUwro50sKw16wHJxgdFtAseESjykOLUYjPUNZojMynKebbFhhAgLht5lo\n1kVFio5wWQmhyiQo//NIxNEgWzJ4AHvEvF1mLlK8h1NZFpZjlpa9qollIfXKnZ8qPreNOmWMJINO\ntahShW5Atj3//6QiCucF8Tqmoh48+9QosHUCaO1ozggYiRttkYbbSSFG1Nil26uEKQVCfrPO0bWf\n7FQOLNCc9Qf4KVy5bES5Vu/0/iOczOI7+8EYgOKEUgMXoos1R/qCK5UO//NIxNIdsRp4AMPQcAcV\n4MAANg0gGItQTEPakoULspuMXRd5AAC0ELq1IomeTf/iHCjuSyRyvIw5nUc6fY10qIrVEejgyq9b\nWs205hMz5cIJiuAQBtxRbSoJaklHbcfI0X0fWPJ3BGhpXx/NCy2keTJVKCYI3H6o2Ijs4hKTP61X\nppvWP/XGaO3GFDVLExv7//NIxN4e8o6AAHpGuLIr2OpyI+IfRam+nDvPBBtJii0peAjzkM1dOb1c\ntVWNgfL+nkCKxpxLJ2dTL7MnVx40OCuobMqZ64u8vTGrafwIl8Ppr499woNm1gc4s8B/EdT+r7NN\n3j03mLafF4T34pKxTP3JxniRos81pPWEot/hULX/+6XnVWIRKYRiW4d5FnZl//NIxOU1I9aAAHse\n3YEYVKb+SBuYRQuOqomG052Yk5E5Xxi9+3HJLF5uNz7OHmt00amL81fy3v63d/3etbx+xU+uzITa\nrsKtC0moiMJJfv/nl/d3fMvLWdWM4Z1ClA2GBIyHSrREfDp2dHCQKPDsYp9QhiEYPbz1M9hOLlmF\nQWM5Y2O2pN9tav1YuGCAJHGv//NIxJMiwh6EANYGmIqIxSEk0DRySqL+mkGMREZnyzioiHvZyh90\nF8aaXDIa4nQjFoM1ibOZ1hUXp6W471HK+V8rsqrz+eE1Z1hbxU46L2Mcaw10OqmQxMSHmUbKVwVl\nUyvp1uzFVzC5c5dByrIXKjvPFHgFoCWpLQ2LlanpJPZQsVfppfytzfPUJS65y7Hu//NIxIsjYiZ4\nAOZKmPqclfyyhpLtBltEyjCrsBCy1UOJgCQZASpIM7aIS5WddkjP4PpaOVIauVF46yqLRiQPpDOE\nOU3MLNSlq3bOs7kxYuY51alUqhw+EWipzNbRGXm09sj/v5wy+TOYWLi7w5+z55PIocfUk5VOhRTR\nWdnltNoUyLn0K2Jfa6oilVxL7+vs//NIxIAgMip8AN4GmK3/rtLZs4bPzJFAlAlisZcAX6Gincon\naQlL42x6VLn0picnxfBFs9Dwc1aCrYQm1rCm8tNNw3iXwdmVz/nbdbb9cpXieVXZDsiSXqel19dV\nzuLuYLFR5nHUfZ1WYQRiCp0HjJhOPAYCMrKKDzSrwkZSaOH64v/W1lz85idjP/1q/6ru//NIxIIf\nmkaAAMsKuKXqnZcFPwwkISAXoDQXNqKRp3E6UCQ5CyBf8PSxqKUMYnNns5nqaU66hh6PBqfd7Chn\nbwhd3ffa828hEUAY50e/6a10R3kWndFK6qzPJqxaFfZuvpf2XX7XZZ09bJV29yMhFPqrkVzmESYI\nLD5Ne6zV/9TVNKbgJEYRNBtOilqoLRV///NIxIYc+2aIANIEvJ23nvo8ROiVauoqp/7meu75/6u7\nv5/hD6IEcYF0GubDRVFntHFiUPBUwQAaAsSrf0z/9vNtbPdsiRX99Q394CsVjyGrNNjJATixmAda\nkYS/kvQ+NPFmjl8UqvZiCHQrEPZ90re/v833ApSBEvIwPGRjW0MvEOuBDQ9RyphWhqCwOD+z//NI\nxJU0HA6QAMIe3YK9V3UB7AZAHQJAMQ5EIVijeY0uUeX85ly1Mr68vlp4Pj3hS/cN5q9qQImsXj31\nl+2PFYxNCHs8E65BCveKEBouUaKu87HeYqTDO1+n/r3/+jm1OLI4OSJ1s1jTFcwkOkmMEskKiIqP\nQbXi5xqHS+3rLJh6y51E35IjVEiKCnalepHF//NIxEct3BakACne3JGSMwQGNwWMnixLt8fUEu5N\nRyOa8wI9ukgyueoe84zCxukK9YjXmA8SFVIgMKqOTJUpZOGmaKEWSnhv8sqoUA9jsJUo12ZhlxFC\nnJpoM97tiMbmGAzvbzYh3j+tIEPUucW+8ar8V1iNjD60OBBtGfS1/0INBv+///////V+rCw3/397\n//NIxBIc4364AAiSvepXP39+QR0nf9+sq63P6//8JRbjPWNb6KUc1gVLNVr1pRw3Jq3WiZ9XC41G\nWNZ8jnuoTgiSuLN4vEZRGnGiA3FCrRMRLhVAiLEsDLyTsKtPtRWdNeQhVlsgss/n/+6OZVDV//gg\nTJydUVht+uhc0in/JSyP+ZlCnvl3evqbuLcXTSoH//NIxCEc03a0AEjGvAEmDdLWWORMUqOThlDV\nvoU43//5HnZKhkZCl2qGWs6qr/fjbKGeoLEDiRSszoamJjug5MTUMR58PoqNqyseR+qqCIUzUmI6\nMxgg9CRIkPLfpopV//SRClAOcvJRklViXbVCJEJ2FEDe0f6GKt47nYawt3i1jKWXm1/SUOiYHsKh\nUAoW//NIxDAbsUKQAHvScADBoVNWQikUippE/I3HPmfyS55TwZaHXP1Wf0qlmPncb6fW+s7nfXKn\nbTQakTpYCyslFCwfss5BKTZYDCJgdf/7MSFHGX0F6p3GQ6pwREYFoHgiEQKj6OeSkLoXfvaPGOa2\n1qzbZHqhE2fl6bor+UrdolLI5gFc2ve/eMeWDei8lO6G//NIxEQaKVaAAHoGlFRJMVkvbGjDynlZ\nWWKpJETzFqLA6KGjJZqHGxEWLlgm0RVyrlr//uY+jTAnQuwB20nMOp6FigNhklAXEyomXlb9IRia\n+NQ+VJqnxtZxBQ5mYms4OCwnRK4VSsJGYX4QCjA1MU2bGvPpEqjiwTIoqUbLHUhSqcOLPMYOY/DD\nUISHRKAi//NIxF4dMZ5wAHpGlFVVndjfRoGFkqWgWJOYyBg8SBoYDQ6q//9DBaTvGuEASpYjInUS\nMT7h1K5BjTjyZFUAoBflSQLq479B9Yt/e45dacvUYKm4d+91Sb57mZfvlP4/n73ffWpzMWuqpOa/\nTezaurKpk8ynfvOtW1l7L26N12X1f+/5EXv6ZHT+rX+i3lMC//NIxGwce950AHmE3QodG1N++f/8\n/1ai7+Ak6V7P4GWu/rzNxjz+SKI1AtFI/JBgMxKYSGgpIH0O8O8w8tvb0/vG/fMfs2PjbmM+fH2/\nmyVLt/v+ft/e/f/pft6ImlnJ/po//bv//bRnpp//db0Xfdfb9W5KB0EDgAAwQIIOcWo5+Cr//DvY\n2i8oMVVITHhi//NIxH0bzAaAAMGE3fLGRRW7LYlJLU8EAhagMggEAiOskg1ZRKmcBurrod9jlMq8\nsJZP+2ffSHTal/w/VnXovv6v6J8jqpxYGdyE2U+RUbSrURU+n6/9u39f+vQlm7J6b9E0MiOoUomy\nKFClik7//4TMU0xsioMCChiiVsZygOSA2aMk3Q4kipV/7mt/m/5r//NIxJAbdAZ8AMDE3ex1zV2v\n3083U6vaQUs7T1dnoznRur9/03t111MVFVEFBqkKBwgKgRgmJFFyCQohR5zudyO7kE3GGA+LNcrQ\n3bX+5H5dRy1AwoAz5RM44hX/h47jcgRMRTzUio62nX3FdMMprnT/2+6qabtmVG0KqIyPRla5SOzT\nFM56ctftbq1uhqPx//NIxKUcGqKMAHoKuFQ7ZTLKJCYqZUGkxUSD4KHTUdtEOICwqLFEhM4oPFB4\n4PCIwQHjgZI1dbjMqpuklYhszrU9B6eIXSQl+Z29HyQvgNgQwEQAMIZPYflqDJVMEwUEfy4VLOkR\n+l2esbI4KaO/dRC+rpIruZqiPm+LdipI6VTFpqcNVgPojH9TVmYlc9IK//NIxLcbwt6QAUsoAGUh\nLPGX5JoFcSp2JWBzlQ5PsrCqz7mhPppr0jRYuautVr8tDnCcZ2FdS5+bxqVvqS9L+fW9u/mPTU7J\nf5YDIJ2WxWI8yGXVdV3bWYtPTHxuBXMCntP/fG+hSyoXzIyE/SBCk67Zq++N5z85+N4xeE8j99bf\ntfGN4191xaDa33XbBK9t//NIxMs1jBZ4AZh4APGdT+8PUN/Fjx5bKvf19pKD2VigAbEMPA9zhNFV\nq9/tfVL1grRnf9/X53v/UfV//X/f+q/4pInFB8QqwnLGv79C90swOE872t7SNckGS16VeRH9/SlN\noa0b3itIX1qFf+b+mvDc04cioUiGODZ/9PmAXJnfRFZLrHy9zFtmLnLJSBqO//NIxHczY/6kAY94\nAXQ9fpw0EIVRoKhsiyZhxaJgOJoNgkymc3tq3Z3C9Yk7Otx6RHj5WOByKCI8eUhPIlnkS0TUBkop\nlpvOlJHLEO57IorNzumH0K1XBeeZw4Uru1pIkAHfuv/8X8cp2y1JK0PCNAyGWsOZXG88Yi/P75Vy\n/91////9V/H/z/Mf/1PPPHdp//NIxCwmW/6gAdpYAUiDJpvbney/6ierrvj/5+fmGsj793H9+46g\ne7njqL//+v2aT2U7pItXIpEFAhzpDNKlThsSkWPY5qRsxtTTntyCsgDNaEYeeOumpNebbD+3vckY\nsXi0WOHcqeLjCzVIrJxNPG5sWmhmq8tmMgL1//1LrVIMgTUiThjnZi621bpFukq3//NIxBUhc/aY\nANCQ3TuPQxp/d102tnJf///vlukgJQOzf7f////8f3c3/9x9dYxpqpXq////+G5UqmLFFEYVCYAQ\nYAPIPhGSceI1OMMOWEa3vOLPoWEcqSj6lpmXc+T0eWVLZaVyhvnCCqmCy0KB8aphAXQQxILmCrC0\n4s1V//+7xwhFk6bQHK5jE/S2ItTW//NIxBIfk/aQAMCQ3bGmyyAmLMmx2+86zsqU/9Pv2/odjf//\n///////////58q7v////+vqpVvYWFgbBEIQchQJgu4PA2Hg2Dk0VDlaJFaspnYOrYWJNVa+lUcPY\nYLXBRsyq9LOzezWUtY1UkkcxQsPDoWsoWnoq6FX//Wfza+zA9St6ndxfiW0dzAF8Ugkx//NIxBYc\nE0Z4AMIEvUkiizKkWvh8ldzh6Sexox46p4PntFa/lluUp2urTtK/tfevT+iWeVN09L7uisX06/St\nP7VZKsVgwoKJDOWW7TWYqKpb9abmQUO/+nC3P3Rb7/rKawWCPV5lvJX//U7Ug6Vml8MxF945DMfh\nqBMJq/hXEEmqidFvWpZr11wekWYR/n2z//NIxCgbS9J4AMGE3Wpz62Nzxvd/9yd30+d77zjf56/9\nb2xnX0+lv02tv9Vs3Xsyreym/qvNosqHIj3rt7/melrLWjtuX/VM35jmY4oEo/b1Eyr/4Sz8rwYY\n7RYz5Q0gCEQUAOqiW5OKlbZPfs6wmKNyNat1UQKOwwphaFWHmhEHqSnjro0jsCiVCFYaAyHE//NI\nxD0a6UpwAHpGcALlXveW1iCwekmLUgJrSZbNNNXjKGyEWu6w5Ompyupi3WbTZgypVdShYVDlsQC1\n/+Z24uJdS6B7OgvwVRG5GALybD1YpQhGc8k7Y9Kp3w8UhSJIWy8Z+owPEjawSoeLjEAyGh6AgmpA\n6lessA1ODlLUsYxe9UyLYEhUUFpm8cMF1rJp//NIxFQaSOZ4AHpMcBGfftcly4lxOwILva24hkkK\nQXMRVCr/9xiHMXEBtOc02FRJl2oEJfoBCxgsESIzLaiYjGzNmc9OB5C1HajpXNwgt2+P2zY8YSyO\nYpGt7q5XToyMjnkMiutrG5eWqI7JVd126W70OIJDItIoNGzxtMINWYP2DTZG5Z5JWbFu8wh5wmpw\n//NIxG0damZ4AHmEuA9qlGwdQDiANZmYPujD8DK8Kz0d1KCWVNDBCzSIeJcjmaXLNj0fb3zLIsgd\nuW1Tr4+L9fHx/wTuz91d5WNo67F36HRDmb/r9ld6yTXps3oxKEDleV6UWvVjs9L3ZyRrktjdP+en\nH7OxtWw9/efvL2N6cU8fnGM/Ff/jwlQuBpNx+pNQ//NIxHobouJ4AGGEubBeWRQZf0qIoYUwchYZ\noBQSZxggmBHfoTZWQDOpW9j8QW2RQrnuf7/z1+8KbK1NJmp1tvvohNGVlotCtR0Wsvdmei0/dkVZ\nlSx/qyJpWQ73OD5Xcind71n6N5z2RCnzuVjqoQQsvJDl/+cdbeD0iuOTfBnhZ3S/w9BKJCtlhQRr\nnw3Z//NIxI4co+p4AHjE3ODGG4jvKDNmem5XJufU/hwpypeT/9Pv9enSyMntdU2OqUUqElRd37MT\n57sm1a/9uRftk6LXHVMXksikRUZ1Rb/cl2exjMGmOYSYBnYWXMxVmZnPHQjCkRTq6RZH792XXOAi\njK4d0EHMrUQ91iSUZGRhpkBETSdW1UiWe9Wfb3t+7271//NIxJ4ak+aEAHjK3W6/tWSrrJqzEelZ\nV3tan3pqiKejbK3RdUZ2ZWeqbNpWWkpPfWsyn2WZHWUqIUuKMIcGAuC6nmcV//vJpUC6CTXeHM2V\nU+JocSzwyfQ5VdArq7eywAA1WuWuVY2OmWSzOizT0r6CF/haV++5Qu9X9bP85UMYBSGYw9mWZEMt\nVNdU6lRE//NIxLYak96AAGCE3TKpRhqmcodILHYpnVadOnTT3mVkqtzIpe/8l23ys00qIxSuJNQx\nY4WQ/8GLofZ9E+CdCOBDC+sZpmmbZ1uLNR0YFAfsg8pM1BtN2+aT7Yabc+0/vRyYOk8/HTudRSUz\nRLFt+t4swf2H1yLEqlCMFl7Um6qiSUpCypzjechse5F5ZU76//NIxM4c+9p8AHjK3H0GH5X+P1mf\nWnrCXMrrmUUp586dT8mcoUvP76lDKxMquIpVzzMvhmdLBFBIkKgPMm0B/Wr/+5efAxDGkHEmFQQE\nSEKrZrMqUCLlCQS2ZfJVolIOSA0mE0nkuGNgYTRbKtC7in1FO9lTzG/hqlNRVZZcITlkf9Rp2Mo1\nMdSqlZjeam54//NIxN0jdAZwAHpG3blXve4Mjm6Q4940NStumGj6+5tRYrqG9nfEzlwVtJ0TRa4s\n98lazJ053eyjEya7Tncii91BXxTOq4K/iEMfKst3osi/XfutQm/NQg/TSYlD3KSSiMw2G+LRPXp5\nqdL1mVYktyzLo3UEDtVRkEVFRyk0w7lReyk5yKB9/93H+mQGNHoF//NIxNIyLBZcAMvM3EppNFe6\nQ6axZViLuqEwCqsxpzzvLm8cTSVUpxjdY0ogFA2NskBVM6CywnKhVVAzyqBVqZTOiw7lj5o+cUmp\n4T59AQlkZ3TTpvVzewsacfPFI2uV5Yb5YYZoOFY4uUObCH+pjjtQDEnSZxftnIEpfGqi03BT8NHE\nHQKHnYnem5GaSxzU//NIxIwyZA5YAMPM3XT0+UGO2CWWSTTM50Ldeb8k4la4csq2fXO+HbyuVtVW\nFHpelpieeXEpJSeK2u/o1VoTlu8cJ02+XVY1i1kF//x00VXiJxq6iktQHQoHrWhZgpq7IlbaeNYO\ntLChy4PRmRlCKSyFzzCAleSk6EvFRCROtowdTFcEoooFSQqUHDLbdznF//NIxEUqfBZgAMJG3AyZ\nMsY5xBDLznIdKacITeIREkBE1FKxiBy1lKbM4GYMiC5hgWbwlKIP1B+oeoFWQsN8S4hIcKUxJsRK\n9InOaGTExG+VxARSzIWEjhw4iEINLhKxAgwLwecQBEIKZSYOqMh0wVA6/+ZZCtOAGCQVsZU6T9iq\nqU+BgwaDUaHEIWHc8GpZ//NIxB4e03ZwAHoGvSMLMFhlDLHj5omURs64KtZRiJu3diX9Wpa2WJUu\nvnCrvEiZmd65a9z5Z/e58pe2R6+eU7oyU/PyZf8v7nvvsf/Nu5mZF8TWyNtlrH7do9QJbn2et1vn\nkb9/cNTq6Wr//MISdVCnliNKQEw2K5sMGK2pkUo0qozGol2X4iT4jPdeOwEq//NIxCUbcTZ0AHpM\ncDt4fZjUod4hsZ19TkAsg+dDcUEBki4TrQ2d0PqpcLVjVN0Aw2t631JrFBW+0c97y5SJRUBR8gom\nJCRMy5iRcaRUkq5b3IEZFCL1HwUQsgT8GQfyYF6Oo8CRV1aY0QqL+ZZe17eRhOUBGHdrg4Oot/Bu\nmVVpNrHg5C8oQQfoUBv6UwD0//NIxDob6R50AGsGcb1R30Vo3/7T/s+r/e7T3vz//0ySbltnv/76\nLj94EZTfcKZOr+/vWkvBltHte/0e4KXk5QG+pf/mV8YY9BYijUh+sL1vc1wtkQjBw1EvCswpJzjL\nxvlb5lk3TZTe73cIu2m/tG+Y1tfKz+28QbV1eahjXZkYpETeSr6dGZ9qlZHyUs7U//NIxE0cw4Z0\nAHmEvXRbbm6crPTsb01o/ndfkZ2ulqGbZPPd2rjfS7u9Dphl1Ou3oG3F//uok8AzkFPwmZ6gDKju\nGquFTZxxaYv3sdv22TvQEioLhsKKmiIJBwGyA1xsrXzaxSUKSkMwE2CQWBQLmiqCKhMkYwLLpS0u\nZ3YUIB25Tu+oksfgLQWA4Tb9p6Lh//NIxF0cOUZwAHsGcHKLc4DAU5igjGiqkhRxA+pSgE80//kf\nJxrKU0lewvHDCOizRbPGIqEBtSBiiEU1amPKrUUataFGOwcPkRBfBNNiwvLBTW9yLJCNLenmWi6e\nqeja1od3parfo1j2s7Hv/t90s7Ky0/sp8lqaJz7OdE2OpmVdVr6nIIEaJh8Pi44TD4uY//NIxG8d\nu/50AHjK3TgABwchBQwv//1g9TwUhTOb6M8U7Hh7iLuGoFAi9T0oy9eXzvlb16qP9rDU4amK3+2a\ns8fs0ZjNFfX1+zN23/7T5qOlq/ShLT6nT6E/Va72GOjESRXV3kS9LoizrIiTmqVTqyMxJNHqdFWR\n33ZKkIlEdWQy40jjBzmEgGFxpwBHjAHg//NIxHsgq/Z4AHmK3cGHHKE5pCla//yxj6L0H2WElQi5\nGgY4zDsV6gNA3YyPYHgHGzMWCGjfXGi18zUmdkJ1EdtO3hODw7X2OHDgwbVx2aPGzx1DO3hAdVk/\nBzXQHjh2P/L150oWJ39gfxiJuNZktRjOqUnBSc9hsd2dwrx2qW6GcvC7M805VRVHOZc0ATk4//NI\nxHszBBZwAHsS3NogMSUAhtGTh4MTLOwjfEKIQ2yK9wpjSPUcniBCK0VIIaKLFcmEEUCvaSj4CtMv\nJhi36uu2pWzn6SPfLxSdsNx0ti5CKUaVSZm0JH0lk3yY7//7WSpdzCsxkyNY8SSJHzmwkuoStves\nk+U7e0ivbjG62MYMwSajaxF6l42ZlX2UWUqk//NIxDIguz54AHpGvZ71Wek1bOzZ4brquxqW3I+X\nJm955HS/+/2/nD85HX1QMdASUSgodVjEzaiY1ZlLZqp3jHSMuBjVYCINqXAWNFWt6nP5+y7VHRSa\n/XS+VsGsUf/64JUdhHN7xBNp8wmZVbUbU6V8FhrEbAeY5Bg0T55m4oNtuhAdTR5YyHY661ShtwaO\n//NIxDIfuj5wAU9AATD9rc94riFcb49iUik3i4roZtz3VXcN6aP+tXr0kPmXNxU1i/7IDndzHb9b\n5+D/k6iMIIed0/d/zfRheyt7/w37qXpNnUEXW0ZDmz1S1DEqfb/MGIiNUyrf7bl5I65P+CrFUL0s\nukjx6kAgg/rMSRMfJEL+YDkF4ukioyHF8vj2EHLg//NIxDYpE3ZcAZloAOYdpiXSRMi8SX5BL4wg\n8SRH4eVFSTrX/TJ48SWQm5QRZFJ0lot/5uibD3JpWJ6PAc40F5NaNZdoomJdR//juSLSCU0jZZLI\nH1FwlS61GutFdVSX//nUEjMeqjFMqTLpNLpwrJxAJFMtBXDvEooBakxBTUUzLjEwMKqqqqqqqqqq\nqqqq//NIxBQAAANIAcAAAKqqqqqqqqqqqqqqqqqqqqqqqqqqqqqqqqqqqqqqqqqqqqqqqqqqqqqq\nqqqqqqqqqqqqqqqqqqqqqqqqqqqqqqqqqqqqqqqqqqqqqqqqqqqqqqqqqqqqqqqqqqqqqqqqqqqq\nqqqqqqqqqqqqqqqqqqqqqqqqqqqqqqqqqqqqqqqqqqqq\n', null, '1073503060334030850', '1075200406356799490', null, null, null, null, null, '2', '2018-12-18 10:00:42', '2018-12-18 10:00:42', '0');
INSERT INTO `ser_inquiry` VALUES ('1074851191885729793', '小家伙', '0', '3', '13464730846', null, '3', '3', '失眠', null, '', '1073503060334030850', '1075200406356799490', '初步诊断，，，，初步诊断，，，，，初步诊断，，，，初步诊断，，，，初步诊断，，，，，初步诊断', '温馨医嘱，，，温馨医嘱，，，温馨医嘱，，，，温馨医嘱，，，，温馨医嘱', '2,3,4', '[]', '0.00', '2', '2018-12-18 10:17:49', '2018-12-20 17:12:38', '0');
INSERT INTO `ser_inquiry` VALUES ('1074851269622960129', '小家伙', '0', '3', '13464730846', null, '3', '3', '失眠', null, '/files/1073503060342419458/1545099487010/IMG_20181208_195400.jpg', '1073503060334030850', null, null, null, null, null, null, '1', '2018-12-18 10:18:07', '2018-12-18 10:18:07', '0');
INSERT INTO `ser_inquiry` VALUES ('1074852367880462337', '小不点', '0', '2', '13476778864', null, '2', '2', '小不点怎么啦', null, 'http://192.168.2.96:8080/files/1073503060342419458/1545099748686/IMG20181129_1533220.jpg,http://192.168.2.96:8080/files/1073503060342419458/1545099748692/1545099741369170.jpg,http://192.168.2.96:8080/files/1073503060342419458/1545099748697/IMG_20181208_195400.jpg', '1073503060334030850', null, null, null, null, null, null, '1', '2018-12-18 10:22:29', '2018-12-18 10:22:29', '0');
INSERT INTO `ser_inquiry` VALUES ('1074854739100827649', '小不点', '0', '2', '13476778864', null, '2', '2', '小不点怎么啦', null, '', '1073503060334030850', null, null, null, null, null, null, '1', '2018-12-18 10:31:54', '2018-12-18 10:31:54', '0');
INSERT INTO `ser_inquiry` VALUES ('1074855124976795649', '小不点', '0', '2', '13476778864', null, '2', '2', '小不点怎么啦', null, 'http://192.168.2.96:8080/files/1073503060342419458/1545100406223/IMG_20181208_195400.jpg', '1073503060334030850', null, null, null, null, null, null, '1', '2018-12-18 10:33:26', '2018-12-18 10:33:26', '0');
INSERT INTO `ser_inquiry` VALUES ('1075651118391959553', '韩梅梅', '1', '5', '15596679811', null, '7', '3', '症状非常明线，不好处理！叽叽叽叽闵敏你你几级了啊啊啊啊啊啊啊啊啊啊我的白条额度是不是把我的也是这个时候应该可以换硬盘怎么样呀你怎么回事儿的照片了一个小时后面就一直在家里睡觉啦明天就好了吧好不好啊我的白条可以免费给你姑姑他们说的那样的感觉怎么样的人吗哦！你们这个年纪大哥哥姐姐你好呀好呀？你们', '/+NARAAAAAAAAAAAAAAAAAAAAAAAAAAAAAAAAAAAAAAAAAAAAAAAAAAAAAAAAAAA\r\nAAAAAAAAAAAAAAAAAAAAAAAAAAAAAAAAAAAAAAAAAAAAAAAAAAAAAAAAAAAAAAAA\r\nAAAAAAAAAAAAAAAAAAAAAAAAAAAAAAAAAAAAAAAAAAAAAAAAAAAAAAAAAAAAAAAA\r\nAAAAAAAAAAAAAAAAAAAAAAAAAAAAAAAAAAAAAAAAAAAAAAAAAAAAAAAAAAAAAAAA\r\nAAAAAAAAAAAAAAAAAAAAAP/jEGQAAAABpAAAAAAAAANIAAAAAP4B+c7v0YmgYIQH\r\n801sRxRcoEmS4N8LAOR7EmS5IEb/4xBkHwAAAf4AoAAAAAADSAFAAAAkQ2ATfyUY\r\neBPJcSkOEKiJyMB+PQ0mmJoF4DcGkoDH/+NwZD4U3gkqAMe0AAAAA0gBgAAA/mi3\r\nTL5u4EsHeZGhdGGNf/oMmXGdzcoEgMKiskR+Ea//Qnk0EFMS6aaxkmYhxNAVse5u\r\nOoXIgmQ7//+XzdRovQTy+nQGOOITwTcLgSBUUz5WcSSNz///+gz6f+3zqJeMnPVF\r\n1dq0kJgighE06GfiU7qsH0UkGI2rq6aCtLqCZBXiagN4WkxlCSNVJ9Xx8MResTqF\r\ntpCTjfVrtChPYcGjM6Kc5E63v06yJ9jhQmyGp1bdXP7xozEpnqXdKI+1ahzmf0CW\r\nBCeREFdlQ1cRLRI00PD11FgYZ3itiwlK8lizxK7gNjXB3BcLWe4e18eBXVfiNq9s\r\nwYmmHxrYjS4hWxS0k8K2q/OIenks/3C39apWtZ7fFveuPbdrfVb5nap6Xza+MR6Z\r\nteB84rCkj31W2aYtuC6zqM/p3m2GFBpBzqFFfUp6+WnGEQFSJyRxObZLLhBJb0lx\r\n80NTppX/40Bk7xs+CzVr57wAAAADSAHAAAAiRasTrERUJacUNnQqH06KsTcSHZZm\r\nNDq63WsKxW2XisqRXPjVnT4mnRkVXKrTxUuHQBnNYgKxSzZoofsjVArPu7Mwl2sY\r\nOCjzRZ5ggGFn/U5bvUJBmMGnHmLDpRUiYWFWHEChZxxgyj2hDKcRyDEUssyUkafK\r\nfcS31XUwk1WWUWX2ayapjM9NU60IxeGsxunpyxyYQT05csqzIEK2MCJNx1yMqXf6\r\n7WVbw41Yfk8VSOKuTaYePnjk4wnk/+NAZNAWFdk/fzDIwIAAA0gAAAAAsd8u48OZ\r\nUsT/TgqXJ8wP7Me3ydam45mFSH9Faox2GGMQt4kinPrLtsuzQWdnV879kOi0x3J1\r\n8qYaSV7iiSKRaKY08wgBTtHm4eUOpKhzYlUGxDY9d2vwdeFagHOKJokk0AOSk9WJ\r\neUCp2LMveC6gFHOWMYeHIgB8EppAfPREkm0Ms17cUhHqyoQOWZy4g1sweP4W5Ki5\r\nZWXtbqscZbRc1lkdOl7DpocrbOrFAzNxNNOMN3dk0XnDrsgVB//jQGTaGQn/P388\r\nyNaAAANIAAAAAI6WlQtFUFm1pkdNnV3XzV1TFa5z5CWJqRJGkaurl1ycT3leF5OG\r\nQioZivqqRrn1XOr2GTKkaEelRdRlDS9VyTiQRB4KaRyjDDO7oFTlzbRsFYjiDifL\r\n8rvL97aK4OTs9u4WeOog9x0ySazlp6mmTAkb9b7aQNaV6lOVXfs9bt83bgzDoRwK\r\npNXRvxRHO3tH9tpK5b83nBlsinGXQ9VMgwgsIbMhJLqR8py0yf9M+PuiU0ZLERVD\r\nqsfr1bb/40BkzBZd+z1/MMPaAAADSAAAAABlqk5r0OHsuPImDGfbUpzjFTB8bmaI\r\nY8tNCU0AYKuM3ZW0A5ELciUT2Cz2j2uCNH3JoufaGbiL0s1FUJJ3aLvJIkzPm1aR\r\n1ibslckDrHJJpBhA6PRyBAFhzMKyPpx/jqoOUWBcVH2XJ8nwTbsPsZc0PSXmVW2g\r\nQXGWhTZKE8VV2l1CzC181dQOLnReJqbcjkVPHbo4tAMi+uX3Ht2sbLf0WFEPBCHF\r\nI2Uzx3n/QDpFc9seHjbcDC5Kwm5A/+NAZNQVne87azDIqoAAA0gAAAAAm7RmrWL2\r\nWaQO5R3lKG5po91WGVTsCpLh/G4fUgxm1Wvx5ta+sjiPnKZkT7LSEyk5mmp1y9qz\r\nOWsEWWNvDIswNiQWFHCUbwZgaD6SOXDvR2p7t0dKIOsUzw0TS2uNOfaq6/bX2m21\r\nQUFgHSJ8B5c6Ns/nH6jukFnLxsqZtqyMbPGfKl/G03zGbVmz1dYCRHvM3LHLNrVL\r\ny1iwZDgZlM2pBvJ8oKUhQoSFrp8fzCI4M00VKkZtTQohc+oAQf/jQGTiFiYHPWsx\r\nBuKAAANIAAAAAFGEIKChxM5qK8VF7bIZEaJBMtiIkk5ABypCxAkDz6QQInWKUZMu\r\nttOQQZZRM3PbpiM4x2aNfLLzk3OFbFuu3UPOK+kC6gwxrcJQWVu3ZG7T29aEraR1\r\nV06tnwoZXTFDE4RbLPgo+df7J5NvcQ2QgTtNM+7tOLO532PzWEKCKzMICJiy3I6T\r\nIANqoq8o1M4kzVSQYKzDssQlMzq/OzjM9TQUjdqYoZfgvUmSwYTApN8z4WWIDkaZ\r\ngTaiehb/40Bk6xads0F/PSaOgAADSAAAAADNKEARKA0hBG1mQ8hCjcWRTIiHCwdH\r\nUMqFSGtpwUpvu3MN1MYkz62Ttu08xcBGIGyYbuMxIJWCo0mayKhxJI0iQJjyCdns\r\ncxEuZhJIkeVCKKP2kvzy0aHPM1BIkdufNkjmM84c7s1f5vb1Rx1EUSMzMzNem/+d\r\npno46IMFSXt2hGzVxgFUaUpxqSWm316rU/q+PZxLIn7GkFJqR895cTxsKr7Aw8sR\r\nISyvNVlb9q3LOw1sltMa/Fj5jd1c/+NAZPEW5eU5ez0miIAAA0gAAAAArfWY80iO\r\nhcN1xSGDD9qLGErSJtQVoEUnJn1MtO+/Y7Nfzjcn2wShtNGnrvq2QVk3jG2gkcLg\r\nwfXSiCCFVlAddBKNxlBKKTQP0XFC4oatyJAyGJnJtRiWNo4axiJTpvi9+Txal5Lx\r\ns+5v0vHIfX7CEMUy5QayV+C74bWK1f//12hDgoqWmaYhIukmtJy+8DK7SMJdrpN0\r\nXzXRd1XPskDIzPILPK9o2w31X87qGweRmkhz3g58Dt1Z2tpkUv/jQGT0F7nzO289\r\niWyAAANIAAAAADA+gBCKyiIGErE1pJiIdRhoSRk9SskzAajSyiZCnkdyoPLcdY0B\r\nWcWfAUYREDw1MTkizRhG5ZNmIwOWlHPDlRGNoqUDwMrXMl2MFbJ7g5g+Qac6Wes8\r\nk2LW8fpc2sCN6q6TRJEWOt/q1ZzT7FtrUe6+w8qJMbrXr1Q0vBOVEbYiEYw1dzTl\r\n+r7gwGS6kIahykcFMoZlpjHPKnlKFTCi3UUjrlSUmFKIaJmnTmnIgHi4y5KdLKp2\r\nNjmyUgn/40Bk8RaB9zlrPMi4gAADSAAAAAAuTMqpsC0uLRBzdzdZDAYaQajpCYgj\r\nbLPTddS3irkud0o7JhOPkAUFylv7Trm4kfZJt5HGO1I68/q9grNcve0YtB0a0vM3\r\ncdo1mpm/+f7GZTfW0/JXUFtnnfuzd386LViymhst8A8w/07/IzWyyq21ASBCe6ST\r\nkaTtoQSaIWycSmhkSRHprGSYkKRPFbgq+R9NUFxB2vFl8Wwvw+aFZKi0skGnbFhV\r\nsV4jQbCLJBglXRs0hfjSxQw0aszU/+MwZPgVegc7ez0maoAAA0gAAAAAYRLJEL+Z\r\nZ9w2DyrjumSQbENOekbR6tJ2TyHbVnZmFmZGqRv1nvYMLTERl9r35dBDs8+sSw1Y\r\nIHelTCIyhqEOOKRd2Uwre+x0jESuDLO7IVDhwIQsR5xAAdSA8ZBOBoyhFQgQEamu\r\npbkiYaRaVI1w2aQiiUhEsJprUG2gFZJETnHj4YbMJoE9/+NAZNMVigs5ayTD1gAA\r\nA0gAAAAAGoJJKTJArOPaAeAWJoaYxlY50uYQLEkBnu+TIHopbz9Bw5BBDHbNe9fJ\r\nfKKL+PRjQem57RuPXPAbubcfHtvmU+NXcrNTLq30eyW40OjeykdpiA6Yt7lCWuG1\r\nGDC45jE3vfs5sGe31oV7TbLtros+Grma1IKbcr63y1Gw4/EAxbYCIWauoKsu+oC6\r\nWKAaLolkAPiNNrtkjyUmVXCI+1JNRfkRiLZMtNMiPYzbcjJlZQlRDBBIwgJSELto\r\nsf/jQGThFJH3O2oBJgyAAANIAAAAAAMtqmEYurNxITxNPVTnGb1ayCSejXg9lEoj\r\n1sxSz05qXEROc1JPYc9YMq2/HnPOETVlRYcpoESHuQOSqUSpJosP6nPkwXkwXUQw\r\nKhri0QkhXuHHIUMY5lcybKFBup7K44TPSJpdVGPrPpYqKViroc51DC2byANEsUVc\r\naaan+4qK40sBkjCIeTEoEPbXbIyTqmDbj3YbijTLS2f1M1Z0cQJuU1XEGAwaaKwG\r\nCShLzQAYQyUR8Gp0smFBNkT/4zBk9xYCBztqJGjygAADSAAAAABg7SCdjkfp5a0E\r\nCwzlYSs1F+zYTfSnctI23JtslkD7T3cfMg54qqZBMypIXGX7v547+le6disi3G2z\r\nvmvvaEDzi8ncjOadl5mb93YzZ2N334d/8fZqdfP4wqd8XjmRX4Y/oxe7LFj1ySMS\r\nWhmVa16SPWVngQ4qkb3c879yZIanZ4Xu7nYz/s7/40BkzhWyB0N/JYaEgAADSAAA\r\nAACUjeeY4CemmcipZ2sVk6orYb180akSfSI2ppG6aNoLpEh4wSDbwDp6gZkQ7FI7\r\nFaIIHoKEUYYUyCN2xm/tdxcO37Fpu5cRp6aWR3Z47TGbsuYhmVG77qkIvkEMabvM\r\n8Njv0afc3JPZRcFvlyhkkCAselDIEMzSBnx1FvrQ+ZuVTW/1+/qoQ0TdIX20b4eq\r\n+nZVhQE27I25NY0+dp/a9DLHTf1+68vnrcXdiB1DQSAxjglh6xqFv9xJg5ds/+NA\r\nZNsVpec/aj0mlIAAA0gAAAAAvBtc3Z5QqoXrUeE02dJsdx+13Sm5dRs8URChobCw\r\nFrG0c2katopLpona9pjWXJidBTuDBRREwqVU9sKFIF5sYU2QzQSQVEiuvd9kEtza\r\nZk3NhBQUa/qzw5r2G16TZ0PvdPG63OdOzoYp2dz2lNE2L9rPx0ymylJs5NujVt1/\r\nGrLuqyu38TVGvm7mLrkUddk0UJn/ppSf503iKKBuocQLGAcSFI6PWA3kGfsCuS6p\r\n8KkkPLfCe7gMCOhvu//jQGToF04FSY9hJnyAAANIAAAAANblKwND6CBlMZZ1BzAI\r\n4KLJSAsJwNYgsIFigtSZntKKmc3TjTm2dLV9yUYlltmlX/bWcUUiUDHySDGIjsk9\r\n5NafLSkbL+3k3zskUZfC1XebCT0T3ztV+oKMlUE2ioqa0tAxIwaSGGR1izjLVsJq\r\n/SYUJ2jF/WrBiECljNU0FRXFMQGkk4207a4g+pMmODRDYcY8WR492vKtBtkYiSCh\r\nsxFUBxCywyy6MTs0InCqE2LmmDquMbVLtYiYQqL/40Bk6BVqC0VrPMOsAAADSAAA\r\nAAA2TQ4c9oppoiBojOkIkCphFaSONFGsia8rxCpLNnZ/e3fui1zJFLkq5sRTd9o3\r\nwvMvGnKn0+N3fvXv1zzaY6nIs0P2mfyJGHOZ81/crr7l+UR1FPp58XLv/Hd6qlt4\r\nKZmnNRzPHy9l6i0X9GA1yugwY3IpJtdb/2UzRKN3IXFR2eAgYOJyuZH7iMFB9fPY\r\nowLjsdlIspy3zqGf6Fr8D2Lna3OFlJotYrz99U4uZz23pNLnLjSpYzW1W4Cs/+Mw\r\nZPcVPfVBbz0mbIAAA0gAAAAA6oWateUE3V7TbjsNMq/KL2jjsbajU7tAjXjoXqy7\r\nhNs1N8abo2mldWW8ZkK25loez8mLedzO3v5mT5tqlrKql+rJFLwfQ9aDdAyTMbb2\r\n9+v5ef8gTBBudPNLWzI/M2IT0cUQMkv69tx/0zZhgriZ31ovzPdf0rI7jBOxedxG\r\nyCIbWDJNIaJO/+NAZNQVvgVHfzDD6IAAA0gAAAAAXFnYxePlwdByyIhEp+TaNAvN\r\n4YSeWUw47qECDJI5KCdGmnVz2tVqlJVU24p6lu/V4YvNTo3Nr9C3CahJ7gW6isrm\r\nu3BJBknQ+NyQUEIpDzDox6a/a9c0q0stqsiRMOa5GcrDEFdGWBTlKhWYU6hw9Rlp\r\npOBJCcOBmgGLNBCofcuPd9rj1dMCIp9SiSSc6XtxOyvgKxZEZDQySraEsjHd41EB\r\nu3cczUu3aWIYiCMJJ2ern7vMr/eu2lo4uv/jQGThFUnfQWs9I5yAAANIAAAAAIxB\r\njjJqkVJdYcPGHENYWwPCWHNqGEQ7JWLIVmcpD1pgbX1r5yuWQTq2Kfbmk2hdi9Th\r\n29UFVDvW0GnAQtVeCHeOW5sDV6wJMIglVfFBO17HM+mykQY/34dZ7ojU3QcUpvE8\r\ntmTGNgeFEjaQVAMDLPCSPKmcaq1sj29N07kQEDqrqv+mFesU3dqpUNrH0J12K6Nl\r\nsGRqdnK1/XD9ciHRGanJWVxjqQEac/ZXnJuPy6I/GB0tMz84WL2TU+X/40Bk8RYi\r\nCUFvMGb2AAADSAAAAAB1UJ0iAcXZqZOwuJXIlp2ePlhG2d15WtdT095bCqdWa9W6\r\nbk0bS8qIC/lscTTPc1D29SNCv22pKRa9XauVzn9c552a4wmhXra+o5FcmNWk4tuQ\r\nxNRXRVvezM2vXpvP/tLX6rs9O/lZ27lJY6ZmCey+RV7e6tpnJvmVradZtZP62kGY\r\nhSqUpjVkY6OVFBNFNwtpRtxwVt21VRsCLC0Z3FGQgcnZx2GQmFJQDOdEpoGIDUBJ\r\neBLyXg6UDQnl/+NAZPsYZgNBaqYwAIAAA0gBQAAAGnSGMGOIsC2zYAUAl80ABWrS\r\nTtRqCCmACgDW0e3GQDt2Yc0lcLNRGFAK9iAJR5Hxdk5EZFMt0gBW6onKkKXVRbRr\r\nLqO6y5CQ+kQZOvtY7FGEVWHPar1vYszijfNrqgb/uXJlKX/dfTM7rp3mOr7a+/MB\r\nQIytpUPrjTYhEGsGWO05+VYu3nLuUUsaxYiMAv24ikJe8cRfmfeqJR2cnp1gjkPo\r\n6aOaw9h1WCMVduvPPx2KOpTvHL5RYqRN2//jcGTyKuoLO3/M5AAAAANIAYAAAJyU\r\nPrAs1D89Hr8uo4y6Mu4+0EtfXmrHJ5RBEMVXjdqFYrCwHI4YnKGNxuAIck3HQhMU\r\nfd15+/dm+1KOmwg6HX67pzIBuSuAnAi1FAMQwj07IJZelEuibdnddl9KR+JS4kkf\r\n/skmamnFODaH1JmklE2VBIrHXkzO6Oi4oYAEBS4JJhQKj9YA8JJsiJOGusyIA1Rl\r\nGtVMMED1F8Bc5ORMtkhfxQRtTFFQbZSm8IAgw0LjlU1xEh1gBENTJi3J9cz6IcQ4\r\nOEt5FpatVsTl08OJkF5mEOO11NFwBhVYB81SPODkEtVAGiKpgwBVOlTWfR/kvpMo\r\nu/S/b7YSgKGpc+zsSRstyRvK8DvpzcYNAeLwucypkzzwiG2BsQibUWYNAVC67uvC\r\n/r1VHGbDTOy7jkt4vZJ6YbO1m048AvsymupN3aBuaVD/No3OU2o3TS1lzdGvPjZi\r\nrzRV2qeJ/+NwZPIrCgs7f81kAAAAA0gBgAAAXpymdSEx+GYbjzfupnepew7J4fnY\r\nAn4On3ggh4XupIYhmalkMwM3GMPrJotSRaExWNt3YfEpZXmYs/t52YbgR7I3Nz0B\r\nTEw4LAJPE8X/rz87Lq8Sy7G4pQOHSw/Yfhy2WdlFyX0m6vp9uh7CkZCVKmBAR0mc\r\noRSd06zLAuNO8qhfJci2IBGQjwFMZx5hAJKttqJLZpwJQxwWenuZIJdCoFftLGoA\r\nZic7dQqFGdC1nBUQi806RKNvosUHFdyflQQtNdGJGJO1z2QqzKiVTXurchlLY08S\r\nIjLFiOvB8qZqi+EWfUtqLQXfVa5J2IQbG2CwyxWZh+ROHPw+1xqFDL6J2ow/TOm4\r\nvy5LKluQZLIMhuGX6h6NTsWncJtgkD1oW4sXU4dxtF/zMWhx4Eik9S9pclMotEkV\r\nMxl95FEbskl8WlliCoK7WlNHEGtsDgdljBHlZ2/b9yG9c07/42Bk8SgyCywAzGAA\r\nAAADSAGAAACrAY0+1STXIvBMsgV9o86T+x6SReXQl+o1AbBY1Rxhsc/SRGR43Z+M\r\nSCFu/CnEcR0HHeeLN7IcH1lmu2rkZcm1lF951Z+7LfoJdeh2MyqHnSpoZCRED/93\r\n67///9tH1KBgyH8gQFhpBnAYBQBgjOGGPE1hcJCjyvJTFbKDr6pxIPp8K/iMHOYv\r\ntW5tExRkoyIEobiyluTS1UXgXemiwphq5V6LLDlJyprLFbuxSDkcocbGzFoC1VRh\r\nZrfgp5aYUKMQbm9jPI8vKVwCimuRzIy7UhWYKOZGrQagiGhZ0uDDj7qdtzdx9LHI\r\n+3WpBkVlriW3nbu7jWy/S0WbrqVy0pDaOw6xt08IefyLTDjQuZhx743PuE8FiAo7\r\nRTdtPsuIzkoO/K5U/+NwZNMpEgs1asfgAAAAA0gBgAAAeFds8SpfRr0xAdazGJXC\r\nN0j/W6kgiEXynZNK4Xdl9NVuUMOzc/Gbjht169ytzOXAkkDNo7MctUkcon0tWpiY\r\nkktdaPt9L67/xGtUg7Ok1D0pyorMzDrWYBtS23jMTti9Rzny2Sx/BsURtSySvy+r\r\nuVY78Vp6GshnRnVJJEyHCBMim5ZcWE7gDdAhkTAXICBqxl4TSlCsxNGALNUQSEVI\r\n/CO6DpZkve8cPUSEtd7bqOzANEMBaaz1qaCjW2XlyCziXCpWrLaa+KBRwcSSJeJ4\r\no/sTh5c6M6YYhA1ouElqIgoQs7h9laYksYoCkJgPYj+98UR/birC2VG4wiR+iTT5\r\nVYZ2sdx3EV3F10VYfWI7mLuNChhwVMYccFiKtsPLgp2PNbjbuORKH/dh3C0aRbbq\r\nkZZRRh2Hka+rcursBNefVYVMVuTEpPTRuH38jERdhrjqNffunkENxdj/43Bk4ilC\r\nC0l7zGAAAAADSAGAAACDXIEYm/8vpKnOf92OvzTW6F9nedqUw7Ds1Ko1Vm4fcSKT\r\nlHSTkvl9vWNHe/OY3SOW7cjYhLKJrb/yOpjnLKSxGYduRpnURfWciM5hhGnajMOw\r\nzKqaeuW6lBqRZYSuV00Y/tyWUkN0e/YiMuUAa73xTxdCBR0TIz7waDCJslmGF2cE\r\npeBIewuMmBysTMF5klKzKM6XIZYOTwdTggqSFQQlq/cRFSA2MMLwzFQvLxYAq4Fs\r\n6wlNCQfFRePQ7pkEnLBx9LWdfnp+rTNtfuexst97tva+KyWFltVCfLo2DrLdE0tx\r\ntuq55urmHuN1nrXmc2nZlcjrjVn1sEu09nXbXZavFnW3rbW13qza/Nbu9a/W+rVE\r\nqKZKE2/ZNMkO4iFZg25gkkG19UJTUYIi5dcCT0ohIVqFYwIhClMdRomSWbIwDYwx\r\nYSlCpoTwHyIxNFYdCVTyCQ9mjg+D2v/jQGTwF22zS2LksACAAANIAcAAALJz5IsV\r\nYkSqQHwfEANFpdRmzMVMOBgAYXoJTyRaWqbll2a1bmBbolbeaZeCWLKgWGmrQhNE\r\nDGXzXaTcVg5haGaLWGglrsqRwqTI4aqMzXbNzqsTekXarEk3dI9Qms8WrVrV1S33\r\nurCuMOJkVQ6xYYc1Exm0ComahtZlIqpPam6in3jvYlUNAQFjyHoNQSGDFCByvS/o\r\nCmMkAoBaUtSSauHDdt0i1SISjUcYqshvlvKFQtrotJaABAQlbxf/4zBk7xU560t3\r\npKAAgAADSAFAAAD6AZ9XUuo9l5llOWLYd90UAKFDSREVGZYdkSIMAQBKVdtTkaAe\r\nJqZqgac+irnnjr2NuzB/FAGkuS3CHXblN1hrWluv46kZjq6o/DTW5S9UqlMIguC4\r\nIfZa7/w87rdVjp7LAS+GWsOA48rZHCH7a+1yVPHKJVTwazOBYpLGfOtLpdLJdT15\r\nx3X/43BkzCj+CzUqzGAAAAADSAGAAAC3d6TReCnkaw5DeTE5GYG5N09akhNeB5mK\r\nR6M0lWNwPL5ZO0VilsO/E5uKQw+DEHU1DE4+7IJzJ+3Rc9QSmgKNVspqmlfMO0Vr\r\nsdv4ZfqWUEiwfSG4fi+MBwO6k3F3cvWs8fZpEXhSvZOvSHI8ytsL+NHdWKSBpjiO\r\nu/88+v87qnVImaOjABU71Jr6lsaTMdWUDKGAYhlhRLuO1JUtyvL4kTfRJcjGMddO\r\nRgn0kzlPUWMPBECVVwMYdxvkwNI3DtJSgjlFOVoq0eeYCwP4KUEwhozgfquK4mDw\r\n0lmMph5GoHyTAGGMY+1QeRpktS9mBuJUEGDVmEeAxxNjsHwpA5iNC3G8PQoi/rR/\r\nNSQV5dX7MfztCE+OINoaxMDyBQg0hriSnkXEuA4UqTkP0D6EKOwDMbImyMTb7nKk\r\no5mwmtGsCqBOnQfQ+VSHCUKJG+XQYZKQQJuL5YVcJP/jcGTcKEILMgDMPAAAAANI\r\nAYAAAKSw0SwophQ89jkPRTF+lRJ7FuL9K9hPj9N1PMyYcY8YP0gIZwy4bWLMLERQ\r\nkoF9SqMfZ1FGvI0n5uCewiTCvEuJyikyX0gpOQbQzSDE/IMUwuL1mjaZdqBEqZVK\r\nqGlUKa5Scu1wnqqndWhzqUdUR1I5K7JHGiGfLxiBARACW51NpfiiIbmlosoxTxGC\r\ngodzBqqmGqlKvZppzSBqSgiaAIWDkYJNhglQ1jMCio8ZUiNOAgosBQph9CYShEz1\r\nNAYBQWXIw1k6h65hZUkUncPKkH1gi7Skn+kbpjQdEyIoztMbyAk9EeEz2aL9dNdr\r\nJXjbV84DYPQyZ8a64GZtHa7K5Pk2memnsJbahbVYG0113H+ljauHXnXGa1LICsRB\r\nmEPtYZjBE09zMpZGKeRx+1PzdmIxl/aOLtzjbyvxDLOmdVl206uZxnUXkE7FWxT8\r\nsh51XGf+VNfeuZYP/+NwZPIqzgs3j8zoAAAAA0gBgAAAJZXPxynp6ZVSVtp2GIcj\r\n76Q7CYcjT5QFUgCJZ0ErpXXitG8USh94KbHeqjxw/BU5NSJpEbdSM1JNy9e1bo5+\r\n1ddaWvdAEXZGuSQvfLLFqZ3jPTdeBrkqjtLCYo+MbgHCP1qec7WrmkZ3eIV1R2Xa\r\nfXWSROAj0y6F8rqt4kkAfcIQkWDL7IJUkwQYhQkeDrLnXOr9n4AaCAwwXmaeo6RD\r\nS+U6poHRQfljTFIiutD5H5IMIsv5RlEuD3SfRRSHk41hHKRUVlUveV+Yos9QNw33\r\ndN0qdNVV6+WBsIiTgsofprcUepscMrvTcldA6CXUXZ/AjYnbd1xHreOgX68jtr2X\r\nfWkruP6+mDU7LW3OdRjkvkzIVMpyNyytTU0qkjwWLK71yP1UopZGqaLPRCoTOzcb\r\nd6A5LDNE/LJZFDDbszZ1RP3D7oUUCu+8DAnJZe/7ZIZaD2fje7WF+CP/43Bk8ymq\r\nCz2PzGAAAAADSAGAAACxZ98H5iz9SOBmtQiTODQu7KYDbtFoxdnofhx9oFh9r7wT\r\nb5MPXYmypow9xXnnLVW1hKK8sgOKy14o1FFytIZZSOlUpaW1ytVvzFWgzikOS9wU\r\n/6GYs1pBfqcVt4cFklkzZFck8vUxeDgSAqxWsoAcIIkMgVPPq9csdGmwtNV6WLnF\r\nnGaKAJfsSS/YgPHRADiQRXSTYOuyaYW04cUCyNPB3IUutnjQlTxhmq6Xta8XnDHp\r\nthg28i8MsuSLUeZVQuTL5Go+yQO2XUFiF5EoQhcPQ+7kALWlUP3nBjNtmDS4eW6g\r\nHZuoO15KxQpoTO3baZQyRlLSohKpHMu487tO+yyOM4nFqRFg8AuvGGbv+xCWV2Yt\r\nx1HW4vw063SzlmJymPzv6iMMWYAaY7ECP+2lDD8bpmuRrCKSrK3Ar9zEpj3w5KIn\r\nLo2/EOP1Zsv9CspyD4tKbWT8ULqOG//jYGT9Kg4LR4/MYBAAAANIAYAAAE+ItPqL\r\nrgpgjjKkgRQDVyetym1K4Ol6vWtQazCbmJdSzELoqJ/HyhqtKZXAzBn6WCjUKZBC\r\nHbikzfnZa19vGVuPBsKchm7SHEeqEv+jhEX7qxJriomIY1Y55e73aXlc7YoRCocD\r\npXR0sFiwSjZrSUADE0ZFcKBe1U6CAXOudJ9MxcyFpgCm4q5RBS9wVBR0jNZthKZC\r\n8yoZC+PtuW2VlVuYa0kVMqo6Re0WA4YBKFwOQuphb8FrnjWMtdM2BE2UeGLJ9QA/\r\nzLoLX+zB6ospjG6sop16NJZm8r6vquluK6IRnHnjYM7DjUr7LxfZka+XZVXk6mL8\r\nu5LpU+TwuGtxxIrMNdXI3eP1HCl1bKXthkF1dLcndisHX36qPtBUHzrO7LgPozj/\r\n43Bk0ClaC0d/zGACAAADSAGAAABp0eh1gkLct6mL1qOxTXKedlMVsymcdq7ATDol\r\nnE3lfeFU1eG6J17UPu1D9FKp+NQpwZugicen4djslp5PDUaiUWeGJT0A51WRPrSP\r\ntdq4UuENXXUwnJPOySK1H9ida/cwdOvdp5VutEb97OORKXyiHl3tjoMn+lNq9E7m\r\nQkPWt2VpQu62cfMnr65cqPj+i2Gw8BauLzh1hbTmx8q6Qkk1xN9I1dRtTm2IlxC0\r\nrgqAyFHkIUERObEMiYwjEhEacSidJZhXuQTSVVVjqy6tvigJtpXByOFm1ZqlDyVN\r\nRYbxbz+5nyG/3deetaz7ht3K4x8vk1l2YxlVK7krzbhKryV36j895L1sqvflPy4S\r\nV+x3dnCp+stn7lTiltX5ZG/UFrpYFaWlPZgwmBUKtyEiufuc51JTRvRPPrKlnmBU\r\nZFGuLICS3EYyo7NNYfQygKVNJF1D4UXETgDBkf/jQGTdFdnfR37mJACAAANIAcAA\r\nAFEY/JcLpErFTNxVmmCWLRDyM6SCc8PDjWPWRe0bIN/LhFqslOXKeRkXJBb7sSiY\r\n24NjTpGTqKGSKQWWRbMFf880iWiypuwyKadfMkyTr2EkZNWeWw4ytZKh3INSgMju\r\nIaTXFlVBoGpIZ2lB7VKMZ6pV1gEUrtKRxpvtb2E5zVw2PVDjLEYzUfG6eYvYbPZP\r\nIDBFVg8o46e3M0EZWZOCwxT1Xtrb3YiQnJxb9EqnLxHSqh9tXXF8cdJa+tH/4zBk\r\n6RPF8UFpJMPSgAADSAAAAABqpbq2t1x9b+XTeGsTFn9gegme+2wNLnIWWau5ZrFr\r\nrn87+3pSd2lprPO9NddpaO3PPTrtctalmv2vTactaZrlqzNvmtaWzZn8p8vWept7\r\nfbHrUrWmM0zGpvfrv/mTk1owYC5DOHFlWHMlNlsklbuljsUicKYPtH0nvVpFby/C\r\nJqmaDjLi0qf/40Bk0RYR6z9vpjAAgAADSAFAAABaPbTwZWHTyB1i1kBAfBPBUEBB\r\ndFsFiNUgovFCLtDCTlgVQbTeQciDKU4cYR8uJ6g5EyKaC/S5Oh5BuoWJVsbRpipD\r\nRHAwkHHuMAsA4jcQYvE2tRRlUT6LL2ui1JAcCsGie6qJiaJICaZUR2M0h1q1lQtU\r\nnGsp98hZ+D8PY0n6c5YTNH6dUyGTWb1wxODIjGKDBPA0y8jfR49auHAWItko/Dyc\r\nl5Xi2rD1WTKYnSmUSMe3RDUhKFO6xWRg/+NwZNsoSgs3f8w8AAAAA0gBgAAAjsaL\r\nOtPpc6DGNCYlh2kLM0k5yFfOfrAoYLHFLcfjkmZ1KiVS3SO2CK4NUSDAR6QY1Aai\r\nUWXlrk8LwXw4S5l5IOowj5lByDrFcMRWQVG3raGJUny6V0dTQQjJvk5cBdxgo4nD\r\nZV4lGVWrp1dGlEhWZEW22S1yNMkGkWXAQgLSkQhhwGYMOkSCo6LRii5gxEOiMy2h\r\npG52xgcUUCHiQoDSkgMLEgiGDxzdkOpaJDctCqmqSG2TKZlFcwAFWtAI19bkLSac\r\nmDh0CnMZQApMLBEBERS8oYQ/SQa0meF5krnDanNMSCoAHEEckPEppc7uSv3LdlpS\r\nldDDT7PxDUWXO8q9F/qbvQoGrS3BnrT6F40NYVAbcViMrsQI5DMGtuwxOKMHUza+\r\ntxh77rUf+JQ3BMDUsKcpmMOSackFM3CTRuZuUVW43eAIy27eQmIt2Yg6jxMMbR53\r\n9qTMum7/43Bk8CsWCzWPzWgAAAADSAGAAACCR0kZoq1aVUj5yB3n7eqVy2mrxt/o\r\nk8UsqxGo/jj3+P/Dc/jG5fFH/dd5PuP7KYK5DUpibcW8aMwa/z5dGaCtXn5+B+XH\r\n8k3yimgSMzcOV6fD8JNDs9VwtRSPM7eaDHfj9HTRa++7/5pskqYrVcc3YVaXK02i\r\nUJACkGAL1BUb7ko1EyMgVGPVDoYDC1YkTwcpOA0S3QlIZCQMEDgE4DkwamMQZRwT\r\nVkDaAoMukvaleBiTTnKL8DQVI5IZaz6xlNJx1SowMEkytqBzfBwmXpOhYMqovWEN\r\n7EFhGSP870raohGXn24TPbCCV9W0RxbG68gXk/L8Nzmm8hK5IQ+SzUBbHIm3GVTz\r\nKXol78w86c0y55FN3jhiWV1MXbXY/a7KTNVrguVEqZ+mXbgiLWJTAD6yptIhAk7R\r\nLseykbpCIw0t0HbdaJJawM/S+HBWCZ0+sRpnpYbKcoZjUP/jcGTvKzILPY/NaIAA\r\nAANIAYAAAKsTT+syj2duMY0kopZfAsi49EIza/LpdBUGwZAFJZd6QTTPoftPDBSq\r\nzoQtZSQsVtYw+jOhsstuMLjMlfOItrXl8rv7jMbgd12v+6lvOKRO33PN8puadNps\r\nE4M/cqiay/ym0ASugkryuXKalHMDcDkEMGUEZsUkrMBYDwL35kBNMDBGDCXiAois\r\nUtFTTXZO+pBMLZoeAqJ4Qool8lyjSWBigVMl6NhX4uJWZMhDBaSG6T4G2mWKAQKI\r\nQp0uGyEMYqJ1WgqdqXK6Lup7unTu+1aQP4ilASlzEnwaE0lga0hUbaNwcNer9sCe\r\n6Am+VRe1WeQvMoo6iBCKRFyGlZTNMtFvY0uluNfBrTOm2n2zoNQFKWnjI2LMla4/\r\nUift2HrjUcjMRzu0UelMUmItBbjXJdMtwfJuEGQdYd+XPA6dSXP68k/dmp93oLj8\r\nutXb0au9wr5X9VItAUMO/+NwZO0q5gs1j8zgEAAAA0gBgAAAXGoemZU4s0/8igpr\r\nDKHylchlcP55RiQxSSu48b9QTHb8bdVwXtiXZUzNCUFmmRyUJfJ6wSgu+DkGZ5Kw\r\nDLiUMSKNzs49VE/MIQDJVNCoY07Kez4P01mAtVH5o6Sln4aiUw0+I2blaksXLtWp\r\nNDRTVRNptSRWOW+8aDg7UsCMR80bBEZRxS8MWnAQYGoibWDFZjyJuAwZENElW4Fy\r\nInD0zYkaqIwFvWpKkBBAYEdMYSPkLJabBCRsYVMulGulLYJZKKMPfUiEuUkA11eb\r\nb3FWrRQeTJaQ6LQFGG0QxRTXZA5QlbTDHSTRgJ6IVSQ83dsqBNrDMmlOI8TS4U8L\r\nmMWfmIKtmpSsWXOaulukJcSKNDeyOUjTnWTlVUZc7zKF1Os6DlpzvrKWcNtD78ye\r\nFvnGpewDCU8ep6l5OHB1NEG7PI0SUZL9Zlen3baTWZDCnir47l9PRyx1YMn/43Bk\r\n7SsyCy9+zWAAAAADSAGAAAATyUkncR+IVqVPy7MMPg7jiT8gs3JY5b9U1WN0zyT0\r\nvmo5S9sPJSxOUR6DZJEnJbgoMrlK9LtFRTNW1woBd1/pNKJZO5x6vLn8fd3F2wDI\r\nJXJXdlFmbopiikkvib+stgecaOmY20fsam5yOUmlkxAjjUl2skkky1OPPAuvNhe2\r\nyfrDI0QCqbeiWxh66ZhIaTQgArgUOHKDIioLBkNB9RQhOKA8DQPFUOAyecLMDx1A\r\n0ygKUQzjBLIwPUFAaHkP0gdQpYoK2MpGQWl4azMbVU60XQo+Me6lxtPSwdeN4iF5\r\ngY97NDPrFxu8UsVwtIy3xUxUfMcT7xb8s1uK1TXUWNhWdaWdkmklHc1qck1B9WHR\r\n9MPHdio7xgVHusrtkxAhbTm1stt/6ngVmICckPgSD4laGFgkwZFRtdZobkRRnNCd\r\nAkIdtldUUNmURGYIGxLgMwIxPOZZNYhaOv/jQGTrFbnnQX/mIACAAANIAcAAAJIm\r\npl09OHyikHMgDNLpAiDYAkv0+U6B+lQxkW558OxeRO/lyS5ZZ8BJ5tlU66enaKLa\r\nds+03Nl/Jkd8zs5TPU+5i00avfWNt7n/913fHjPk5mcrz+/krv4fMTtq/rHz5YED\r\nJTEpoUzlS8Jyo8sT3HWRASFpuS3W23TLU4xAnfJpOFEBgWCt0Tq005Oc2TqYjV5p\r\nJXysjXRRUgXp4UTdeWxoR0pY5yUTYkKARkjOFiRA4aiF4kfmskogn6z/4zBk+BWR\r\n90F/JSZOgAADSAAAAAA2pGKAmMPp+WIjsqakhzchFpYP0lBDKELqKWT76gUWb3zj\r\n1imR/y7laqPWsycOswQXGom9twFkKJNHBqlGd75yapSOZk6btPa3sGHcZDdyXGJF\r\nmaNsoY+xKQqkBwLCyBhQcTMJ2qEelcMQE07JJbLLtrUb7U1EpiA2K1jbEWlhcUth\r\n85NyNV3/40Bk0hZJ7T9/MSOugAADSAAAAAB4qnOR3bIx4HT0TjJ0+cnNtg4kNVeR\r\nnLsCduNr2WUzT62dnjszV7Chw8p7Pq450Xc0za+1/l7c+y7b4aUs02zFbrdHm1cv\r\nuP1g+h++zuxTO0m+ZPVmu/Bm9165j+zLa3p743Xl7jt4IYJvtHc6ODv+lbc//O4c\r\nT7C+9H5cbeYhnXZZWvPOX+XG/UGaRKjJBcMS2OCWM0M2lUTc1bYZrHN/6svK10jh\r\nDI8MqotttbsjkdktCICMiBKozox5/+NAZNoYLglBf6ewAAAAA0gBQAAAgVWIUjfY\r\nBLYsmCRUA7fJOL4EhGTGTMbobWVUTNEEhAEqRPgGELIoqjIAOJRzBgLP2RqBJVMa\r\nTKVAmu3dlCuXrQnu0+ELUPUkluv1y3cVLLIGXK291uSCFv1uOerLSQAjZEWASFtH\r\ndZ9QwY0ttWHww/7fOXGY20lt3+oHBkNFVmJVJncj0DcgBjrlwHDSnnXceQbbK58a\r\nf2SsyjbSZ1wYQ/kBP5KZdQNzgWvPUMCStw33n2m1YPsuu47hvf/jcGTTKQYLMz/M\r\n5AAAAANIAYAAAKzN+HngqB35j0qluUQi0bgH6Z2K7r8kNBMQzNVJbDnZXPQ5EOTd\r\nmPXZXnBTzdhihrNeygeUTbEm7N07Lo9Rw3CYVMWZ6dryyXTtFSfK39ac21NAfYcj\r\ntJLqCI/nY1Us0k01xYZp9uxLNQ/1/of+O2IlvcspL9UYMFQUZzNuNxtONGf//3rs\r\no6+zFnIQBHchljBAeTAAwIIGDAoM7nEImFLg0FDdo1dVIaINU86xAC0w4hAQHQw3\r\nZliGFRxS2iaKVEBMQa2667H3XBE0a2moON1Ww40HMVQmpDtOU3Z7Dqz1ktnYrEGg\r\nMBirSGlvnadOah6geRmz5QO6jOWFsijbktnXUjq1tYj8u5H9V2Hwy6zgM8g+A3wi\r\nsdZU1x+YZws24gwZ8IHalHmULsdpQSZasu911+RuGG3tLSeSDJU/znT8nlFyAWqU\r\nsim4rDznzztQOw6miEHPdGZf/+NwZOIpSgsxfs1kAAAAA0gBgAAAE4lX7emm/oas\r\n4yS3amJM70CPXQ2eQt/XOuxGNOnBdZrMnuPg8bmuBFohQye49bxwfOR+Lv+/NR/K\r\nWNyGrLMrFPBLX4amZixN7pllN01unvUkhpblM7mqeNZUNFSRaX50kkuROMzFW3UV\r\n+A/YTpn4FCNI8KkgoYwoTgkBQxRsYw4QKukEFpdOIXUT4SOKIhQqKKmTdlOAyilo\r\nsdaLSWFJHsTWoPBQ4iAQsYqhTCZWiiXWgi6/bFV4qicJ9GfJdPw7S20fXJXKo0hZ\r\nLlctuw92ZQhAng3RUr5SiSxZoCgTyWnPclnLcW78vxKAlbH4p3+eWA3SfBD1PjrE\r\n3VXZCkVVMWQNRYGoPFWs1HzeV+m5LupXzvOrHXmfmNwxJ4Ag9QFfkHNGbZ1HUjcl\r\nryR9F/0zywlejDJHUguAIi9ODYYHZ005ucP5yy1KncjEahuWwFFo471C50fdyej/\r\n42Bk7yi2CyAAzOAAAAADSAGAAADnKR3VO30ZVBshgCSPCyu27kjhUsv1YzRw1JZZ\r\nDUATEAO8+zXnZmYtetufEKTDcNP/FpLDcVk07k6Mspa2clmohE5O1iTWY1DjsTV+\r\nMzr6x90aSNRWlrJNwqBNhopSJyNtRppoq68V1ZHwOZlQvyHNqYECqwYGYMt4RlPc\r\nUNJykSy+44UEJYat1NBmUAJUMNFAJgs3hqRrRSndpyn7c9jqWbMXqT5n2PtkWsFQ\r\noOrMIDS9IhnbPmSqOr+dyGHXfx+nbhmTpfueras1rkhTaQ0lkabdSJcJ63LiaUzW\r\nM9us8rkw5AUom9taa8zNgS5mWufJ4g1KhYk71dkNFMSytBrMYYd/GMtZag7jU49J\r\nHtc91ovHZQ4S6soLlEdanBTbv6y3KUym/+NwZM0pWgctL8zgAIAAA0gBgAAAB7km\r\nndwdEH7yiLWL+5qBJTE2u01A9bwQmH5yIx6G38jMNU1bOKuDAk4+0ZlcqjE441JR\r\nQ1jSztDeklSMvbV32A6FsPXIUEcNqTbyqcdyA3np7DwvhF2BMxYYxFSpGdYdJlcy\r\nmTU3JfV1X2u51astmbbpQ1biT2R286teJTyWlhEkbNxNX/2wxQ3bxcKg7dJg8np2\r\ntUMo3kN4wTNLomXil8vJWRaCR8bEiAGwTEqQBwZIUSI8RZpdAiLqWgQwhFgcfNeE\r\nEeTak6METFl+xOC6Mwqa5KvGE6nP3BO90ePnVCZZTXWv1IpXcIMXJhaDEWpxtEuc\r\ntHviitFjn1FrdzxjUIz31G8hFTYSYy6ydz7SVwl538xS0qyo38+e/Hevny8Ze3K9\r\nIosQR0z+uVvMfBZsYhiapRIEiaUUjciXTDeqd9QvE8qRoenIfA2KsZfQGVy46Y4n\r\n0cUvlWr/40Bk2hZx8ztu5iQAAAADSAHAAADmSc01+sTC1hZY9RnKzV5d7lDfDARO\r\nIQZ8IAR5GUC8t/pqr3zqZR/deSVe9NN60gZi+agTc3EFBJhLXNXHMQgqsnV0YqNm\r\nFZ/ETmXz3f67oRAOfVTt46DRDQ9eoND757zz5yX1+zT+1chCu5kgyOjEYcpyBbGO\r\nLa5VtgEikTbcicktUdiqNMEGMIiQIpOIDDBMThhrCQVrkqC8IHsrLR0lwnPqoINq\r\nIm4sLI5wimHyUogYIldSLCOlmQBq/+NAZOETxeE9fzDCvIAAA0gAAAAAFGBW5NJt\r\nSKcmERttE3Fq32zORjwyoV5OdFXwx5xxcu0gXbORRxcYk0jaQMQEeso00DeIRIm2\r\nXbSduQZ2LZHNspFMViMUiNuDQhRnIvYjFhjEeTRr2uztRvKyv9QZ2yqptdrz54rt\r\nmtMlLyqc5MllqcaRpBTONDgAkoXVxRBDkbjdjbkn1BG0oHCYnVJREDQdamjJgmVE\r\nMG0DINp2IVuJaiSKRxYifJC0iTm5aSFMygTUVcu+R9dlZZVVVv/jQGT9F4nnPX8l\r\nJq6AAANIAAAAAFdMZtIqWdNNk/Rx25ebGomo9wCk83T5c3sPTxA41EYUSGzLTwq2\r\nk4kEYmaPAxtfKiVKiT+dIwwphSAyWqCMYwwotk4xzWRSKSorqZEbNbfXMiqMeCDD\r\nlHViOD01GXH3vRLd0qYBIW1ZZZG3LONYeZA8kHoqHI9a+SFjh6PkRlAJBPO2G5Vx\r\nsLGRuenBKyYFnNrT9o4fKjy09JCs/PCoWcZMUUbVbnrGrT8xaauiciLLh8b65WrB\r\nzW/vz0P/4zBk+xRV5z9/JMPSgAADSAAAAAAfRtKSxyUIDc8E4gO4aJUQaO0ImEmt\r\nEIih84cBI7ji0zVx1bTmkQq9EIk5zv0z4R6JyaVkp7yoWaane+QSEivSYyW1k0uC\r\nQhhTU7JxKWd5crYCEm3bJbHLd2JOjilkshc0dMJRMEgWOII9IB0cOGL70ThhR/BJ\r\nEpYSDgVKXyedj60bCFclqWn/40Bk3xT58T1/MGbogAADSAAAAABnGzpqKpsVr9Jm\r\nSCEXBCuuwgUkipUWqeBTqRMNxYOaRXN4QVMHYpI+jia3j9P7VPKM1vT13k0tnUrs\r\nm/cjM4dvy25laxOmOXShhdwg0wkQzth8IEiqIMkXBHoLcvxWsmnV2aup+nKUWSBU\r\nrbFPyBFzjYecdI/E71zMxBza0rh7AXW1ISE25I22nNYhekNugm6cLJJFVjKW9ggO\r\n3j5UCRh0BWk/TBfsfL3HoLEtspJFK1IlHw/OWmFjaJDa/+NAZPIW7f8/fzEmpIAA\r\nA0gAAAAAdOTpY0ZkU6Lq90JTMqH4/AEORe8cj0JZ8d0YltowfQm+dcvrebW6/PTO\r\nWKRjNbrqN63WCGHJL8xF5sHmqbOzwW173j7XP/tqITranc5lwrNIRTFNjX/9yuWa\r\n5rz4TtP69HpwUiVvyHaWNXT2QJLXQIjaC4qTMz4xCVxpTVoEShCFqDkStEEQa6SR\r\ntN3b3mBkvBePi9vkx2tJREjUNW1WIpOhPUSaEmSQMEpM20JULEMSNMENPaiJ1aNT\r\nLv/jQGT1F7XzO289hn6AAANIAAAAAGhE0fcKixtUykQjqJ7RUQR688NRWko0lbhd\r\nKqgrpp7TkneqjjptNZKTcIoLLzlK7Sg5u2m4wyKV+/HY1fzdhX2X9RdXuk7fmV4J\r\nfPBJDBWbVrx9wlKvVZa9rG26yVyh8rYb8z3U/VSxN1w9Zu7GeY6UFfCEZO8P//8g\r\nzZOUCEBWCDB0BrPBsNDoNBrjWKrDo+YJQSiTCOjACgQ5M7gDQ4jfGqFmlQhYIAAI\r\no1OIIZMZEKhYghUyNkHMigH/40Bk8hY2Cz1vpiQAAAADSAFAAAArzzp9vYqRIRyE\r\nMIdRsUxKo4mALmUYjLVZfAxABRGVQSUXKoeXsZKKB1fsVgF919uMje/bFmCR5YRI\r\n9LpLtBYHABYZSTsacuHrS7b81AMdgJc1ZStda3kVI63ik3PafHnEk0AMIbhPNlY3\r\n8MUkHTU7OMWemQvey1CerPGFySuHZfCLLz1bUzNw00mzah+C6K1EojajLvxiMPyo\r\n6yaWw0io9DbsHVe3kt7ehFm37sx6GJyA7MVllajvv3O0/+NgZPsqfgs3j81oEAAA\r\nA0gBgAAA0dmZmdlfMZVOMsVUeN2ZFDkANIlznv9CW1cB93/jNaepo+5MPRanu0tP\r\n2kt2vp8pHNZ8kF2dmO8ksugKkjt+W2saqn3emnIoHGemlsxiQuS0iRwuTXZmXUJK\r\nMVIEOt2K3SzZyuWSx2+mVGYC+VqpAkIITRsSLNkNwEAUrOmtaOOJDGAEexlQs0Wg\r\n5aOQllOSIgI4O6zoGGAL0YHGiJf+y4lhTVZUVTtQSKwvCjYJBjqmisdC/LXHWQzR\r\nsbkgPRoUVMDWJQA7rgcS0sJ5bVC+alCgSdK9Gir4Yg9LkuPFbN933v7EIRDj8P2o\r\ns/7M7NNBDhR1+3oeiUw27cUaq6T8Slqqm77KZtfn4ZgN/YlDUaclcrTXilTjU7Xm\r\n3vOg2GXwxKJBBP/jcGTLKQ4LNX/NYAAAAANIAYAAAE1Yjr6P9NVncyhiFLEe2PuC\r\n9LLoCYdKZSynk8zqWstd16IEtSCik/xTdPJOx2Q0sMPPL5DB0ijcORRy4bhuMSyE\r\nUcqfb5TDtM/0eu4zs92XU9Si1ytDD317cSsQZHtyO9F5ufn6OmlkusRe2ySih2Qy\r\nzlNqVyZ/bL/0/2MLtYaGEUE22tIpRU0kk1JZssrilM+KOxgcn6bBBhCJfFrSAUfF\r\nIiQ4Q4iV9kQCDBtGLEMbgyp00xCEAojTCdhobRTOVHUy/5QwAqo+UJLHsJorOlKx\r\nH/kaiqWzdVjrhAAkLUoXzKGlr6dp5nMgCGmQSxRyvF4u6aD6dcCS9WN2GYs/zhUj\r\nc22/sERAIAUEb2KWo5Zl9Iyl3EinVgSPQ5Drpyn8W6wuUNygiDZ9nsNSaBH6Wg8j\r\npWYmymPyuVuVJX9fZqUANgbZ+2sQq2115IEygRvHLdNvXZrSWmh+/+NwZNopHgsx\r\ne8zkAAAAA0gBgAAAUTDMHe4w2klkuf6rTyynjNJhTtTlk68tJLIzHZrsO4yvsJex\r\n711w2+k5Isr3wNnP1q8BxlyXBitJIozX+F9ldJff6I3n5k0JuW4RhNSCM3aty7Zs\r\nyGRUs7ddyRPVCZRJY9ZZ1Ry2GIxPQZWrVrlMmqR7RYSFalZzmNqLDpMLqmC7swjP\r\n10BCGspL6GNgJkFsauJhUeMQBnKEYCY+GmSnN0ZPER55BFuRgg9Ci2Jp/oFJwLKS\r\nuM0MvAZ6IkYdrpqjkyyhAyGZYLnEITP12oOAZOCgqDD6PbcnHL2JIsLflAgZgRYK\r\nf5baGgQGbMRhCSeKN3hSaZesxQ17tMUDt2H3NcODoBciN0sDlCSm7kTs5fjcTt3r\r\nsraw8DPEAdWVt5DTkKMyuVJQUEtsy2D4u26tjKYu4qVj1udDzwVZbC77D2TsZVwv\r\nSAFfxeFo0Q68ifZeROmJPq4z/wP/43Bk6St6CUuPzeSAAAADSAGAAAA4tOyy/NP/\r\nA5aRYkibx96Oefiit55YS5qSVqPqUrKGS1nil+F795OXEFLYm/rFJDK9Y595+sb+\r\ncowtxN11cLodR343bZJLJyf5vus6aPTa7WgwE90sfWMPDTvpK5/HCvlep78Zd+ff\r\nJ35fFY3D7qu/Pupu54mGzm1LhAiliNso9hbEkxwUCzERlN5I0xiThEbDkBsNrskw\r\nGcjBIdJQWYqGxk8GA4KoAwuHFBwEBXPYaGE8ySWjhAJMeRCg4ZMkCwkxasbGVnhQ\r\n5TFYymhgxnSKNZsFRtKpA8SotDYNLXepTC1XqrP68824MEv+/cOMXpIFlq5nCHQE\r\ntExYGsO/UjDLHfn5Y8E45FLTwfNyqMw3NtwYg8+pqGIctZQHA9SVvy49p+YDtu32\r\npMyyUy6W2nAsWI3L78kjkpnrFu9/eU9Je7hYqSykwn6TDK3nbjcxIKeYqzEAPzD7\r\n9//jYGTlJoYLVX/uZAAAAANIAcAAABNGxhzQMVdsPWFVdeqwRTSGW9lF7KNUn1b+\r\nsO95nlrX/vf65+9//6xp8P/HG3SYWO2M6+f51OalEOUt2nsVJBdpIfmpq7NVu5Tn\r\n390Fej1V9gAAIBWNy7l9BE1KzLpUkNwMISEzmUIaDBU1Y1uZkDPH4f9vIH43YVPv\r\nHLitng5eLi8uGInq1C05Wh4XLGGvkpIT3R9IoUSHqlwrLzMdAtEUtmJZEo5pjyV7\r\nWUTdVUs8G1NTQIGmkKrjCoIlVDNClCRCAnIyAmVAyckKcIQyzaGSxO7wm0kuSNaG\r\nnAizaJOC085xozTY6KgBDZ4DSIUuAMQipUlalj1ftT28r+X////v//3cfnzWVEn1\r\nLY1KjMc6JDmoZNQq4192kTU8yU5dDW+Ovej/41Bk1BpaC1dSYYl6AAADSAAAAAAA\r\nA1Iki4mr/8T9XnE57CeElgqIhKCp+00dJwvOjse0r52X47vWgh9dybzW7evxJD6s\r\nZkzSq+jUd4E61csZZdWuE2Q1uTy3aRpeP7xKXFWha+ohSjot5Wxo+GLw5iTRCIih\r\noqonFrN3IeyeryDVilLjJ4Ku47bqWHiMOIEWyRXehIDYFZyGCMMJOGUlLcStf///\r\n/xERVxFxK0Kio5qh4p48ko5xYekRzopSrukRxa3ZqMYq0wIlbkTKhbn03YmT85pA\r\nIT58Sg6PnzgvLaGxyepcW3HgRjpbWYnYHX46wKnz5jYLLlBfSoK2DSSdd1tWu5H/\r\n40Bk8RZGC2F/MejAAAADSAAAAACfNFaEuCYmYPJ+rkNoJsxqe/ZbTfIibLnGOe/l\r\nyVWu2CziyizaDXDwlfIySPXhHNn+shuUqQ7S9xghtdKTBCe0PEL11iHEiiwWrhwZ\r\nLqYHUnQ1t2y//+tRa1aPaLDzYwfRJqi6UZCDaQeIJkEhFJhzpst9Wyq1jK+BxKDa\r\n1UICrkTKhYttbNuNsLITwT9yY8tc0ZtQl9CfXaoUBMvITVHafDfnh0mWrTI/eNYP\r\nP6X1CJRHPIbHV+caXXZW/+NAZPkXMgtZfzEo1gAAA0gAAAAAtzS11kkIEjlE27Ct\r\neasti9VF9vnLbNHlsG2tb9rue3q2JauajhjqVXH9WrENKiou2Ki6y3Ey6YqzTM89\r\nce15VqK8yJo7FXB4QAVkiE1HWZbUl4wriNm/n+kuv/f4ld2x1uOYlYoWKZzBqDh0\r\nsqNMo0xsb32imuYgA1I2yoWrb11kzUvBUPaaO61OSQ9HE9XdCtTI4UqlkuRWOmIH\r\nDqFy9XTw4bbVQ1RahcsVWbbWntkNXl5hKhAAYAhgwf/jMGT6Fpn7UX89iI6AAANI\r\nAAAAABsNxyt+ppGsT2t2tnS2xh9ryjKKHUhNKTB18VoyS6rD0kT79xQXlWrd7PUN\r\n5V3rUlmsl6nXQXOKFswJhUVFKGVEVTjqySOPm/XVd56x8r597ZWzlLqm83y5r67k\r\n3WSRQx3RjfXeYU0W6jtdG2dQ6scQE24nDiKk7oGGXkjZwYtKdYKQgmjbh//jQGTM\r\nFnILSX8xJq4AAANIAAAAAPVEsfYJq0lDsDVxKIy33TVpefDIdWnB5KWsrbXUpKvP\r\nQuxCoSzIZeUAMUOCIVBdVw6nWMgfErxw/NI63aW25o8WIMVmkXawsJBEY81Gjd4K\r\nPm6WBjt9dwjXrcXNOMLYl5LKqg+gWNHB2PXQtPhv/m///je0qb+bq3yKa5HGW92v\r\ndKNx0qBkh6ivmFJOl5ZC6w95xdXHIQFmqUy1JKxaw+ySGQDxTIlFTSMCj8FjjKAV\r\nkp0tIQhU0kyVFJ7/40Bk0xVmC0F7MQa+AAADSAAAAAAgcyuVEJ1RDa4oewBNidAg\r\nOgcvJ/U1nHJojqpOCxUwuiXYxJfY2mhjLfOvdJp2m/89LmDcaDcslxppZQqBEToN\r\nOKQUDmaHOKvPbpr/efYy71m4YPactSFIFBUGoPmsIIfB88yNLFnOFZgbHsyvqYhH\r\nwiKsFfY8zNMuiaZEFrLB+CszDAtpRwmykONvxqqmERGlWVAk5OnMbrVgcDM8gLBX\r\nKpGTuTjjy/D1ppM/d1ZROYuUhSFx2OE+MzaH/+NAZOIWZes/byUD5oAAA0gAAAAA\r\nmj88NS0cVgc+970XO1vrVlh2YjUsghfR4vlnqBJjVlnsl1bkUBs/+v0rNONykLL2\r\nunRfOKa3W7emMmWKbXbYmZaPpjPy82zwNBijtIUskaesVCFlKQ3szz8rD27Z3RGP\r\nOs2xIaOUKOapm6lfBoSECqg1G1EKlzgrdY0CS8UgEtr/1Fy11L+rXimWCQdThZkD\r\nrCCanq1i+tnK8flp3A+uKb9nTwvpieSKqkBfezBUK61GbfHdmpl7LCx11//jQGTp\r\nFT4HPW8ww9iAAANIAAAAAF71QmoJ+bqLMucjoiq4zNMl0JDrBhvj67GRC0CkuFOy\r\nLiqJkDPt61m5V53yqlTbVb999tyZo65yVNV4USNAnDYnH95VMxebX3H+/tT59fu+\r\nNzuhtGtvyc35hxXeWt7NopAtDCKKFI10tZG7IAbVhLV0VC1JZncTOkspgtipKgWN\r\nCNy05gVMuNv3SuL6mMDp776xTNBDDMSYQgPhIUQY5ce6zWvqDc1cipKuyiACKJha\r\ne5jMP6LJIpoECU3/4zBk+hV99z1rMGbQgAADSAAAAADpslY69H9zI9avp4S4kmSs\r\nnpFFnYSvlaOk8blhdbX5TW2zvan9fc791Fhu0Uen3QMkLDaNw7hoii5bJ35Sl8jK\r\nVO/k71tXOf7uvta3YiZ6V8aC0NPmpq55xoYkS20Wo4JNNtz6p6W1pjAChRccbbks\r\ny3ROGqAKh9Q0NkwUrCUTTA4XL41jy4//40Bk1RaWCzcfMSauAAADSAAAAABhVIfx\r\nPPn9LrMgudSXykzdcqPTRCLZi0Y3aPVutxfimCJlclPyquM/rRAhbbP/Z+a51xrP\r\nkV04pkzdL1ohjEZLRQUaspaUrJNdTDzBe5y2xo2ku7Mk27W+MzvvNw7B1SkburJJ\r\nQ+l3Ez5iNz2zN7w5HGZ/dDUub08xUMlXIYMJaqCCVAk3L54Y5sjVtkAikVuu1++8\r\nyznHS46Q1T+DqsXnxxZDJDqdFWW1DzzdcdJx2OqT8W6eFNpQZXqa/+NAZNsVUd85\r\nfzDD2IAAA0gAAAAAtCmA+H08+BY+7SBIY4Ut1dZKQrIhhtRcuqwmmgehL5To5UT2\r\n1r19zJM5B8Om7fqd0uhJWxZclKDCBuKsEm8XYSmtsqtO0ObbI5ZjRExVpl8rUkqj\r\ndq8TlLDtp8mWp2jYr2V8ip3+Nvd2f3drouGNrDO2EWwooWtjLPQ6jpr4f3fC6gba\r\ntyAQ6uW2WxzpZwSLnQ9hwOqE3c5jMCs2eCZwLoG8DzLBNEsRSghkukxieiUFyYgQ\r\nyZMhtkTTUf/jQGTrFnX/P38xJsaAAANIAAAAAB04uqNLLtGmOJShOybZVg9NGUSQ\r\nDI2yjGOBmYyk3AiJ+SbVs2FdBCmsg9ol6i2mYB00tVdJ141Q4FLXqU7p551vjmJ2\r\n1ySO0sutzvuczcztFM2fH+5LeO3xjd8teW3Zt/+zDN/OW2PpCBMExz4eaM53m2hl\r\n5H70baYQQy0pZJbbNPP0O6uvl+ePhDHfgxHRChhS6U7GYkoXx2V3iejq1H9iuVi8\r\nVwLUuZLnVa9DjuYLjlqE0eO491XY4uX/40Bk8hXV+TlvMSZegAADSAAAAABREJK5\r\nRByWn0xqEdO+niodkE9LLIlFHyUKvxik03wsp9OV42ZcrPTmbZ5vZjTNe08lZdI/\r\n56Tu815Kdisc+4vUbhrxHHvN7WQ+62tvx2+60NHt3MbNbdXFbFnPCcGSZE9JlZ4V\r\nJGFGU0VJYpDbzwSxtDAm++S23WXXg4eyUm03tu2JvRALYcAYLBiO21cVQo3sZt7/\r\nbcqlqLWI/vAfwFQyz+A5sTw/7x5HrBNCaYm8Rf3kJvhiixOBAeQl/+MwZP4WWgs5\r\nfzDJzAAAA0gAAAAAMiPc/Lw4gl+jJu+jVQ5Q+s1z/GpmqjD4bbiPT+DQ/Q0t6M8b\r\n4SQUokR1jjYG7o+TkStEJ4aURwrNI85HIm48FxGbdLjepoL2I8v9yj3h8xniG6WM\r\n+tQ2nFlaKyYRuCwpUKPeTQhFSJAFUcxxpxED1luONxzvr6gdlTrhUPDWhHcShBFA\r\nGkUp/+NAZNIW2fM7bzzJzIAAA0gAAAAAs6JEEk0KwhNLOkQoWj00Sa4pqPJA20eJ\r\nj5Mt5lhzqAYCWeB8wgQTZFAYpOj5LWYeT32g9TqK5RtaSak7yYKJvybVfItu9M2c\r\nZ0tOxirzS38G77Qp93KrvpFsp187MzoE730n3fWTw/Nu3hojpGPW92zNz/9oKdq2\r\nqdmbVsQLWVmRmASx0CXvJRWyPS6r+Htrpxig2q47bZK7/93i9lYCwqZVYd85T2I6\r\nDGS7Gf9oSfVY+FQRB0oTzxGDfv/jQGTWFYH/NW8xJlqAAANIAAAAAGiaRkIeJh2A\r\nnXGQ+wfYQoWkOkgnIiqRQlUyL10SgUVLa2pJaSEys2XH20Ellk1Vp4jgrQzt+TKO\r\nrQsWYhDbzNlW3kQ4tmjA238iPMdSb804uMuE2Lp6Od4ci8IH49VDH16JRVkT2OPb\r\nKZ/6Z6b7+z+3f1kfHrb5W/Y+ktsiRRRwD9oWR1PLNpgrQrUAIW1K5JK45rse4K5g\r\n+M0K1+nGSOtsChRMRkbl+r1qb9PKyNkWCWZasUGqyZRYSTn/40Bk5RZ17zcvPSZ+\r\ngAADSAAAAACm/L+8eJELc0aOZwwmGyJAtEwQKXTmRG8Lok20aNgkYXySOiQMPxee\r\nvqNyXUbWTnAqtB9r4bWJI2rM+QISdZG8Ntl2hR3qFEyg4XpkPI4ASV3EO3Agh6Li\r\nWhxZkToYccAQxZuIouI+IDgCRKBgZoW1eE9OCEfls1eLTRz8yxYWUKwHRQQy5JXl\r\npUIFcbctkcl3SzVlQhlISFVliFGuHsBHqIFq2pHlQkddT08sNolh3kSoyL/HxtVD\r\nOoVx/+NAZOwXFdM5fz0jqoAAA0gAAAAAEWwwoZJs+iP3SSTCxiw8gfQSIzJk0wQ1\r\nMKyNdViOzwQSznIokLSs03IhNio0vBrNTo43yF3Hb6x3a+lVzB5pTJHvmpYYo3uX\r\nORVSaVq8Mspy0TUYlCnq8UkyZSnV5spGUSGR7qyJiENyxJPnJkJKdFSsFUSwWkwY\r\nfIJ7sdD6WcViBI43LfrbtOwyy8dCEFQD0xW+AsCOTlRHUojJWPftYPAQ2Tq6MPMV\r\nTJGZbbvCy2dpXDtLSx/8fnh4gP/jQGTuFjnrPX8ww9iAAANIAAAAAMsZy2F27rVv\r\njxdb3X2718ppqQRsRnvLYYFV1kG1hAkF+2ThCbcuaEu+Y2/cQrbuth4ubOw+CiYG\r\nuDt7xrPOtplGygXIZBreUnRyb7UVuZHqfrz2hJcU3VYMGwQIy0uMCYFNoeUGh8j6\r\nAp0uhyPrtVSqpQETUpSSSOX3m8VRUeHsHUhaJkUx4qhUollit8GOdj9WPIB5waR1\r\nGfniKxtc+mKYZxFxiNXepSOSI9ChRHxIUnlUapI8jszChLD/4zBk9xWF5z9/MMPm\r\ngAADSAAAAAD5fGopGrIryTEu1Q/Y4lLYKtaWEJxp3l7DvLK5ZhejbjPDzmVcSRYo\r\nZfx1llYsx6H1tneSMA3ooWlMsgKJMDb2F8+ZggZfqlfl6lTvYQBOkbE/Ch7XqHDW\r\nuEIlbUy2BleihAk6dIJ+jdhhz2GIWgiOJAkVoZFYmKQVxgAScbjtus29ctYufDX/\r\n41Bk0RhOBzlvPYOegAADSAAAAABgW2QyycQEQe6x3oXffPDMSSyaAo9sGGElz6JR\r\nRI6y3MiYQMoSstXLH4iQwLouikKmzKlkpBGDsWNqtSSlNNKa9SZ7NaqqlTUBAqye\r\ncxeldYIoObEhtlxMo1DLZ8eS5mszPhy1VuIkEoZpdndmdo+fDyiSFyYTnHfe0flx\r\nfysRlJvbx3xnNxv2i4yaYp3WQK3I9+EDdAT3PuNO8nbCQGKRMRUipAETkbilskt/\r\n9dEUmwyBYWXIxUHgJHyKpjsiQgTa1xhZcQokhHounAQmHWHhLFQhlBJqOTnJdGJi\r\nxXEVso0FWHEatSWopjgUcZLOWWX/4zBk/hYV8z9/MSZ+gAADSAAAAADJToHkKpZN\r\nbZLyhFnvTlNTtR9xe487/qzHjFYH1PFmiMijMRMK9FJrqti/ncxaB1YJu9DKyg0I\r\n+PHMzSmtYmzze61iyWdZZUc8M0pKgcUYh3lCEOIBnCaGKzmlR6QRAurbkklu7W/o\r\nX4F5XHA5PoiOW4QrJY8aP46NLKQNpym6+VavtIVOQeX/40Bk1BUd+zt/JMPIgAAD\r\nSAAAAADFkzKhVPne6BjC+iXPOrUB1lOsdqzlsuRHUWBO8nAZevAjJLe178SxPIZL\r\nOOS9Vk0kXvt94yAysw5ZOOJqkIlMmlVMruEMaGTKTEtljiUdVCvRIkmeLXV8tHvH\r\nuP7SI21Y6ZWAHF2IORx5vsIB2ggccEZhgkuDJGTshiqVIANVyW/W3bTMNIE7hd1Z\r\nCuJ0aQM1iyKApWskMR8jspKvstLF7Ro0XveTUqfNvWscnQ5lUyTfGdUOHlapespn\r\n/+NAZOYUpe85bzDDxIAAA0gAAAAAROpZPGTt9xdi0uK6otgoop4S5iB5pEVONME6\r\nMRTO+UhmVmVZY3SdQ5QxSuh25hf1M3euYYJef05niFO4OjsMpFzQzG6qI+WXCIMf\r\nE1WszCMN2Hx6ZvqD0pDlbx27yj9iB422AgNtKR2O27ZaOJZWqLjo+Ac68gAIyJ0I\r\nrV6FVwWbs0Otrnl4j5hJjjoUBgSsOSmsNCQNizyyRg9OC4PdpKE0RBLSxTY7AkWm\r\npFQCijzci4I7JeulAlVMXv/jMGT7FEHTPX8ww9KAAANIAAAAANqytr4dsPLMgFII\r\n00EKT1lUfQ+lIEbf3Ll0RAiXlaNBt9M5x15cRJ5xbO9dpfH8wnLz67TeIEcJ5TW9\r\nxWMwlFG0yfz0YcrtKcsyBpewjeWiQhWiNZO0hscwEW1HZbtbvrLsUic/U/XMInjx\r\nEWIoR8pReo0eXXrvX5KiJrdVr8BgiQ6pDVZAhv/jQGTgFfn7N38kw9qAAANIAAAA\r\nAMDIr0LNjD1yOl4KpxqWGAYWLLwhdmsYIJxRURIGeiixlpG/kHPKKSNEumSEhUBZ\r\nmDzec+TbLQpuapFGSiCBnhexu2nBSAiI7QXbFbvyjIgidEGYZK5qvRqUBzfZtTpi\r\ngaWDAgWeGWDIVV3NWw1SavhY78d8RKuwbk5ldcaVIRGClOSSOS9MG8Q4EIin5oSS\r\ncaj8dvJzOjJapZbAdHgRqFDJ/G43+nZpQgn4/Ekj6nscPpRAdfXurTmCEfD/40Bk\r\n6xWB8zt/MMO6gAADSAAAAADpurr5iuastgrdJBq8ub961jg5RnQNY1j87AhNtNRb\r\ne021lY73NnqwOb32QaK4SOrqhj049UoYf1bb/c0Nkq54nsrs2ChHsT4hhwcsQsV2\r\nKK7ujuuypCO82fTOssy8VWUOykvUBhzDwfzObwPXN6Tg6sLqlRAS5pyWSy39bVFG\r\nWHlGFwCKHiMDgJBpN7iFiwfYhyufIlWUyUzFNMwKjRFGYoEpphrMWGKLkoYlbclS\r\nxZESpsWRPUn5dLS5/+MwZPoWKgM3fzED9IAAA0gAAAAASoHJhgDz1XzbLSaj4Wc3\r\nydcu57Parh+1EcpN9zaIO9XqyyF6UfTxKMrSwwrtGTOnGsRlEIyUFDTTKjnPmsMs\r\n2JRhaxWEOwKnY2TT4mfM4QQQKKInXJfoc5f+S6cgM7+rtltumdfaCZ9jE7ReBcBx\r\nVTLi4iowsNQRDjTaNd51GgQRE6RZqYrJ/+NAZM8UXds5byTDyIAAA0gAAAAAoQPI\r\n+FUD0gP1uDIxG/NO9StWuDTUxKjnJAZNskSBubXXS1g7OZI25nqIrmIKlTqakXEM\r\nFjUWEQG9zWtoEzIodgcMCKoKoNAF2CqTADmMOIGZ+BzQGp+lzCZQyQo4ovz4URDP\r\njGiAqOlMRaZHGSLuOQM96jqHdMPJBb0KlCATjrsut220y3Mobb5VY0qH5w4hjUFJ\r\n4UmyIufdOHS0IK879UscYcWXfW3agH1Q4YJDu9IFCtCoydOEVOpe9f/jQGTnFM33\r\nO28xI24AAANIAAAAAItcSMkt1aeOuL0BcVTnH8dXKHEWMYonV0mlk0cv0vU3iKr4\r\nlYXp6ZNJep6TrBKRi9XvbWIM0uDInUUCUXh5evh/LWlTpESIDToSXZHo5iwrMy9L\r\noLQUhZ4SoOhoktgReZG2lns3NJFh1fBTDL3GVfiCS3E3JLZZMw/c9mGFWtHYGJ+T\r\nyxnwtrKiWpP17BCEgsGrgjByFiQdx1dcvdmGxzz4ekbVi596vHyEjpQpYdq42f6V\r\ng6eSTMPGAcL/4zBk+xXF9zt/MMPWgAADSAAAAABTjhpEEToOgo4xl1UrLW56Vp7K\r\nKnMUhBBBYstK5zLk1+/oSfDkFt8GmDkuleK8jLMpHigqYiKBty5EVFJEeRkC9tzV\r\njdr7HYee1DIKVLlEJYPmkDb7fSalIBGQooI/OLcJryX1jfD34eM/t1kNZ5Xm/iq3\r\nIAFqJOWRty9JdQF609YaMClj7pL/40Bk0xel8zcvMMnGgAADSAAAAABFr58Y8ofh\r\nUnJgWoBxOh4L5j1TrWVtTlmHYy5Fr7suHiKFh55hdXW1RwXsUqFwkicdcTVCxo1d\r\nb9YujSQfmCeN4OoaYY0FXgxE9n2LDCWTTsmubMVN6cV9Lex0YGQDqvuiAsyqxHRt\r\n4xALOwNTvDNMl0OblmxxSbOIHLjMIMRDBVWQzQnUlJzC6CIQs0TpUESowptwQuui\r\nxyBDhDVLbdrt6U1FlhytONxHA/VWp3Tchh+DVeqKNaBFZdJn/+NAZNAVegM3fzDD\r\n0oAAA0gAAAAASQyEY4QEDUD0zkBcp1VFYxPtoJiy1qYkTj5kq+oQWFV3JZOOtL20\r\n+NJ9tKKpLq/c59sIYajnrkMllYw18Xs67FLSMy2qTS6Keby1qT/qs86hcNyefPU8\r\ndlXH/YeqrOw+a84SjVY1sFcv9msrJ+P8K837C8yFzyFx95uV5VsNrGa88jTHqdZH\r\ny2ti4dX+3CONIuVOwyKJxGJ2N6hkTQEJnBYEtkZGAZROSEZCUATSmTOFQ52lAACQ\r\nEFpwqP/jQGTfFe4FPY+npACAAANIAUAAAJl6CY7B2Boap6QAyaEZpIMRIltyiLMS\r\n8yYqagXGgkb9z3OZfDbmL4UxaQVQNLU1L2v1cUhPKxIdkezC9FoCEW4munEupYoQ\r\nB+3AaBx5WaO6jm1lcxcxU4KCXiTojyw7P2lX3/dFl6fq/njaC8jkqeau/lBImIQh\r\nr7T49PtBTVXE3SNrEcdpbj1WVRyPtRf54qeRto0904YVPBiMioFM28fhw0gJiwgA\r\nks1KmVNekTzxZmz0OFDMbgF56XH/43Bk6iuCCykvzWAAAAADSAGAAADCagd0JA02\r\nNwVBcuUAVxKJprD1O60N/4KiKajS/jTWXGae6TEokzKUwXauMCiNK/zTW7wVWtyi\r\nYe6ioZZbjFWzF84lYnpY6FuISWTUtluEQaQxeKO3L4o/bcYs8kJubdiq8EGQQ6Ee\r\niUy8M64cWsyySx+JpDRES2a2NRppNNgxKNx6diSW2IjiS/TjSFVjhAVTQYUNFQG4\r\nGKcnmzmDCUdTdhrisSR4XS9jIWfF7k41g4Lag3VNyGkHIs4CGiaZiANJbvTQAhC7\r\nUNSEtAvwoHRfN2U0F0YlySnMBAgJpmMNNkkaiDqvPLlVnJaJAzRC2BZZxW6MGduU\r\nP+ytyHJgmC4agBeKPq31JJwFm2GphwwllQ0jUmDQO46wzAofd5/aJp7VVky9dTG4\r\nwwxIh33cjD5Q06SD4GEW/Yv1rEW+TvdK23n3KgnCDYk7szAb0tFcyAcEt1Y0T0Lg\r\nEv/jcGTmKzoLN3/M5AAAAANIAYAAAIJBvM/jbwHdiLtW1uLWZa9sBwPGoBgBu0Ss\r\nvNBUsuQE5TkxeQ6p5PUkEZi8PQ1NMrfNiz6vPLVFHjjzcZQ2OGnndlYzytWfeAqW\r\nmd5+XbcN7J2CXypJVagSy/cMRKzux+L6SDOrGaKVxh/ockUOwQ7M9E5xxzIjkbU0\r\ngvGJDJYTIRENglERrkhHpODLbQegtNlsNYj0IUWKjyRolsSEjGGbCorZB4QjipkG\r\nomBsLg0CxomHuzDnCESkpZIhHQSJIQbR4seheH7GMTRhxIqsO6cyg5RyzDj16VnV\r\n4jGxEP0OeH1SXHQ7KbJK01G3VMjNNFYgh0YcunJpxNcDB7ZyNMs63fKjmie91p6h\r\na1jmHqbW45SU/zXlYqOoY+w0rCqVtRAzzjU/JfPs+hHp9RXQ7Pjs9EsiFcMBFSGB\r\n+tZLiQ2WUKji4eHb+rM2kI4pj0S7lcKEbFmCy2X0/+NAZOQVSfU9euSgAIAAA0gB\r\nwAAAvQLUhKMWl9dXf7HYVfTun9Wo++N6E6WJoTJ3l8Vl0HUQGIUQoOejuSgLhwdL\r\nseiigwkFno4xAqd/4FQh4hDrVJEbCXOsJVgRV3YqrlDEzGk1cj88PCzjVveCi8H0\r\n9vmi5QyaaOT8CUP0lGs6gpdAAm0pf6cemYGToyERcAix2msnMzosrycd4ysZOBzu\r\nhHT/LVZ1WKB9RJTsfF6HVSatZxZ+P0XPntrGRiU3Hmsaaqlx0tyi5xFoN3NjW//j\r\nMGT0FL2nO3owZuaAAANIAAAAAJ2yxzIlX7fPUpbC2u1oeJa2acmf619mFxfqtYlt\r\nmQ7brbM5NIvjfzOuRza0Dc2aaWS513G1WNtFSL8vPI+s2ZnZLNdaWODFI7rMMTM7\r\nCWDwYeZkeiqlECG7m1G5LsycEzbkM0SElRRAUdXNxWFWENh84RIY0cViH1UTdJCv\r\nYCCjfVmWXOFTiP/jQGTVFFH7O3sww8qAAANIAAAAAFUYBEJjkjwXeyk2IyNOUGsh\r\nB0e19CkHGbshoXVPy2Ql4vLh43EzD1cxrr1UVDLV7TJWkxsPhbYZB25SomxUOxc3\r\njnWfXYpblpQtrr0frZmXIFm+9/pFzdnyjjglKBR3BOIlECMXlWO8lyWgQxKMtrwO\r\n8JphoyiTECHrq/bkv9fDPyKxv8t6tIeeL6ZffmKtR1Y03R0oITxxAjKzEIPIEQME\r\nyqyfgupNVcgg5aGlFZytCmQmRCyWlJCaTQv/4zBk7RUB8ztvJMPKgAADSAAAAABq\r\nxNQTHTqBMh4mk7lfpasDqyCzpNdBSKZcoJlOa+eSLMzvqteCSzt3ao2rSWVLJJEq\r\nOZ91FHHCKpeGpXKKQ8rWzN3ahuSJKQEyRjMg+vW7ZUz59JQc+v9fxewufr/7pmYl\r\nl9s3+6v3sXaeJ9FVwwAzjbbluu+/WY2TqO6+JsvheTURSeaFbEb/40BkzBYmBzdr\r\nPSZsgAADSAAAAAC9uE+iWCfRMbELcVC0LLHXuJVT0SWHZWbIUyHElUKN97iqFuOS\r\neJ7Sk5leavcyw6l+hhlzYWOrJJJpJSTavsp3slJoNRoJtJtm6K9/dZanjnKRns/o\r\npYMGQrs4yJNs3HqgoEQjmDVezCx1LQwePdbQcfCwTDFTGSS3BIzreLZlLh7vSaxp\r\n3E3MaUksy4ulvF9DLmBOlbIgIam0pbI7dWbzhTWFguCWZoQqaLMTYlAKNlh0k544\r\niSICqi70/+NAZNUV0fs9fzEofgAAA0gAAAAAQLjhKKRIV5zrrSPaufuQkvqQ0yS1\r\nZoVnVFRAldNoyJAEDQoRChJBGGvQyLdthhpKoRuriv8UUmgsnb0kPPlPGCDPSUJN\r\nR/XnGpSjX2qmpl7Kq6k72b6Uh4QsnmkQDqsGVoSk5Amxl7jtR0+VMo+o6KkZ7vuU\r\nE1ble1uyhONypiGqZuf1lMbee/O/8js5J7m3JRuOjaSSTQSSyyqyq2hU+4hxurPB\r\nB4JLOwUBLFpDLYEXiAQ4EBO08WjbFf/jQGThFx4HOX+mJACAAANIAUAAAJajyYjq\r\nNoGJ9CfhCEGBcBBxIuHmhQCyxTZE6FhcrTnoSUV8lg61tfLWxgiV0QmU8UOxbmGk\r\n2WIxR3lAUuV7rEeiCYfTkQqVhgRUSSDaNabIymkblDb5MjeNmqk2uv4zN+YJZW+i\r\nZS65h7mIyh8ZG6LstwfxlcgmWWz0QkT6NvBbvtPwjbsyxmbXbjgxx42mwe77QnIn\r\nIncj8ZyjDToq4FNffPNx2QOVJnbZWydr7ls7jkoaXNsSlMMRx17/43Bk4ykqCyEa\r\nzOAAAAADSAGAAAAzH6WA3ejdRsEtflgETmIcltBVj0Wd6Y7UlEhXJAbU2SyeXw1K\r\nol2CJ2UTM3NRS8/1NRxh5qty3Xq0N/OpWdqxXlkusWI9T8t0OMru0uNLuV0lND8X\r\no3Dktl+33l83K6eQwTGa0LxqlxSCS89SVRhUBYUTj4u6+IiIg4FKIoPAg+CnuuOz\r\naGX1RZZAGcACGuIworsoThTwGClrBU4FFJavGHFyFHFZzWB4AuanAhCthiw4El6l\r\ncKgr0Wat0v02YRsszW1B6X6q0hX8/SbYsAgsxJZDWWRvwKBnkGXAMFRosy3JCRLJ\r\nYtymXiwiG4Pkzd4yrEXIWsqOStQeGBpfKom37yUipsmuV3diFAy9sD5NEeROFYrS\r\nFzKOsFmJE0aGo1m6Tsw4plnDUql0DvvDseZxF4OfqHos8k+2C8tVrzI3Heh/YGS9\r\nf6CqWGbLAWosRiluZr2c+TbYqf/jcGTxKmILIx/MZAAAAANIAYAAALJrDkOJDs6+\r\nz0yaM1H7hidgh5qKkXg4ED3HsYDBM9Fon7hU113m+iVNKuSiCob1KpZTyjGgpX9i\r\nM6+8DPw/8Ue27GZynn4nLIYkv1Ynbi8jZLBst9843Ou880QfSNuTXlMKupIgbdcn\r\ntttxjkpWhZtChQocpEiDOLIpSlKSLEiRIkSJEpY4kSSciCpeZn0SJTMzjHEgERn9\r\nqokSIkSJGc8z5NIkUZmf//RxIkRCSMzMzPeZmZmfM56OJEpaq15IkdkiRIzP//qt\r\n8zVVRxIkkEgoLwKYCgoKGQgo4Ff+IKDDfxBXgoKK/wUFBTgUFBQZ/8Cnf///9BZM\r\nQU1FMy45OS41qqqqqqqqqqqqqqqqqqqqqqqqqqqqqqqqqqqqqqqqqqqqqqqqqqqq\r\nqqqqqqqqqqqqqqqqqqqqqqqqqqqqqqqqqqqqqqqqqqqqqqqqqqqqqqqqqqqqqqqq\r\n/+MwZPYSmUMlL+SYAIAAA0gBwAAAqqqqqqqqqqqqqqqqqqqqqqqqqqqqqqqqqqqq\r\nqqqqqqqqqqqqqqqqqqqqqqqqqqqqqqqqqqqqqqqqqqqqqqqqqqqqqqqqqqqqqqqq\r\nqqqqqqqqqqqqqqqqqqqqqqqqqqqqqqqqqqqqqqqqqqqqqqqqqqqqqqqqqqqqqqqq\r\nqqqqqqqqqqqqqqqq', 'http://192.168.2.96:8080/files/1545290185676/201812201516250.png,http://192.168.2.96:8080/files/1545290185692/201812201516251.png,http://192.168.2.96:8080/files/1545290185697/201812201516252.png,http://192.168.2.96:8080/files/1545290185705/201812201516253.png,http://192.168.2.96:8080/files/1545290185714/201812201516254.png,http://192.168.2.96:8080/files/1545290185723/201812201516255.png', '1074487974525190145', null, null, null, null, null, null, '1', '2018-12-20 15:16:26', '2018-12-20 15:16:26', '0');

-- ----------------------------
-- Table structure for ser_inquiry_match
-- ----------------------------
DROP TABLE IF EXISTS `ser_inquiry_match`;
CREATE TABLE `ser_inquiry_match` (
  `id` bigint(20) NOT NULL AUTO_INCREMENT COMMENT '编号',
  `pat_id` bigint(20) DEFAULT NULL COMMENT '患者编号',
  `doc_id` bigint(20) DEFAULT NULL COMMENT '医生编号',
  `inquiry_id` bigint(20) DEFAULT NULL COMMENT '问诊编号',
  `match_num` int(11) DEFAULT NULL COMMENT '匹配度',
  `gmt_create` datetime DEFAULT NULL COMMENT '创建时间',
  `is_del` tinyint(4) DEFAULT NULL COMMENT '删除状态 1 已删除 0 正常',
  PRIMARY KEY (`id`)
) ENGINE=InnoDB DEFAULT CHARSET=utf8mb4 COMMENT='会话历史';

-- ----------------------------
-- Records of ser_inquiry_match
-- ----------------------------

-- ----------------------------
-- Table structure for ser_registration
-- ----------------------------
DROP TABLE IF EXISTS `ser_registration`;
CREATE TABLE `ser_registration` (
  `id` bigint(20) NOT NULL AUTO_INCREMENT COMMENT '编号',
  `name` varchar(50) DEFAULT NULL COMMENT '名称',
  `gender` tinyint(4) DEFAULT NULL COMMENT '性别:1 男 2 女',
  `age` smallint(6) DEFAULT NULL COMMENT '年龄',
  `phone` varchar(20) DEFAULT NULL COMMENT '电话',
  `visit_time` date DEFAULT NULL COMMENT '挂号时间',
  `time_part` tinyint(4) DEFAULT NULL COMMENT '时间区间   0 上午 1 下午',
  `patient_id` bigint(20) DEFAULT NULL COMMENT '患者编号',
  `doctor_id` bigint(20) DEFAULT NULL COMMENT '医生编号',
  `schedule_id` bigint(20) DEFAULT NULL COMMENT '出诊时间表编号',
  `fee` decimal(10,2) DEFAULT NULL COMMENT '费用',
  `status` smallint(6) DEFAULT NULL COMMENT '状态 1 未支付 2 已支付',
  `gmt_create` datetime DEFAULT NULL COMMENT '创建时间',
  `gmt_modified` datetime DEFAULT NULL COMMENT '修改时间',
  `is_del` tinyint(4) DEFAULT NULL COMMENT '删除状态 1 已删除 0 正常',
  PRIMARY KEY (`id`)
) ENGINE=InnoDB AUTO_INCREMENT=1075243957669142530 DEFAULT CHARSET=utf8mb4 COMMENT='挂号';

-- ----------------------------
-- Records of ser_registration
-- ----------------------------
INSERT INTO `ser_registration` VALUES ('1074570494281281537', 'jared', '1', '20', '18502940483', '2018-12-18', '0', '1073470460110368769', '1', '1', '100.00', '2', '2018-12-17 15:42:25', '2018-12-17 15:42:25', '0');
INSERT INTO `ser_registration` VALUES ('1074571045203120130', 'jared', '1', '20', '18502940483', '2018-12-18', '0', '1073470460110368769', '1', '1', '100.00', '2', '2018-12-17 15:44:36', '2018-12-17 15:44:36', '0');
INSERT INTO `ser_registration` VALUES ('1074851153503653889', '牛逼', '1', '5', '15596679811', '2018-12-18', '0', '1074487974525190145', '1', '1', '100.00', '1', '2018-12-18 10:17:39', '2018-12-18 10:17:39', '0');
INSERT INTO `ser_registration` VALUES ('1074913163696181249', '李明', '1', '8', '15596679811', '2018-12-20', '0', '1074487974525190145', '1', '2', '100.00', '1', '2018-12-18 14:24:04', '2018-12-18 14:24:04', '0');
INSERT INTO `ser_registration` VALUES ('1074923320488534017', '牛奶', '1', '2', '15596679811', '2018-12-20', '0', '1074487974525190145', '1', '2', '100.00', '1', '2018-12-18 15:04:25', '2018-12-18 15:04:25', '0');
INSERT INTO `ser_registration` VALUES ('1074923876514832385', '李宁', '1', '5', '15596679811', '2019-01-02', '1', '1074487974525190145', '1', '3', '100.00', '1', '2018-12-18 15:06:38', '2018-12-18 15:06:38', '0');
INSERT INTO `ser_registration` VALUES ('1074925480022482946', '吉林', '1', '2', '15596679811', '2019-01-02', '0', '1074487974525190145', '1', '3', '100.00', '1', '2018-12-18 15:13:00', '2018-12-18 15:13:00', '0');
INSERT INTO `ser_registration` VALUES ('1074926664930127873', '警民', '1', '5', '15596679811', '2018-12-20', '0', '1074487974525190145', '1', '2', '100.00', '1', '2018-12-18 15:17:43', '2018-12-18 15:17:43', '0');
INSERT INTO `ser_registration` VALUES ('1074930328554041346', '明天', '0', '5', '15596679811', '2018-12-20', '0', '1074487974525190145', '1', '2', '100.00', '1', '2018-12-18 15:32:16', '2018-12-18 15:32:16', '0');
INSERT INTO `ser_registration` VALUES ('1074935658637729793', '哎哎', '1', '5', '15596679811', '2018-12-20', '0', '1074487974525190145', '1', '2', '100.00', '1', '2018-12-18 15:53:27', '2018-12-18 15:53:27', '0');
INSERT INTO `ser_registration` VALUES ('1074966923529281538', '小倩', '0', '3', '13666544567', '2018-12-18', '1', '1073503060334030850', '1', '1', '100.00', '1', '2018-12-18 17:57:41', '2018-12-18 17:57:41', '0');
INSERT INTO `ser_registration` VALUES ('1074972818254376961', '小虾', '0', '6', '13474370878', '2018-12-18', '1', '1073503060334030850', '1', '1', '100.00', '1', '2018-12-18 18:21:07', '2018-12-18 18:21:07', '0');
INSERT INTO `ser_registration` VALUES ('1075243957669142529', 'killing', '1', '6', '15596679811', '2018-12-20', '0', '1074487974525190145', '1', '2', '100.00', '1', '2018-12-19 12:18:31', '2018-12-19 12:18:31', '0');

-- ----------------------------
-- Table structure for ser_schedule
-- ----------------------------
DROP TABLE IF EXISTS `ser_schedule`;
CREATE TABLE `ser_schedule` (
  `id` bigint(20) NOT NULL AUTO_INCREMENT COMMENT '编号',
  `date` date DEFAULT NULL COMMENT '出诊日期',
  `morning_begin` time DEFAULT NULL COMMENT '上午开始时间',
  `monring_end` time DEFAULT NULL COMMENT '上午结束时间',
  `morning_total_num` smallint(6) DEFAULT NULL COMMENT '上午接诊人数',
  `morning_remain_num` smallint(6) DEFAULT NULL COMMENT '上午接诊剩余人数',
  `afternoon_begin` time DEFAULT NULL COMMENT '下午开始时间',
  `afternoon_end` time DEFAULT NULL COMMENT '下午结束时间',
  `afternoon_total_num` smallint(6) DEFAULT NULL COMMENT '下午接诊人数',
  `afternoon_remain_num` smallint(6) DEFAULT NULL COMMENT '下午接诊剩余人数',
  `doctor_id` bigint(20) DEFAULT NULL COMMENT '医生编号',
  `gmt_create` datetime DEFAULT NULL COMMENT '创建时间',
  `gmt_modified` datetime DEFAULT NULL COMMENT '修改时间',
  `is_del` tinyint(4) DEFAULT NULL COMMENT '删除状态 1 已删除 0 正常',
  PRIMARY KEY (`id`)
) ENGINE=InnoDB AUTO_INCREMENT=1075663884066562050 DEFAULT CHARSET=utf8mb4 COMMENT='出诊时间表';

-- ----------------------------
-- Records of ser_schedule
-- ----------------------------
INSERT INTO `ser_schedule` VALUES ('1', '2018-12-19', '08:00:00', '12:00:00', '20', '0', '13:00:00', '18:00:00', '30', '28', '1', '2018-12-17 10:33:06', '2018-12-18 18:21:06', '0');
INSERT INTO `ser_schedule` VALUES ('2', '2018-12-20', '08:00:00', '12:00:00', '20', '12', '13:00:00', '18:00:00', '30', '0', '1', '2018-12-17 10:33:06', '2018-12-19 12:18:31', '0');
INSERT INTO `ser_schedule` VALUES ('3', '2019-01-02', '08:00:00', '12:00:00', '20', '17', '13:00:00', '18:00:00', '30', '29', '1', '2018-12-17 10:33:06', '2018-12-18 15:13:00', '0');
INSERT INTO `ser_schedule` VALUES ('1075325757716176898', '2018-12-24', '08:00:00', '12:00:00', '20', '20', '14:00:00', '19:00:00', '20', '20', null, '2018-12-19 17:43:34', '2018-12-19 17:43:34', '0');
INSERT INTO `ser_schedule` VALUES ('1075325757867171841', '2018-12-24', '08:00:00', '12:00:00', '20', '20', '14:00:00', '19:00:00', '20', '20', null, '2018-12-19 17:43:34', '2018-12-19 17:43:34', '0');
INSERT INTO `ser_schedule` VALUES ('1075327263844610049', '2018-12-12', null, null, null, null, '07:00:00', '12:00:00', '30', '30', '1075318232237264898', '2018-12-19 17:49:33', '2018-12-19 17:49:33', '0');
INSERT INTO `ser_schedule` VALUES ('1075327263865581570', '2018-12-13', null, null, null, null, '07:00:00', '12:00:00', '30', '30', '1075318232237264898', '2018-12-19 17:49:33', '2018-12-19 17:49:33', '0');
INSERT INTO `ser_schedule` VALUES ('1075327263873970178', '2018-12-14', null, null, null, null, '07:00:00', '12:00:00', '30', '30', '1075318232237264898', '2018-12-19 17:49:33', '2018-12-19 17:49:33', '0');
INSERT INTO `ser_schedule` VALUES ('1075327263878164482', '2018-12-15', null, null, null, null, '07:00:00', '12:00:00', '30', '30', '1075318232237264898', '2018-12-19 17:49:33', '2018-12-19 17:49:33', '0');
INSERT INTO `ser_schedule` VALUES ('1075327263882358786', '2018-12-16', null, null, null, null, '07:00:00', '12:00:00', '30', '30', '1075318232237264898', '2018-12-19 17:49:33', '2018-12-19 17:49:33', '0');
INSERT INTO `ser_schedule` VALUES ('1075327723771015169', '2018-12-18', null, null, null, null, '05:00:00', '12:00:00', '10', '10', '1075318232237264898', '2018-12-19 17:51:23', '2018-12-19 17:51:23', '0');
INSERT INTO `ser_schedule` VALUES ('1075328363238797314', '2018-12-25', '07:00:00', '12:00:00', '40', '40', null, null, null, null, '1075318232237264898', '2018-12-19 17:53:55', '2018-12-19 17:53:55', '0');
INSERT INTO `ser_schedule` VALUES ('1075328363259768833', '2018-12-28', '07:00:00', '12:00:00', '40', '40', null, null, null, null, '1075318232237264898', '2018-12-19 17:53:55', '2018-12-19 17:53:55', '0');
INSERT INTO `ser_schedule` VALUES ('1075663884058173441', '2018-12-24', '09:00:00', '11:30:00', '18', '18', '14:30:00', '17:30:00', '10', '10', '1075318232237264898', '2018-12-20 16:07:09', '2018-12-20 16:07:09', '0');
INSERT INTO `ser_schedule` VALUES ('1075663884066562049', '2018-12-28', '09:00:00', '11:30:00', '18', '18', '14:30:00', '17:30:00', '10', '10', '1075318232237264898', '2018-12-20 16:07:09', '2018-12-20 16:07:09', '0');

-- ----------------------------
-- Table structure for ser_session
-- ----------------------------
DROP TABLE IF EXISTS `ser_session`;
CREATE TABLE `ser_session` (
  `id` bigint(20) NOT NULL AUTO_INCREMENT COMMENT '编号',
  `pat_id` bigint(20) DEFAULT NULL COMMENT '患者编号',
  `doc_id` bigint(20) DEFAULT NULL COMMENT '医生编号',
  `record` varchar(50) DEFAULT NULL COMMENT '聊天记录',
  `gmt_create` datetime DEFAULT NULL COMMENT '创建时间',
  `is_del` tinyint(4) DEFAULT NULL COMMENT '删除状态 1 已删除 0 正常',
  PRIMARY KEY (`id`)
) ENGINE=InnoDB DEFAULT CHARSET=utf8mb4 COMMENT='会话历史';

-- ----------------------------
-- Records of ser_session
-- ----------------------------

-- ----------------------------
-- Table structure for sys_captcha
-- ----------------------------
DROP TABLE IF EXISTS `sys_captcha`;
CREATE TABLE `sys_captcha` (
  `uuid` char(36) NOT NULL COMMENT 'uuid',
  `code` varchar(6) NOT NULL COMMENT '验证码',
  `expire_time` datetime DEFAULT NULL COMMENT '过期时间',
  PRIMARY KEY (`uuid`)
) ENGINE=InnoDB DEFAULT CHARSET=utf8 COMMENT='系统验证码';

-- ----------------------------
-- Records of sys_captcha
-- ----------------------------
INSERT INTO `sys_captcha` VALUES ('1b5835e30aee15347344ea4ee19b1968', '123456', '2018-12-18 11:25:10');
INSERT INTO `sys_captcha` VALUES ('1ee2550d6bc20ba0f34ffa0cdf8b5c3a', '123456', '2018-12-18 16:29:57');
INSERT INTO `sys_captcha` VALUES ('3d2d661e4224b95506b9cdf752a96dfa', '123456', '2018-12-18 16:30:15');
INSERT INTO `sys_captcha` VALUES ('46e199927ffab5c94dbd6ed8e87174bd', '123456', '2018-12-19 16:20:55');
INSERT INTO `sys_captcha` VALUES ('4ab01b645512ce96d89e26e5c4021c75', '123456', '2018-12-14 16:58:17');
INSERT INTO `sys_captcha` VALUES ('58dd371463b0b8c8d9baf6bae4341942', '123456', '2018-12-19 18:17:21');
INSERT INTO `sys_captcha` VALUES ('5d88d3f9faf1cfe5e275f93a225d047a', '123456', '2018-12-18 18:06:07');
INSERT INTO `sys_captcha` VALUES ('5d9903b9ced2332f51e786d6c9ad650a', '123456', '2018-12-17 10:15:12');
INSERT INTO `sys_captcha` VALUES ('6857628ce77567c361e9734361918d2f', '123456', '2018-12-19 09:21:00');
INSERT INTO `sys_captcha` VALUES ('69bf571944e35a389bcd2ceb73970242', '123456', '2018-12-14 16:32:36');
INSERT INTO `sys_captcha` VALUES ('6fd37900224b46eed86a38d4446557fa', '123456', '2018-12-19 17:08:02');
INSERT INTO `sys_captcha` VALUES ('7773378d672600c412c682746662c7dc', '123456', '2018-12-17 09:26:16');
INSERT INTO `sys_captcha` VALUES ('7895b7f61e0d2b34a6b8f9741344132a', '123456', '2018-12-20 17:30:30');
INSERT INTO `sys_captcha` VALUES ('79e53583fa55bae5c476ebd1f9da61d6', '123456', '2018-12-14 16:35:20');
INSERT INTO `sys_captcha` VALUES ('893070a29939fc68cc130d5ee917ad0f', '123456', '2018-12-14 16:37:37');
INSERT INTO `sys_captcha` VALUES ('918611dc574ae1eed388cf04b007f414', '123456', '2018-12-18 17:59:43');
INSERT INTO `sys_captcha` VALUES ('9fb34f46a09ec36cd9f806fa3250a6b5', '123456', '2018-12-14 16:29:49');
INSERT INTO `sys_captcha` VALUES ('a6b1b8f1ff2d636f6d749933dfa184a6', '123456', '2018-12-18 16:30:14');
INSERT INTO `sys_captcha` VALUES ('c8322868451dc3652e02b7bc400019b4', '123456', '2018-12-14 16:40:23');
INSERT INTO `sys_captcha` VALUES ('c8c4891b67af89760816ea53ee194374', '123456', '2018-12-18 18:16:49');
INSERT INTO `sys_captcha` VALUES ('cfe28b74cf5406c958c2d7523e30e61a', '123456', '2018-12-17 09:42:53');
INSERT INTO `sys_captcha` VALUES ('d2836087e536a129944fba5ac1480d2c', '123456', '2018-12-18 16:30:16');
INSERT INTO `sys_captcha` VALUES ('d3a5c4cd63cc704eb2e399260e629c18', '123456', '2018-12-18 16:30:15');
INSERT INTO `sys_captcha` VALUES ('d721e781365cc5c46e9cb18276b46790', '123456', '2018-12-18 15:42:42');
INSERT INTO `sys_captcha` VALUES ('fa00648d91f3f67730927446ead91aad', '123456', '2018-12-19 16:22:28');

-- ----------------------------
-- Table structure for sys_config
-- ----------------------------
DROP TABLE IF EXISTS `sys_config`;
CREATE TABLE `sys_config` (
  `id` bigint(20) NOT NULL AUTO_INCREMENT,
  `param_key` varchar(50) DEFAULT NULL COMMENT 'key',
  `param_value` varchar(2000) DEFAULT NULL COMMENT 'value',
  `status` tinyint(4) DEFAULT '1' COMMENT '状态   0：隐藏   1：显示',
  `remark` varchar(500) DEFAULT NULL COMMENT '备注',
  PRIMARY KEY (`id`),
  UNIQUE KEY `param_key` (`param_key`)
) ENGINE=InnoDB AUTO_INCREMENT=2 DEFAULT CHARSET=utf8 COMMENT='系统配置信息表';

-- ----------------------------
-- Records of sys_config
-- ----------------------------
INSERT INTO `sys_config` VALUES ('1', 'CLOUD_STORAGE_CONFIG_KEY', '{\"aliyunAccessKeyId\":\"\",\"aliyunAccessKeySecret\":\"\",\"aliyunBucketName\":\"\",\"aliyunDomain\":\"\",\"aliyunEndPoint\":\"\",\"aliyunPrefix\":\"\",\"qcloudBucketName\":\"\",\"qcloudDomain\":\"\",\"qcloudPrefix\":\"\",\"qcloudSecretId\":\"\",\"qcloudSecretKey\":\"\",\"qiniuAccessKey\":\"NrgMfABZxWLo5B-YYSjoE8-AZ1EISdi1Z3ubLOeZ\",\"qiniuBucketName\":\"ios-app\",\"qiniuDomain\":\"http://7xqbwh.dl1.z0.glb.clouddn.com\",\"qiniuPrefix\":\"upload\",\"qiniuSecretKey\":\"uIwJHevMRWU0VLxFvgy0tAcOdGqasdtVlJkdy6vV\",\"type\":1}', '0', '云存储配置信息');

-- ----------------------------
-- Table structure for sys_log
-- ----------------------------
DROP TABLE IF EXISTS `sys_log`;
CREATE TABLE `sys_log` (
  `id` bigint(20) NOT NULL AUTO_INCREMENT,
  `username` varchar(50) DEFAULT NULL COMMENT '用户名',
  `operation` varchar(50) DEFAULT NULL COMMENT '用户操作',
  `method` varchar(200) DEFAULT NULL COMMENT '请求方法',
  `params` varchar(5000) DEFAULT NULL COMMENT '请求参数',
  `time` bigint(20) NOT NULL COMMENT '执行时长(毫秒)',
  `ip` varchar(64) DEFAULT NULL COMMENT 'IP地址',
  `create_date` datetime DEFAULT NULL COMMENT '创建时间',
  PRIMARY KEY (`id`)
) ENGINE=InnoDB DEFAULT CHARSET=utf8 COMMENT='系统日志';

-- ----------------------------
-- Records of sys_log
-- ----------------------------

-- ----------------------------
-- Table structure for sys_menu
-- ----------------------------
DROP TABLE IF EXISTS `sys_menu`;
CREATE TABLE `sys_menu` (
  `menu_id` bigint(20) NOT NULL AUTO_INCREMENT,
  `parent_id` bigint(20) DEFAULT NULL COMMENT '父菜单ID，一级菜单为0',
  `name` varchar(50) DEFAULT NULL COMMENT '菜单名称',
  `url` varchar(200) DEFAULT NULL COMMENT '菜单URL',
  `perms` varchar(500) DEFAULT NULL COMMENT '授权(多个用逗号分隔，如：user:list,user:create)',
  `type` int(11) DEFAULT NULL COMMENT '类型   0：目录   1：菜单   2：按钮',
  `icon` varchar(50) DEFAULT NULL COMMENT '菜单图标',
  `order_num` int(11) DEFAULT NULL COMMENT '排序',
  PRIMARY KEY (`menu_id`)
) ENGINE=InnoDB AUTO_INCREMENT=31 DEFAULT CHARSET=utf8 COMMENT='菜单管理';

-- ----------------------------
-- Records of sys_menu
-- ----------------------------
INSERT INTO `sys_menu` VALUES ('1', '0', '系统管理', null, null, '0', 'system', '0');
INSERT INTO `sys_menu` VALUES ('2', '1', '管理员列表', 'sys/user', null, '1', 'admin', '1');
INSERT INTO `sys_menu` VALUES ('3', '1', '角色管理', 'sys/role', null, '1', 'role', '2');
INSERT INTO `sys_menu` VALUES ('4', '1', '菜单管理', 'sys/menu', null, '1', 'menu', '3');
INSERT INTO `sys_menu` VALUES ('5', '1', 'SQL监控', 'http://localhost:8080/renren-fast/druid/sql.html', null, '1', 'sql', '4');
INSERT INTO `sys_menu` VALUES ('6', '1', '定时任务', 'job/schedule', null, '1', 'job', '5');
INSERT INTO `sys_menu` VALUES ('7', '6', '查看', null, 'sys:schedule:list,sys:schedule:info', '2', null, '0');
INSERT INTO `sys_menu` VALUES ('8', '6', '新增', null, 'sys:schedule:save', '2', null, '0');
INSERT INTO `sys_menu` VALUES ('9', '6', '修改', null, 'sys:schedule:update', '2', null, '0');
INSERT INTO `sys_menu` VALUES ('10', '6', '删除', null, 'sys:schedule:delete', '2', null, '0');
INSERT INTO `sys_menu` VALUES ('11', '6', '暂停', null, 'sys:schedule:pause', '2', null, '0');
INSERT INTO `sys_menu` VALUES ('12', '6', '恢复', null, 'sys:schedule:resume', '2', null, '0');
INSERT INTO `sys_menu` VALUES ('13', '6', '立即执行', null, 'sys:schedule:run', '2', null, '0');
INSERT INTO `sys_menu` VALUES ('14', '6', '日志列表', null, 'sys:schedule:log', '2', null, '0');
INSERT INTO `sys_menu` VALUES ('15', '2', '查看', null, 'sys:user:list,sys:user:info', '2', null, '0');
INSERT INTO `sys_menu` VALUES ('16', '2', '新增', null, 'sys:user:save,sys:role:select', '2', null, '0');
INSERT INTO `sys_menu` VALUES ('17', '2', '修改', null, 'sys:user:update,sys:role:select', '2', null, '0');
INSERT INTO `sys_menu` VALUES ('18', '2', '删除', null, 'sys:user:delete', '2', null, '0');
INSERT INTO `sys_menu` VALUES ('19', '3', '查看', null, 'sys:role:list,sys:role:info', '2', null, '0');
INSERT INTO `sys_menu` VALUES ('20', '3', '新增', null, 'sys:role:save,sys:menu:list', '2', null, '0');
INSERT INTO `sys_menu` VALUES ('21', '3', '修改', null, 'sys:role:update,sys:menu:list', '2', null, '0');
INSERT INTO `sys_menu` VALUES ('22', '3', '删除', null, 'sys:role:delete', '2', null, '0');
INSERT INTO `sys_menu` VALUES ('23', '4', '查看', null, 'sys:menu:list,sys:menu:info', '2', null, '0');
INSERT INTO `sys_menu` VALUES ('24', '4', '新增', null, 'sys:menu:save,sys:menu:select', '2', null, '0');
INSERT INTO `sys_menu` VALUES ('25', '4', '修改', null, 'sys:menu:update,sys:menu:select', '2', null, '0');
INSERT INTO `sys_menu` VALUES ('26', '4', '删除', null, 'sys:menu:delete', '2', null, '0');
INSERT INTO `sys_menu` VALUES ('27', '1', '参数管理', 'sys/config', 'sys:config:list,sys:config:info,sys:config:save,sys:config:update,sys:config:delete', '1', 'config', '6');
INSERT INTO `sys_menu` VALUES ('29', '1', '系统日志', 'sys/log', 'sys:log:list', '1', 'log', '7');
INSERT INTO `sys_menu` VALUES ('30', '1', '文件上传', 'oss/oss', 'sys:oss:all', '1', 'oss', '6');

-- ----------------------------
-- Table structure for sys_oss
-- ----------------------------
DROP TABLE IF EXISTS `sys_oss`;
CREATE TABLE `sys_oss` (
  `id` bigint(20) NOT NULL AUTO_INCREMENT,
  `url` varchar(200) DEFAULT NULL COMMENT 'URL地址',
  `create_date` datetime DEFAULT NULL COMMENT '创建时间',
  PRIMARY KEY (`id`)
) ENGINE=InnoDB DEFAULT CHARSET=utf8 COMMENT='文件上传';

-- ----------------------------
-- Records of sys_oss
-- ----------------------------

-- ----------------------------
-- Table structure for sys_role
-- ----------------------------
DROP TABLE IF EXISTS `sys_role`;
CREATE TABLE `sys_role` (
  `role_id` bigint(20) NOT NULL AUTO_INCREMENT,
  `role_name` varchar(100) DEFAULT NULL COMMENT '角色名称',
  `remark` varchar(100) DEFAULT NULL COMMENT '备注',
  `create_user_id` bigint(20) DEFAULT NULL COMMENT '创建者ID',
  `create_time` datetime DEFAULT NULL COMMENT '创建时间',
  PRIMARY KEY (`role_id`)
) ENGINE=InnoDB DEFAULT CHARSET=utf8 COMMENT='角色';

-- ----------------------------
-- Records of sys_role
-- ----------------------------

-- ----------------------------
-- Table structure for sys_role_menu
-- ----------------------------
DROP TABLE IF EXISTS `sys_role_menu`;
CREATE TABLE `sys_role_menu` (
  `id` bigint(20) NOT NULL AUTO_INCREMENT,
  `role_id` bigint(20) DEFAULT NULL COMMENT '角色ID',
  `menu_id` bigint(20) DEFAULT NULL COMMENT '菜单ID',
  PRIMARY KEY (`id`)
) ENGINE=InnoDB DEFAULT CHARSET=utf8 COMMENT='角色与菜单对应关系';

-- ----------------------------
-- Records of sys_role_menu
-- ----------------------------

-- ----------------------------
-- Table structure for sys_user
-- ----------------------------
DROP TABLE IF EXISTS `sys_user`;
CREATE TABLE `sys_user` (
  `user_id` bigint(20) NOT NULL AUTO_INCREMENT,
  `username` varchar(50) NOT NULL COMMENT '用户名',
  `password` varchar(100) DEFAULT NULL COMMENT '密码',
  `salt` varchar(20) DEFAULT NULL COMMENT '盐',
  `email` varchar(100) DEFAULT NULL COMMENT '邮箱',
  `mobile` varchar(100) DEFAULT NULL COMMENT '手机号',
  `status` tinyint(4) DEFAULT NULL COMMENT '状态  0：禁用   1：正常',
  `create_user_id` bigint(20) DEFAULT NULL COMMENT '创建者ID',
  `create_time` datetime DEFAULT NULL COMMENT '创建时间',
  PRIMARY KEY (`user_id`),
  UNIQUE KEY `username` (`username`)
) ENGINE=InnoDB AUTO_INCREMENT=2 DEFAULT CHARSET=utf8 COMMENT='系统用户';

-- ----------------------------
-- Records of sys_user
-- ----------------------------
INSERT INTO `sys_user` VALUES ('1', 'admin', '9ec9750e709431dad22365cabc5c625482e574c74adaebba7dd02f1129e4ce1d', 'YzcmCZNvbXocrsz9dm8e', 'root@renren.io', '13612345678', '1', '1', '2016-11-11 11:11:11');

-- ----------------------------
-- Table structure for sys_user_role
-- ----------------------------
DROP TABLE IF EXISTS `sys_user_role`;
CREATE TABLE `sys_user_role` (
  `id` bigint(20) NOT NULL AUTO_INCREMENT,
  `user_id` bigint(20) DEFAULT NULL COMMENT '用户ID',
  `role_id` bigint(20) DEFAULT NULL COMMENT '角色ID',
  PRIMARY KEY (`id`)
) ENGINE=InnoDB DEFAULT CHARSET=utf8 COMMENT='用户与角色对应关系';

-- ----------------------------
-- Records of sys_user_role
-- ----------------------------

-- ----------------------------
-- Table structure for sys_user_token
-- ----------------------------
DROP TABLE IF EXISTS `sys_user_token`;
CREATE TABLE `sys_user_token` (
  `user_id` bigint(20) NOT NULL,
  `token` varchar(100) NOT NULL COMMENT 'token',
  `expire_time` datetime DEFAULT NULL COMMENT '过期时间',
  `update_time` datetime DEFAULT NULL COMMENT '更新时间',
  PRIMARY KEY (`user_id`),
  UNIQUE KEY `token` (`token`)
) ENGINE=InnoDB DEFAULT CHARSET=utf8 COMMENT='系统用户Token';

-- ----------------------------
-- Records of sys_user_token
-- ----------------------------

-- ----------------------------
-- Table structure for us_account
-- ----------------------------
DROP TABLE IF EXISTS `us_account`;
CREATE TABLE `us_account` (
  `id` bigint(20) NOT NULL AUTO_INCREMENT COMMENT '编号',
  `account` varchar(20) DEFAULT NULL COMMENT '账号',
  `pwd` char(64) DEFAULT NULL COMMENT '密码',
  `salt` char(50) DEFAULT NULL COMMENT '盐',
  `type` smallint(6) DEFAULT NULL COMMENT '账户类型:1 医生 2 患者',
  `s_id` bigint(20) DEFAULT NULL COMMENT '账户主体编号',
  `s_name` varchar(10) DEFAULT NULL COMMENT '账户主体名称',
  `status` smallint(6) DEFAULT NULL COMMENT '账户状态 1 待激活 2 正常 3 冻结',
  `gmt_create` datetime DEFAULT NULL COMMENT '创建时间',
  `gmt_modified` datetime DEFAULT NULL COMMENT '修改时间',
  `is_del` tinyint(4) DEFAULT NULL COMMENT '删除状态 1 已删除 0 正常',
  PRIMARY KEY (`id`)
) ENGINE=InnoDB AUTO_INCREMENT=1075336264825286658 DEFAULT CHARSET=utf8mb4 COMMENT='账号';

-- ----------------------------
-- Records of us_account
-- ----------------------------
INSERT INTO `us_account` VALUES ('1073468382713589761', '18502940483', null, null, '2', '1073468382675841026', null, '2', '2018-12-14 14:43:01', '2018-12-14 14:43:01', '1');
INSERT INTO `us_account` VALUES ('1073470460164894722', '18502940483', null, null, '2', '1073470460110368769', null, '2', '2018-12-14 14:51:16', '2018-12-14 14:51:16', '0');
INSERT INTO `us_account` VALUES ('1073498376647028738', '12312123123', null, null, '2', '1073498376609280002', null, '2', '2018-12-14 16:42:12', '2018-12-14 16:42:12', '0');
INSERT INTO `us_account` VALUES ('1073503060342419458', '13474370876', null, null, '2', '1073503060334030850', null, '2', '2018-12-14 17:00:49', '2018-12-14 17:00:49', '0');
INSERT INTO `us_account` VALUES ('1074487974562938881', '15596679811', null, null, '2', '1074487974525190145', null, '2', '2018-12-17 10:14:31', '2018-12-17 10:14:31', '0');
INSERT INTO `us_account` VALUES ('1074945565789331457', '18502940484', null, null, '1', '1074945507131990017', null, '1', '2018-12-18 16:32:49', '2018-12-18 16:32:49', '0');
INSERT INTO `us_account` VALUES ('1075200406411325441', '15596679811', null, null, '1', '1075200406356799490', null, '2', '2018-12-19 09:25:28', '2018-12-19 09:25:28', '0');
INSERT INTO `us_account` VALUES ('1075318232312762370', '13474370876', null, null, '1', '1075318232237264898', null, '2', '2018-12-19 17:13:40', '2018-12-19 17:13:40', '0');
INSERT INTO `us_account` VALUES ('1075336264825286657', '18502940483', null, null, '1', '1075336264762372097', null, '2', '2018-12-19 18:25:19', '2018-12-19 18:25:19', '0');

-- ----------------------------
-- Table structure for us_doctor
-- ----------------------------
DROP TABLE IF EXISTS `us_doctor`;
CREATE TABLE `us_doctor` (
  `id` bigint(20) NOT NULL AUTO_INCREMENT COMMENT '编号',
  `name` varchar(50) DEFAULT NULL COMMENT '名称',
  `gender` tinyint(4) DEFAULT NULL COMMENT '性别:1 男 0 女',
  `off_id` bigint(20) DEFAULT NULL COMMENT '科室编号',
  `off_name` varchar(50) DEFAULT NULL COMMENT '科室名称',
  `position_id` bigint(20) DEFAULT NULL COMMENT '职位编号',
  `position_name` varchar(100) DEFAULT NULL COMMENT '职位名称',
  `hos_id` bigint(20) DEFAULT NULL COMMENT '医院编号',
  `hos_name` varchar(100) DEFAULT NULL COMMENT '医院名称',
  `photo` varchar(400) DEFAULT NULL COMMENT '个人照片',
  `physician_licence` varchar(150) DEFAULT NULL COMMENT '医师资格证',
  `identity_card` varchar(300) DEFAULT NULL COMMENT '身份证 正反以,分割',
  `major` varchar(100) DEFAULT NULL COMMENT '主治',
  `experience` varchar(500) DEFAULT NULL COMMENT '治疗经历',
  `registration_fee` decimal(10,2) DEFAULT NULL COMMENT '挂号费',
  `appointment_num` smallint(6) DEFAULT NULL COMMENT '预约数量',
  `status` smallint(6) DEFAULT NULL COMMENT '状态 1 未审核 2 审核',
  `gmt_create` datetime DEFAULT NULL COMMENT '创建时间',
  `gmt_modified` datetime DEFAULT NULL COMMENT '修改时间',
  `is_del` tinyint(4) DEFAULT NULL COMMENT '删除状态 1 已删除 0 正常',
  PRIMARY KEY (`id`)
) ENGINE=InnoDB AUTO_INCREMENT=1075336264762372098 DEFAULT CHARSET=utf8mb4 COMMENT='医生';

-- ----------------------------
-- Records of us_doctor
-- ----------------------------
INSERT INTO `us_doctor` VALUES ('1', '李方华', '1', '1', '血液科', '14', '主任医师', '1', '西京医院', '/files/', '/physician_licence', '610202197311031346', '血癌', '治疗过癌症', '100.00', '12', '2', '2018-12-14 17:17:39', '2018-12-19 12:18:31', '0');
INSERT INTO `us_doctor` VALUES ('1074945507131990017', '赵冬冬', '1', '1', '血液科', '1', '睡眠增加', '1', '西京医院', 'http://192.168.2.92:8080/2135315.jpg', 'http://192.168.2.92:8080/2135315.jpg', 'http://192.168.2.92:8080/2135315.jpg,http://192.168.2.92:8080/2135315.jpg', null, null, '10.00', null, '2', '2018-12-18 16:32:35', '2018-12-18 16:32:35', '0');
INSERT INTO `us_doctor` VALUES ('1075200406356799490', '李宁', '1', '1', '血液科', '11', '住院医师', '1', '西京医院', 'http://192.168.2.96:8080/files/1545182727718/201812190925260.png/jpeg', 'http://192.168.2.96:8080/files/1545182727734/201812190925261.png/jpeg', 'http://192.168.2.96:8080/files/1545182727748/201812190925262.png/jpeg,http://192.168.2.96:8080/files/1545182727755/201812190925263.png/jpeg', null, null, '500.00', null, '2', '2018-12-19 09:25:28', '2018-12-19 09:25:28', '0');
INSERT INTO `us_doctor` VALUES ('1075308390965637121', '白衣一', '1', '2', '骨科', '12', '主治医师', '1', '西京医院', 'http://192.168.2.96:8080/files/1545208473088/1545208451172848.webp', 'http://192.168.2.96:8080/files/1545208473095/1545208439690599.webp', 'http://192.168.2.96:8080/files/1545208473101/1545208423710303.jpg,http://192.168.2.96:8080/files/1545208473107/1545208399136902.webp', null, null, '100.00', null, '2', '2018-12-19 16:34:33', '2018-12-19 16:34:33', '0');
INSERT INTO `us_doctor` VALUES ('1075318232237264898', '路易斯', '0', '1', '血液科', '11', '住院医师', '1', '西京医院', 'http://192.168.2.96:8080/files/1545210819404/1545210759698957.webp', 'http://192.168.2.96:8080/files/1545210819411/1545210770762297.jpg', 'http://192.168.2.96:8080/files/1545210819420/1545210782996124.webp,http://192.168.2.96:8080/files/1545210819425/1545210791894760.webp', null, null, '99.00', null, '2', '2018-12-19 17:13:40', '2018-12-19 17:13:40', '0');
INSERT INTO `us_doctor` VALUES ('1075336264762372097', '赵冬冬', '1', '1', '血液科', '1', '意识', '1', 'string', '/16516', 'fsdf53156', '13213513', null, null, '10.00', null, '2', '2018-12-19 18:25:19', '2018-12-19 18:25:19', '0');

-- ----------------------------
-- Table structure for us_patient
-- ----------------------------
DROP TABLE IF EXISTS `us_patient`;
CREATE TABLE `us_patient` (
  `id` bigint(20) NOT NULL AUTO_INCREMENT COMMENT '编号',
  `name` varchar(50) DEFAULT NULL COMMENT '名称',
  `gender` tinyint(4) DEFAULT NULL COMMENT '性别:1 男 0 女',
  `photo` varchar(200) DEFAULT NULL COMMENT '个人照片',
  `gmt_create` datetime DEFAULT NULL COMMENT '创建时间',
  `gmt_modified` datetime DEFAULT NULL COMMENT '修改时间',
  `is_del` tinyint(4) DEFAULT NULL COMMENT '删除状态 1 已删除 0 正常',
  PRIMARY KEY (`id`)
) ENGINE=InnoDB AUTO_INCREMENT=1074487974525190146 DEFAULT CHARSET=utf8mb4 COMMENT='患者';

-- ----------------------------
-- Records of us_patient
-- ----------------------------
INSERT INTO `us_patient` VALUES ('1073468382675841026', null, null, null, '2018-12-14 14:43:01', '2018-12-14 14:43:01', '0');
INSERT INTO `us_patient` VALUES ('1073470460110368769', null, null, '132132', '2018-12-14 14:51:16', '2018-12-17 17:26:59', '0');
INSERT INTO `us_patient` VALUES ('1073498376609280002', null, null, null, '2018-12-14 16:42:12', '2018-12-14 16:42:12', '0');
INSERT INTO `us_patient` VALUES ('1073503060334030850', null, null, 'http://192.168.2.96:8080/files/1545128619935/1545128617323236.jpg', '2018-12-14 17:00:49', '2018-12-18 18:23:40', '0');
INSERT INTO `us_patient` VALUES ('1074487974525190145', null, null, 'http://192.168.2.96:8080/files/1545200199736/201812191416350.png', '2018-12-17 10:14:31', '2018-12-19 14:16:40', '0');

-- ----------------------------
-- Table structure for us_token
-- ----------------------------
DROP TABLE IF EXISTS `us_token`;
CREATE TABLE `us_token` (
  `id` bigint(20) NOT NULL AUTO_INCREMENT COMMENT '编号',
  `token` varchar(32) DEFAULT NULL COMMENT 'token',
  `account_id` bigint(20) DEFAULT NULL COMMENT '用户账号',
  `expire_time` timestamp NULL DEFAULT NULL COMMENT '过期时间',
  `last_time` timestamp NULL DEFAULT NULL COMMENT '最后访问时间',
  PRIMARY KEY (`id`)
) ENGINE=InnoDB AUTO_INCREMENT=1075692100399398914 DEFAULT CHARSET=utf8mb4;

-- ----------------------------
-- Records of us_token
-- ----------------------------
INSERT INTO `us_token` VALUES ('1073468382776504322', 'c440465948f7aa7bb961f5c56d85bb80', '1073468382713589761', '2018-12-29 14:45:42', '2018-12-14 14:45:42');
INSERT INTO `us_token` VALUES ('1073498376680583169', '44d5de6ea036ec7026875089de452262', '1073498376647028738', '2019-01-03 14:32:58', '2018-12-19 14:32:58');
INSERT INTO `us_token` VALUES ('1074561493833416706', '59eeb9f737f27fe84bb0b72e089e6fdc', '1073470460164894722', '2019-01-04 17:17:17', '2018-12-20 17:17:17');
INSERT INTO `us_token` VALUES ('1074970605863915521', 'feb7c68a579d945f3af4facd0c1bbcd7', '1073503060342419458', '2019-01-04 17:17:34', '2018-12-20 17:17:34');
INSERT INTO `us_token` VALUES ('1075243874559008770', '5178c72892b6fa19eaa041e5ffb87ec6', '1074487974562938881', '2019-01-04 15:27:54', '2018-12-20 15:27:54');
INSERT INTO `us_token` VALUES ('1075338303600857090', '95656957818403eebd884d26794c9fa6', '1075318232312762370', '2019-01-04 17:59:09', '2018-12-20 17:59:09');
INSERT INTO `us_token` VALUES ('1075581455003897858', '31c8136e57b3d6bd8cd104950dc1f604', '1075336264825286657', '2019-01-04 17:57:18', '2018-12-20 17:57:18');
INSERT INTO `us_token` VALUES ('1075692100399398913', '50257b533fc4a21216c7aedae31a37fe', '1075200406411325441', '2019-01-04 18:17:20', '2018-12-20 18:17:20');
